"","publication_id","dataset_id","citation","url"
"1",158,"doi:10.7281/T10Z715B","Scott, A., Zaitchik, B., Waugh, D., O'Meara, K. 2017. Intra-Urban temperature variability in Baltimore. Journal of Applied Meteorology and Climatology, 56(1): 159-171.","http://dx.doi.org/10.1175/JAMC-D-16-0232.1"
"2",7,"doi:10.7281/T15Q4T12","Ankarali, M. M., Sefati, S., Madhav, M. S., Long, A., Bastian, A. J.,and Cowan, N. J. (2015). Walking dynamics are symmetric (enough). J. R. Soc. Interface 12: 20150209.","https://doi.org/10.1098/rsif.2015.0209"
"3",123,"doi:10.7281/T1J10120","Morgan, Stephen L. and Joel A. Pally. ""Ferguson, Gray, and Davis: An Analysis of Recorded Crime Incidents and Arrests in Baltimore City, March 2010 through December 2015."" A Report Prepared for the 21st Century Cities Initiative at Johns Hopkins University. Baltimore, MD: Johns Hopkins University, 2016.","http://socweb.soc.jhu.edu/faculty/morgan/papers/MorganPally2016.pdf"
"4",127,"doi:10.7281/T19G5JRC","Munos M, Guiella G, Roberton T, et al. Independent Evaluation of the Rapid Scale-Up Program to Reduce Under-Five Mortality in Burkina Faso. The American Journal of Tropical Medicine and Hygiene. 2016;94(3):584-595.","https://doi.org/10.4269/ajtmh.15-0585"
"5",79,"doi:10.7281/T1/WBR06U","Hui, Li; Dailey, Jennifer; Kale, Tejaswini; Besar; Kalpana; Koehler, Kirsten; Katz, Howard E.,2017, ""Sensitive and Selective NO2 Sensing Based on Alkyl- and Alkylthio-Thiophene Polymer Conductance and Conductance Ratio Changes from Differential Chemical Doping"" ACS Applied Materials &amp; Interfaces 9 (24), pp 20501–20507.","https://doi.org/10.1021/acsami.7b02721"
"6",192,"doi:10.7281/T1/SP6KO3","Viete, D.R., Hacker, B.R., Allen, M.B., Seward, G.G.E., Tobin, M.J., Kelley, C.S., Cinque, G., and Duckworth, A.R., Metamorphic records of multiple seismic cycles during subduction. Science Advances. 4, eaaq0234 (2018).","https://doi.org/10.1126/sciadv.aaq023"
"7",213,"doi:10.7281/T1/CZZDLJ","Xingang Zhao, Deepa Madan, Yan Cheng, Jiawang Zhou, Hui Li, Susanna M. Thon, Arthur E. Bragg, Mallory E. DeCoster, Patrick E. Hopkins, Howard E. Katz. 2017. High Conductivity and Electron Transfer Validation in an n‑Type Fluoride Anion-Doped Polymer for Thermoelectrics in Air. Advanced Materials.","https://dx.doi.org/10.1002/adma.201606928"
"8",102,"doi:10.7281/T1/YXVVML","Li, H., DeCoster, M. E., Ireland, R. M., Song, J., Hopkins, P. E., and Katz, H. E. 2017. “Modification of the Poly(bisdodecylquaterthiophene) (PQT12) Structure for High and Predominantly Nonionic Conductivity with Matched Dopants” J. Am Chem. Soc. 139 (32), 11149-11157.","https://doi.org/10.1021/jacs.7b05300"
"9",165,"doi:10.7281/T1/YI383C","Shi, W.; Zheng, Y.; Taylor, A.D.; Yu, J.; Katz, H.E. 2017. “Increased mobility and on/off ratio in organic field-effect transistors using low-cost guanine-pentacene multilayers” Applied Physics Letters, 111, 043301.","https://dx.doi.org/10.1063/1.4995251"
"10",146,"doi:10.7281/T1/7VKY8K","R. M. Ireland, L. Wu, M. Salehi, S. Oh, N. P. Armitage, and H. E. Katz, Nonvolatile Solid-State Charged-Polymer Gating of Topological Insulators into the Topological Insulating Regime, Physical Review Applied 9, (2018).","https://doi.org/10.1103/PhysRevApplied.9.044003"
"11",218,"doi:10.7281/T1/TP9B4Y","Yu, X., Hörst, S. M., He, C., McGuiggan, P., &amp; Crawford, B. (2018). Where does Titan sand come from: insight from mechanical properties of Titan sand candidates. Journal of Geophysical Research: Planets, 123(9), 2310-2321.","https://doi.org/10.1029/2018JE005651"
"12",174,"doi:10.7281/T1/OSQSMY","Supplemental data associated with publication “Sex Hormones and Change in N-Terminal Pro-B-Type Natriuretic Peptide Levels: The Multi-Ethnic Study of Atherosclerosis” The Journal of Clinical Endocrinology &amp; Metabolism, jc.2018-01437.","https://doi.org/10.1210/jc.2018-01437"
"13",55,"doi:10.7281/T1/6Y08LS","Forthcoming: Will be cited by on-line publication, published by Reinvention Collaborative.",NA
"14",223,"doi:10.7281/T1/K3ONN5","Zhang, Q., Kale, T. S., Plunkett, E., Shi, W., Kirby, B. J., Reich, D. H., &amp; Katz, H. E. (2018). Highly Contrasting Static Charging and Bias Stress Effects in Pentacene Transistors with Polystyrene Heterostructures Incorporating Oxidizable N,N′-Bis(4-methoxyphenyl)aniline Side Chains as Gate Dielectrics. Macromolecules, 51(15), 6011–6020. 2018","https://doi.org/10.1021/acs.macromol.8b00596"
"15",181,"doi:10.7281/T1/EAFMCT","Tibbels NJ, Hendrickson ZM, Naugle DA, Dosso A, Van Lith L, Mallalieu EC, et al. (2019) Men’s perceptions of HIV care engagement at the facility- and provider-levels: Experiences in Cote d’Ivoire. PLoS ONE 14(3): e0211385. https://doi.org/10.1371/journal.pone.0211385","https://doi.org/10.1371/journal.pone.0211385"
"16",130,"doi:10.7281/T1/ONZHUS","Naugle DA, Tibbels NJ, Hendrickson ZM, Dosso A, Van Lith L, Mallalieu EC, Kouadio AM, Kra W, Kamara D, Dailly-Ajavon P, Cissé A, Seifert-Ahanda K, Thaddeus S, Babalola S, Hoffmann CJ. Bringing fear into focus: The intersections of HIV and masculine gender norms in Côte d'Ivoire. PLoS One. 2019 Oct 23;14(10):e0223414.","https://doi.org/10.1371/journal.pone.0223414"
"17",142,"doi:10.7281/T1/V3Z6DD","Plunkett, Evan, Tejaswini S. Kale, Qingyang Zhang, Howard E. Katz, and Daniel H. Reich. 2019. “Effects of Trifluoromethyl Substituents on Interfacial and Bulk Polarization of Polystyrene Gate Dielectrics.” Applied Physics Letters 114 (2): 023301.","https://doi.org/10.1063/1.5080951"
"18",104,"doi:10.7281/T1/BIJWVL","Li, H.; Plunkett, E.; Cai, Z.; Qiu, B.; Wei, T.; Chen, H.; Thon, S.M.; Reich, D.H.; Chen, L.; Katz; H.E. 2019. “Dopant-Dependent Increase in Seebeck Coefficient and Electrical Conductivity in Blended Polymers with Offset Carrier Energies” Advanced Electronic Materials.","https://doi.org/10.1002/aelm.201800618"
"19",88,"doi:10.7281/T1/3XLWZX","Jang, H.; Wagner, J.; Li, H.; Zhang, Q.; Mukhopadhyaya, T.; Katz, H.E. 2019. “Analytical Platform to Characterize Dopant Solution Concentrations, Charge Carrier Densities in Films and Interfaces, and Physical Diffusion in Polymers Utilizing Remote Field-Effect Transistors” Journal of the American Chemical Society, 141, 12, 4861–4869.","https://doi.org/10.1021/jacs.8b13026"
"20",203,"doi:10.7281/T1/BIJBI6","West S K, Nanji A A, Mkocha H, Munoz B, Gaydos C, Quinn T C (2019) Evidence for contamination with C. trachomatis in the household environment of children with active Trachoma: A cross-sectional study in Kongwa, Tanzania. PLoS Negl Trop Dis 13(12): e0007834. <a href=""https://doi.org/10.1371/journal.pntd.0007834"" rel=""nofollow"" target=""_blank"">https://doi.org/10.1371/journal.pntd.0007834</a>",NA
"21",4,"doi:10.7281/T1/6BHBC4","Abshire, Martha; Li, Xintong; Sharma Basyal, Pragyashree; Teply, Melissa L.; Singh, Arun L.; Hayes, Margaret M.; Turnbull, Alison E., Actor feedback and rigorous monitoring: Essential quality assurance tools for testing behavioral interventions with simulation. PLoS ONE, 2020.",NA
"22",NA,"doi:10.7281/T1/AZE8LU",NA,NA
"23",44,"doi:10.7281/T1/NH6EGH","Di Zhao, Eliseo Guallar, Christie M Ballantyne, Wendy S Post, Pamela Ouyang, Dhananjay Vaidya, Xiaoming Jia, Wendy Ying, Vinita Subramanya, Chiadi E Ndumele, Ron C Hoogeveen, Erin D Michos, Sex Hormones and Incident Heart Failure in Men and Postmenopausal Women: The Atherosclerosis Risk in Communities Study, The Journal of Clinical Endocrinology &amp; Metabolism, Volume 105, Issue 10, October 2020, Pages e3798–e3807.","https://doi.org/10.1210/clinem/dgaa500"
"24",96,"doi:10.7281/T1/7WS8AD","Kitonsa PJ, Nalutaaya A, Mukiibi J, Nakasolya O, Isooba D, et al. (2020) Evaluation of underweight status may improve identification of the highest-risk patients during outpatient evaluation for pulmonary tuberculosis. PLOS ONE 15(12): e0243542.","https://doi.org/10.1371/journal.pone.0243542"
"25",13,"doi:10.7281/T1/E70MXR","Baker, K. E., Wilson, L. M., Sharma, R., Dukhanin, V., McArthur, K., &amp; Robinson, K. A. (2021). Hormone Therapy, Mental Health, and Quality of Life among Transgender People: A Systematic Review. Journal of the Endocrine Society, 5(4).","https://doi.org/10.1210/jendso/bvab011"
"26",86,"doi:10.7281/T1/ZOW11X","Jang, H.-J.; Song, Y.; Wagner, J.; Katz, H.E. “Suppression of ionic doping by molecular dopants in conjugated polymers for improving specificity and sensitivity in biosensing applications” ACS Applied Materials and Interfaces, 2020, 12, 45036−45044.","https://doi.org/10.1021/acsami.0c11125"
"27",69,"doi:10.7281/T1/GH4EF2","Han, J., Fan, H., Zhang, Q., Hu, Q., Russell, T. P., Katz, H. E., Dichlorinated Dithienylethene‐Based Copolymers for Air‐Stable n‐Type Conductivity and Thermoelectricity. Adv. Funct. Mater. 2021, 31, 2005901.","https://doi.org/10.1002/adfm.202005901"
"28",87,"doi:10.7281/T1/KCIPSB","Jang, H.-J.; Wagner, J.; Song, Y; Lee, T.; Katz, H.E. “Carboxylic Acid-Functionalized Conjugated Polymer Promoting Diminished Electronic Drift and Amplified Proton Sensitivity of Remote Gates Compared to Nonpolar Surfaces in Aqueous Media” Advanced Electronic Materials, 2020, 6, 1901073-1901079,","https://doi.org/10.1002/aelm.201901073"
"29",80,"doi:10.7281/T1/CCC69H","Hur J, Schulze KJ, Thorne-Lyman AL, Wu Lee S-F, Shaikh S, Ali H, West Jr. KP. Characterization of pubertal development of girls in rural Bangladesh. PLOS ONE 16(4): e0247762.","https://doi.org/10.1371/journal.pone.0247762"
"30",125,"doi:10.7281/T1/4WX5QC","Mukhopadhyaya, T.; Wagner, J. S.; Fan, H.; Katz, H. E. Design and Synthesis of Air-Stable p-Channel-Conjugated Polymers for High Signal-to-Drift Nitrogen Dioxide and Ammonia Sensing. ACS Appl. Mater. Interfaces 2020, 12 (19), 21974–21984.","https://doi.org/10.1021/acsami.0c04810"
"31",129,"doi:10.7281/T1/SWNGEP","Mwaikambo, L., Brittingham, S., Ohkubo, S. et al. Key factors to facilitate locally driven family planning programming: a qualitative analysis of urban stakeholder perspectives in Africa and Asia. Global Health 17, 75 (2021).","https://doi.org/10.1186/s12992-021-00717-0"
"32",101,"doi:10.7281/T1/EWN8ZN","Lee, T.; Panda, S. S.; Tovar, J. D.; Katz, H. E. Unusually Conductive Organic–Inorganic Hybrid Nanostructures Derived from Bio-Inspired Mineralization of Peptide/Pi-Electron Assemblies. ACS Nano 2020, 14 (2), 1846–1855.","https://doi.org/10.1021/acsnano.9b07911"
"33",122,"doi:10.7281/T1/BXJT0B","Moran, S. E., Hörst, S. M., He, C., Radke, M. J., Sebree, J. A., Izenberg, N. R., et al. (2022). Triton haze analogs: The role of carbon monoxide in haze formation. Journal of Geophysical Research: Planets, 127, e2021JE006984.","https://doi.org/10.1029/2021JE006984"
"34",177,"doi:10.7281/T1/ENWXRU","T. Mukhopadhyay and H Katz, Trap-dominated nitrogen dioxide and ammonia responses of air-stable p-channel conjugated polymers from detailed bias stress analysis. J. Mater. Chem. C, 2021,9, 3531-3545","https://doi.org/10.1039/D0TC05458E"
"35",124,"doi:10.7281/T1/8OFLMF","Mukhopadhyaya, T.; Lee, T.; Ganley, C.; Clancy, P.; Katz, H. E. Evidence of Preformed Lewis Acid–Base and Wheland-Type Complexes Acting as Dopants for p-Type Conjugated Polymers. ACS Appl. Polym. Mater. 2022, 4 (3), 2065–2080.","https://doi.org/10.1021/acsapm.1c01906"
"36",114,"doi:10.7281/T1/IM9BZI","Manuscript submitted for publication.",NA
"37",171,"doi:10.7281/T1/IRMGH8","St Clair LA, Eldesouki RE, Sachithanandham J, Yin A, Fall A, Morris CP, Norton JM, Abdullah O, Dhakal S, Barranta C, Golding H, Bersoff-Matcha SJ, Pilgrim-Grayson C, Berhane L, Cox AL, Burd I, Pekosz A, Mostafa HH, Klein EY, Klein SL. 2024. Reduced control of SARS-CoV-2 infection associates with lower mucosal antibody responses in pregnancy. mSphere 9:e00812-23.","https://doi.org/10.1128/msphere.00812-23"
"38",211,"doi:10.7281/T1RF5RZ7","Wu, Liang and Ireland, R. M. and Salehi, M. and Cheng, B. and Koirala, N. and Oh, S. and Katz, H. E. and Armitage, N. P., Applied Physics Letters, 108, 221603 (2016), Tuning and stabilizing topological insulator Bi2Se3 in the intrinsic regime by charge extraction with organic overlayers.","https://doi.org/10.1063/1.4952733"
"39",9,"doi:10.7281/T14Q7RW8","Babalola S, Ricotta E, Awantang G, Lewicky N, Koenker H, Toso M (2016). Correlates of intra-household ITN use in Liberia: A multilevel analysis of household survey data. PLoS ONE 11(7): e0158331.","https://doi.org/10.1371/journal.pone.0158331"
"40",187,"doi:10.7281/T1/FN9EH6","Turnbull, Alison E.; Hashem, Mohamed D.; Rabiee, Anahita; To, An; Chessare,Caroline M., 2017, Evaluation of a strategy for enrolling the families of critically ill patients in research using limited human resources. PLoS ONE, 12(5): e0177741.","https://doi.org/10.1371/journal.pone.0177741"
"41",3,"doi:10.7281/T1SF2T31","A list of LSOCA publications is found at <a href=""https://jhuccs1.us/soca/publicat.htm#LSOCA"" rel=""nofollow"" target=""_blank"">https://jhuccs1.us/soca/publicat.htm#LSOCA</a>.",NA
"42",184,"doi:10.7281/T1/ZHG9BB","Turnbull AE, Chessare CM, Coffin RK, Needham DM. A brief intervention for preparing ICU families to be proxies: A phase I study. PLOS ONE 2017;12:e0185483.","https://doi.org/10.1371/journal.pone.0185483"
"43",185,"doi:10.7281/T1/4AJ8Y1","Turnbull AE, Hashem MD, Rabiee A, To A, Chessare CM, Needham DM. Evaluation of a strategy for enrolling the families of critically ill patients in research using limited human resources. Bouchama A, editor. PLOS ONE. 2017;12: e0177741.","https://doi.org/10.1371/journal.pone.0177741"
"44",51,"doi:10.7281/T1/SQ6FO9","Eggen, M., Ozdogan, M., Zaitchik, B. F., &amp; Simane, B. (2016). Land Cover Classification in Complex and Fragmented Agricultural Landscapes of the Ethiopian Highlands. Remote Sensing, 8(12), 1020.","https://doi.org/10.3390/rs8121020"
"45",77,"doi:10.7281/T1/KV9KNX","Huang, J. Li; H., Kirksey, E.; Hoffman, C.; Jang, H.-J.; Justine Wagner, J.; Madan, D.; Katz, H.E. 2019. “Contributions to Composite Conductivity and Seebeck Coefficient in Commercial Bi2Te3 – Conjugated Polymer Composites” Journal of Applied Physics.","https://doi.org/10.1063/1.5089872"
"46",209,"doi:10.7281/T1/TNHLOJ","Wolf, R. M., Jaffe, A. E., Steele, K. E., Schweitzer, M. A., Magnuson, T. H., Wolfe, A., &amp; Wong, G. W. (2019). Cytokine, chemokine, and cytokine receptor changes are associated with metabolic improvements after bariatric surgery. The Journal of Clinical Endocrinology &amp; Metabolism, 104(3), 947-956.","https://doi.org/10.1210/jc.2018-02245"
"47",215,"doi:10.7281/T1/AWJUGZ","Yang, H., Waugh, D. W., Orbe, C., &amp; Chen, G. (2020). Dependence of Atmospheric Transport Into the Arctic on the Meridional Extent of the Hadley Cell. Geophysical Research Letters, 47(20).","https://doi.org/10.1029/2020gl090133"
"48",159,"doi:10.7281/T1/YOFR1E","Segal JB, Keita MK. Development of the Consumerist Attitudes Towards Healthcare Scale. Academy Health Annual Research Meeting; 2019; Washington, D.C.","https://academyhealth.confex.com/academyhealth/2019arm/meetingapp.cgi/Paper/31758"
"49",62,"doi:10.7281/T1/EOPWE4","Green, A.R., Tung, M. &amp; Segal, J.B. Older Adults’ Perceptions of the Causes and Consequences of Healthcare Overuse: A Qualitative Study. J GEN INTERN MED 33, 892–897 (2018).","https://doi.org/10.1007/s11606-017-4264-y"
"50",147,"doi:10.7281/T1/IJO1FU","Ragen, S., Marie-Aude Pradal, &amp; Anand Gnanadesikan. (2020). The Impact of Parameterized Lateral Mixing on the Antarctic Circumpolar Current in a Coupled Climate Model. 50(4), 965–982.","https://doi.org/10.1175/JPO-D-19-0249.1"
"51",136,"doi:10.7281/T1/VWQ4J3","Oppenheim IM, Lee EM, Vasher ST, Zaeh SE, Hart JL, Turnbull AE. Effect of Intensivist Communication in a Simulated Setting on Interpretation of Prognosis Among Family Members of Patients at High Risk of Intensive Care Unit Admission: A Randomized Trial. JAMA Netw Open. 2020;3(4):e201945.","https://jama.jamanetwork.com/article.aspx?doi=10.1001/jamanetworkopen.2020.1945&amp;utm_campaign=articlePDF%26utm_medium=articlePDFlink%26utm_source=articlePDF%26utm_content=jamanetworkopen.2020.1945"
"52",29,"doi:10.7281/T1/I3ILXO","Chow, S.J., Lorah, M.M., Wadhawan, A.R., Durant, N.D., Bouwer, E.J., 2020. Sequential biodegradation of 1,2,4-trichlorobenzene at oxic-anoxic groundwater interfaces in model laboratory columns. Journal of Contaminant Hydrology 103639.","https://doi.org/10.1016/j.jconhyd.2020.103639"
"53",161,"doi:10.7281/T1/QGOMA0","Serigano, J., Hörst, S. M., He, C., Gautier, T., Yelle, R. V., Koskinen, T., &amp; Trainer, M. (2020). Compositional Measurements of Saturn’s Upper Atmosphere and Rings from Cassini INMS. 125(8).","https://doi.org/10.1029/2020je006427"
"54",103,"doi:10.7281/T1/MYJBMQ","Li, H.; DeCoster, M. E.; Ming, C.; Wang, M.; Chen, Y.; Hopkins, P. E.; Chen, L.; Katz, H. E. Enhanced Molecular Doping for High Conductivity in Polymers with Volume Freed for Dopants. Macromolecules 2019, 52 (24), 9804–9812","https://doi.org/10.1021/acs.macromol.9b02048"
"55",200,"doi:10.7281/T1/AWWAKP","Waugh, D. W., &amp; Haine, T. W. N. (2020). How rapidly do the southern subtropical oceans respond to wind stress changes? Journal of Geophysical Research: Oceans, 125, e2020JC016236.","https://doi.org/10.1029/2020JC016236"
"56",224,"doi:10.7281/T1/CRHEAH","Zhang, Q.; Barrett, B.; Bragg, A. E.; Katz, H. E. Static Polystyrene Gate Charge Density Modulation of Dinaphthothienothiophene with Tetrafluorotetracyanoquinodimethane Layer Doping: Evidence from Conductivity and Seebeck Coefficient Measurements and Correlations. ACS Appl. Electron. Mater. 2019, 1 (12), 2708–2715.","https://doi.org/10.1021/acsaelm.9b00747"
"57",12,"doi:10.7281/T1/W2AG3A","Baik Y, Rickman HM, Hanrahan CF, Mmolawa L, Kitonsa PJ, Sewelana T, Nalutaaya A, Kendall EA, Lebina L, Martinson N, Katamba A, Dowdy DW. A clinical score for identifying active tuberculosis while awaiting microbiological results: Development and validation of a multivariable prediction model in sub-Saharan Africa. PLoS Med. 2020 Nov 10;17(11):e1003420.","https://doi.org/10.1371/journal.pmed.1003420"
"58",39,"doi:10.7281/T1/BNSVVD","Cui, M., &amp; Gnanadesikan, A. (2021). Characterizing the roles of biogeochemical cycling and ocean circulation in regulating marine copper distributions. Journal of Geophysical Research: Oceans, 126, e2021JC017742. https://doi.org/10.1029/2021JC017742","https://doi.org/10.1029/2021JC017742"
"59",141,"doi:10.7281/T1/BT02SS","Plunkett, E. C.; Zhang, Q.; Katz, H. E.; Reich, D. H. Charge Trapping in Polymer Electrets with Highly Dilute Blended Arylamine Donors. ACS Appl. Electron. Mater. 2021, 3 (4), 1656–1662.","https://doi.org/10.1021/acsaelm.0c01116"
"60",149,"doi:10.7281/T1/I9NL60","Renée Marlin-Bennett, Susan T Jackson, DIY Cruelty: The Global Political Micro-Practices of Hateful Memes, Global Studies Quarterly, Volume 2, Issue 2, April 2022, ksac002","https://doi.org/10.1093/isagsq/ksac002"
"61",225,"doi:10.7281/T1/VCPZIK","Zhang, Q.; Barrett, B.; Lee, T.; Mukhopadhyaya, T.; Lu, C.; Plunkett, E. C.; Kale, T.; Chi, C.; Livi, K. J. T.; McGuiggan, P.; Reich, D. H.; Thon, S.; Bragg, A. E.; Katz, H. E. Maximized Hole Trapping in a Polystyrene Transistor Dielectric from a Highly Branched Iminobis(Aminoarene) Side Chain. ACS Appl. Mater. Interfaces 2021.","https://doi.org/10.1021/acsami.1c03929"
"62",197,"doi:10.7281/T1/PG105Y","Wagner, J.; Song, Y.; Shapiro, J.; Katz, H.E. ""Oxygen-bearing functionalities enhancing NO2, NH3, and acetone electronic response and response variation by polythiophenes in organic field-effect transistor sensors"", J. Mater. Chem. C, 2022,10, 2149-2162.","https://doi.org/10.1039/D1TC04650K"
"63",83,"doi:10.7281/T1/NT8FQN","J. Han, A. Chiu, C. Ganley, P. McGuiggan, S. M. Thon, P. Clancy, H. E. Katz, Angew. Chem. Int. Ed. 2021, 60, 27212.","https://doi.org/10.1002/anie.202110505"
"64",70,"doi:10.7281/T1/0JWMF0","Han, J., Ganley, C., Hu, Q., Zhao, X., Clancy, P., Russell, T. P., Katz, H. E., Using Preformed Meisenheimer Complexes as Dopants for n-Type Organic Thermoelectrics with High Seebeck Coefficients and Power Factors. Adv. Funct. Mater. 2021, 31, 2010567.","https://doi.org/10.1002/adfm.202010567"
"65",73,"doi:10.7281/T1/D3EV75","Han, J.; Tiernan, E.; Lee, T.; Chiu, A.; McGuiggan, P.; Adams, N.; Timko, J.A.; Hoins, P.E.; Thon, S.M.; Tovar, J.D.; Katz, H.E. “A New Polystyrene-Polyvinyl Pyridinium Ionic Copolymer Dopant for N-Type All-Polymer Thermoelectrics with High Stable Conductivity Relative to Seebeck Coefficient Giving High Power Factor” Advanced Materials, 2022.","https://doi.org/10.1002/adma.202201062"
"66",14,"doi:10.7281/T1/B660D2","Beauchene, C., Hinault, T., Sarma, S.V. et al. Dynamic Cognitive States Explain Individual Variability in Behavior and Modulate with EEG Functional Connectivity During Working Memory. Comput Brain Behav (2022).","https://doi.org/10.1007/s42113-022-00153-2"
"67",72,"doi:10.7281/T1/5UEIRG","Han, J.; Song, Y.; Chen, N.; Chiu. A.; McGuiggan, P.M.; Adams, N.; Thon, S.M.; Tovar, J.D.; Katz, H.E. “A Dichlorinated Dithienylethene-Diketopyrrolopyrrole-based Copolymer with Pronounced P-N Crossover: Evidence for Anionic Seebeck Contribution”, ACS Materials Letters, 2022.","https://doi.org/10.1021/acsmaterialslett.2c00267"
"68",NA,"doi:10.7281/T1/7IXSOP",NA,NA
"69",189,"doi:10.7281/T1/YUHUYN","Tushita Mukhopadhyaya, Lee, T. D., Ganley, C., Swati Tanwar, Raj, P., Li, L., Song, Y., Clancy, P., Barman, I., Thon, S. M., &amp; Katz, H. E. (2022). Stable High‐Conductivity Ethylenedioxythiophene Polymers via Borane‐Adduct Doping. 2208541–2208541.","https://doi.org/10.1002/adfm.202208541"
"70",100,"doi:10.7281/T1/1MQMFC","Lee, T., Panda, S. S., Hall, G., Song, Y., Tovar, J. D., &amp; Katz, H. E. (2023). Relation among Absorbance Shifts, Mineralization Morphology, and Electronic Conductivity of π-Peptide Aggregates with Different Amino Acid Residues. Materials Advances.","https://doi.org/10.1039/d2ma00979j"
"71",34,"doi:10.7281/T1/F1GCSB","Cohen GS, Kallarakal MA, Jayaraman S, Ibukun FI, Tong KP, Orzolek LD, Larman HB, Krummey SM. Transplantation elicits a clonally diverse CD8+ T cell response that is comprised of potent CD43+ effectors. Cell Rep. 2023 Aug 16;42(8):112993. PMID: 37590141.","https://doi.org/10.1016/j.celrep.2023.112993"
"72",85,"doi:10.7281/T1/YC5BS6","James A. Agamaite, Chia-Jung Chang, Michael S. Osmanski, Xiaoqin Wang; A quantitative acoustic analysis of the vocal repertoire of the common marmoset (Callithrix jacchus). J Acoust Soc Am 1 November 2015; 138 (5): 2906–2928.","https://doi.org/10.1121/1.4934268"
"73",89,"doi:10.7281/T1/AGLFQ2","Jani, V., Fenwick, A., Mishra, S., Sharp, T.E., Doiron, J., LaPenna, K.B., Goodchild, T.T., Jiang, N., Gillette, T.G., Hill, J.A. and Lefer, D.J., 2023. Abstract P1024: Cardiomyocyte Mechanics In Animal Models Of Heart Failure With Preserved Ejection Fraction. Circulation Research, 133(Suppl_1), pp.AP1024-AP1024.",NA
"74",204,"doi:10.7281/T1C8276W","Williford, Jonathan R. and von der Heydt, Rüdiger. 2016. “Figure-ground organization in visual cortex for natural scenes.” 3(6) eNeuro.","http://www.eneuro.org/content/3/6/ENEURO.0127-16.2016"
"75",52,"doi:10.7281/T1/ZPGBJW","Erchick, D. J., Rai, B., Agrawal, N. K., Khatry, S. K., Katz, J., LeClerq, S. C., Reynolds, M. A., &amp; Mullany, L. C. (2019). Oral hygiene, prevalence of gingivitis, and associated risk factors among pregnant women in Sarlahi District, Nepal. BMC Oral Health, 19(1).","https://doi.org/10.1186/s12903-018-0681-5"
"76",135,"doi:10.7281/T1/CLTDND","Oakes&nbsp;AH, Chang HY,&nbsp;Segal&nbsp;JB. Systemic overuse of health care in a commercially insured US population, 2010-2015. BMC Health Serv Res. 2019 May 2;19(1):280.","https://doi.org/10.1186/s12913-019-4079-0"
"77",NA,"doi:10.7281/T1/LW2H2F",NA,NA
"78",98,"doi:10.7281/T1/2K70CX","Lama, T.P., Munos, M.K., Katz, J. et al. Assessment of facility and health worker readiness to provide quality antenatal, intrapartum and postpartum care in rural Southern Nepal. BMC Health Serv Res 20, 16 (2020).","https://doi.org/10.1186/s12913-019-4871-x"
"79",NA,"doi:10.7281/T1/QA0SFN",NA,NA
"80",23,"doi:10.7281/T1/T3SA2Z","Carter, A.W., Zaitchik, B.F., Gohlke, J.M., Wang, S. and Richardson, M.B. (2020) Methods for estimating Wet Bulb Globe Temperature from remote and low-cost data: a comparative study in central Alabama. GeoHealth. https://doi.org/10.1029/2019GH000231",NA
"81",40,"doi:10.7281/T1/VZZOJB","Dana C. Brenner, Benjamin H. Passey, Robert M. Holder, Daniel R. Viete (2021). Clumped-isotope geothermometry and carbonate U–Pb geochronology of the Alta stock metamorphic aureole, Utah, USA: Insights on the kinetics of metamorphism in carbonates. Geochemistry, Geophysics, Geosystems.","https://doi.org/10.1029/2020GC009238"
"82",196,"doi:10.7281/T1/M4FJUL","Wagner, J.; Jang, H.-J.; Han, J.; Katz, H. E. Enhanced and Unconventional Responses in Chemiresistive Sensing Devices for Nitrogen Dioxide and Ammonia from Carboxylated Alkylthiophene Polymers. Material Horizons. 2020, 7 (5), 1358–1371.","https://doi.org/10.1039/D0MH00049C"
"83",160,"doi:10.7281/T1/LR1FMH","Segal, J. B., Huang, J., Zhu, J., &amp; Ravi Varadhan. (2021). Geographic Regions Enriched with Frail Older Adults. Journal of the American Medical Directors Association, 22(12), 2609-2610.e2.","https://doi.org/10.1016/j.jamda.2021.05.029"
"84",NA,"doi:10.7281/T1/DTCK4M",NA,NA
"85",120,"doi:10.7281/T1/PXEROL","Michos ED, Mitchell CM, Miller ER 3rd, Sternberg AL, Juraschek SP, Schrack JA, Szanton SL, Walston JD, Kalyani RR, Plante TB, Christenson RH, Shade D, Tonascia J, Roth DL, Appel LJ for the STURDY Collaborative Research Group: Rationale and design of the Study To Understand Fall Reduction and Vitamin D in you (STURDY): A randomized clinical trial of Vitamin D supplement doses for the prevention of falls in older adults. Contemp Clin Trials 2018;73:111-122. doi:10.1016/j.cct.2018.08.004 (PMC6251709). Corrigendum: Contemp Clin Trials. 2020 Mar;90:105936. doi:10.1016/j.cct.2020.105936 (PMC7236292)","https://doi.org/10.1016/j.cct.2018.08.004"
"86",58,"doi:10.7281/T1/2PGJQU","Gao, C., Killeen, B.D., Hu, Y. et al. Synthetic data accelerates the development of generalizable learning-based algorithms for X-ray image analysis. Nat Mach Intell 5, 294–308 (2023).","https://doi.org/10.1038/s42256-023-00629-1"
"87",25,"doi:10.7281/T1/V5DLIW","Chen, N., Wagner, J., &amp; Katz, H. E. (2022). NO<sub>2</sub> Exposure Effect on Mixed Conductivity and Seebeck Coefficient in Thiophene Polymers. 4(9), 4755–4763.","https://doi.org/10.1021/acsaelm.2c00977"
"88",30,"doi:10.7281/T1/FFU0LR","Christopher Lowetz, Grant Shepard, and Joel Coffman, “Anti-forensics Under Scrutiny: Assessing the Effectiveness of Digital Obfuscation in the Cloud,” 12th International Symposium on Digital Forensics and Security (ISDFS 2024), San Antonio, TX, April 2024.",NA
"89",226,"doi:10.7281/T18G8HM0","Zhang, Qian, Ciaran J. Harman, and William P. Ball, 2016. An Improved Method for Interpretation of Riverine Concentration-Discharge Relationships Indicates Long-Term Shifts in Reservoir Sediment Trapping. Geophysical Research Letters, 43, 10, 215–10, 224.","https://doi.org/10.1002/2016GL069945"
"90",175,"doi:10.7281/T1D798BQ","Sutton, E. E., Demir, A., Stamper, S.A., Fortune, E., Cowan, N.J. (2016). Dynamic modulation of visual and electrosensory gains for locomotor control. Journal of the Royal Society Interface 13.118.","https://doi.org/10.1098/rsif.2016.0057"
"91",126,"doi:10.7281/T1/L8UP2G","Mullany LC, van Boetzelaer EW, Gutman JR, Steinhardt LC, Ngoy P, Barbera Lainez Y, et al. (2018) Universal versus conditional day 3 follow-up for children with non-severe unclassified fever at the community level in the Democratic Republic of the Congo: A cluster-randomized, community-based non-inferiority trial. PLoS Med 15(4): e1002552.","https://doi.org/10.1371/journal.pmed.1002552"
"92",33,"doi:10.7281/T1/KOSYGQ","Coderre, E.L., Chernenok, M., O’Grady, J., Bosley, L., Gordon, B. &amp; Ledoux, K. 2017. Implicit measures of receptive vocabulary knowledge in individuals with severe autism (under review). PlosONE.",NA
"93",180,"doi:10.7281/T1/VAQP5N","Thorne-Lyman AL, K. C. A, Manohar S, Shrestha B, Nonyane BAS, Neupane S, et al. (2018) Nutritional resilience in Nepal following the earthquake of 2015. PLoS ONE 13(11): e0205438.","https://doi.org/10.1371/journal.pone.0205438"
"94",186,"doi:10.7281/T1/LJZQPI","Turnbull AE, Ning X, Ramesh A, Tao JJ, Needham DM. Demonstrating the Impact of POLST Forms on Hospital Care Requires Information not Contained in State Registries. PLoS ONE. 2019:14(6):e0217113.","https://doi.org/10.1371/journal.pone.0217113"
"95",43,"doi:10.7281/T1/7WXPIN","Delwiche, K., Gu, J., Hemond, H., and Preheim, S. P. (2019). Vertical transport of sediment-associated metals and cyanobacteria by ebullition in a stratified lake, Biogeosciences Discuss, in review. <a href=""https://doi.org/10.5194/bg-2019-243"" rel=""nofollow"" target=""_blank"">https://doi.org/10.5194/bg-2019-243</a>",NA
"96",53,"doi:10.7281/T1/4F90KQ","Erin E. Sutton and Bernhard Fuerst and Reza Ghotbi and Noah J. Cowan and Nassir Navab. (2020) Biologically Inspired Catheter for Endovascular Sensing and Navigation. Scientific Reports 10(1):5643.","https://doi.org/10.1038/s41598-020-62360-w"
"97",214,"doi:10.7281/T1/87PH8T","Yang, Christopher S., Cowan, Noah J., Haith, Adrian M. De novo learning versus adaptation of continuous control in a manual tracking task. eLife. 2021; 10: e62578.","https://doi.org/10.7554/eLife.62578"
"98",76,"doi:10.7281/T1/N1X6I4","Holzenberger, Nils, Blair-Stanek, Andrew, Van Durme, Benjamin. (2020). A Dataset for Statutory Reasoning in Tax Law Entailment and Question Answering. Proceedings of the Natural Legal Language Processing (NLLP) Workshop, 24 August 2020, San Diego, US. ACM, New York, NY, USA.","http://ceur-ws.org/Vol-2645/paper5.pdf"
"99",26,"doi:10.7281/T1/VDZAZY","Cheung, A. C. K., Xie, C., Zhuang, T., Neitzel, A. J., &amp; Slavin, R. E. (2021). Success for All: A Quantitative Synthesis of U.S. Evaluations. Journal of Research on Educational Effectiveness, 14(1), 90–115.","https://doi.org/10.1080/19345747.2020.1868031"
"100",54,"doi:10.7281/T1/EP0W7Y","F. Bu and C.-M. Huang, “Object Permanence Through Audio-Visual Representations,” IEEE Access, vol. 9, pp. 131574–131582, 2021, doi: 10.1109/ACCESS.2021.3115082.","https://doi.org/10.1109/ACCESS.2021.3115082"
"101",228,"doi:10.7281/T1/JYAHTN","Zhou, Y., Zaitchik, B. F., Kumar, S. V., Arsenault, K. R., Matin, M. A., Qamer, F. M., Zamora, R. A., and Shakya, K.: Developing a hydrological monitoring and sub-seasonal to seasonal forecasting system for South and Southeast Asian river basins, Hydrol. Earth Syst. Sci. Discuss., 2020.&nbsp;","https://doi.org/10.5194/hess-2020-362"
"102",67,"doi:10.7281/T1/QISGRU","Hamer, J. H. (2021). Coadded Spectroscopic Stellar Parameters and Abundances from the LAMOST Low Resolution Survey. Research Notes of the AAS, 5(2), 24.","https://doi.org/10.3847/2515-5172/abe1b3"
"103",220,"doi:10.7281/T1/ZPJZJC","Zhang Y, He Y, Sakowski EG, Preheim SP. Influence of Simplified Microbial Community Biofilms on Bacterial Retention in Porous Media under Conditions of Stormwater Biofiltration. Microbiol Spectr. 2021 Oct 31;9(2):e0110521. doi: 10.1128/Spectrum.01105-21. Epub 2021 Oct 27. PMID: 34704792; PMCID: PMC8549730.","https://doi.org/10.1128/Spectrum.01105-21"
"104",153,"doi:10.7281/T1/HVRF8B","Ruan, D., Sylvain Patinet, &amp; Falk, M. L. (2022). Predicting plastic events and quantifying the local yield surface in 3D model glasses. 158, 104671–104671.","https://doi.org/10.1016/j.jmps.2021.104671"
"105",150,"doi:10.7281/T1/VSW3JU","Robsky KO, Isooba D, Nakasolya O, Mukiibi J, Nalutaaya A, Kitonsa PJ, et al. (2021) Characterization of geographic mobility among participants in facility- and community-based tuberculosis case finding in urban Uganda. PLoS ONE 16(5): e0251806.","https://doi.org/10.1371/journal.pone.0251806"
"106",117,"doi:10.7281/T1/QXKY4B","McGarity, M.Z., Herndon, C.N., Harris, J.A. et al. Impact of satellite clinics on geographic access to assisted reproductive technology services in the United States. BMC Health Serv Res 22, 928 (2022).","https://doi.org/10.1186/s12913-022-08281-y"
"107",68,"doi:10.7281/T1/6I0KPP","Hamer, J. H., &amp; Schlaufman, K. C. (2022). Evidence for the Late Arrival of Hot Jupiters in Systems with High Host-star Obliquities. The Astronomical Journal, 164(1), 26.","https://doi.org/10.3847/1538-3881/ac69ef"
"108",154,"doi:10.7281/T1/RTSGO0","Sarni SH, Roca J, Du C, Jia M, Li H, Damjanovic A, Malecka EM, Wysocki V, Woodson SA, Intrinsically disordered interaction network in an RNA chaperone revealed by native mass spectrometry, PNAS, (2022).","https://doi.org/10.1073/pnas.2208780119"
"109",NA,"doi:10.7281/T1/AZ8G3G",NA,NA
"110",84,"doi:10.7281/T1/LJ9FLW","J. Serigano,S. M. Hörst,C. He,T. Gautier,R. V. Yelle,T. T. Koskinen,M. G. Trainer,M. J. Radke. (2022). Compositional measurements of Saturn’s upper atmosphere and rings from Cassini INMS: an extended analysis of measurements from Cassini’s grand finale orbits. <i>JGR Planets</i>,","https://doi.org/10.1029/2022JE007238"
"111",75,"doi:10.7281/T1/EHSEV2","Hantsoo, K., Gomes, M., Malkin, S., Brenner, D., &amp; Kenney, W. F. (2023). Sedimentary Pyrite Formation in a Seasonally Oxygen-Stressed Estuary: Potential Imprints of Microbial Ecology and Position-Specific Isotope Fractionation. Journal of Geophysical Research: Biogeosciences, 128, e2022JG007324","https://doi.org/10.1029/2022JG007324"
"112",5,"doi:10.7281/T1/2DKJB2","Ada Y. Chen, Bernard R. Brooks, Ana Damjanovic, Ion channel selectivity through ion modulated changes of selectivity filter pKa values. Proceedings of the National Academy of Sciences 120, e2220343120 (2023).","https://doi.org/10.1073/pnas.2220343120"
"113",NA,"doi:10.7281/T1/8BOXVM",NA,NA
"114",24,"doi:10.7281/T1/UJO8EZ","Chen, N., Song, Y., Lee, T., Mayarambakam, S., &amp; Katz, H. E. (2023). Designing n-type all-ionic thermoelectric polymers with improved air stability via a solution-processing anion exchange technique. Journal of Materials Chemistry. A, Materials for Energy and Sustainability, 11(33), 17550–17559.","https://doi.org/10.1039/D3TA04091G"
"115",212,"doi:10.7281/T1/HW66X3","Wu, Y., &amp; Arroyo-Currás, N. (2024). Nucleic Acid-based Electrochemical Sensors Facilitate the Study of DNA Binding by Platinum (II)-based Antineoplastics. Angewandte Chemie International Edition.","https://doi.org/10.1002/anie.202312402"
"116",48,"doi:10.7281/T1MW2F2Z","Donny Hanjaya-Putra, Jane Yee, Doug Ceci, Rachel Truitt, Derek Yee, and Sharon Gerecht. 2010. Vascular endothelial growth factor and substrate mechanics regulate <em>in vitro</em> tubulogenesis of endothelial progenitor cells. Journal of Cellular and Molecular Medicine. Volume 14, Issue 10, pages 2436–2447.","https://doi.org/10.1111/j.1582-4934.2009.00981.x"
"117",47,"doi:10.7281/T1CC0XMT","Dickinson, L. E., Moura, M. E., &amp; Gerecht, S. (2010). Guiding endothelial progenitor cell tube formation using patterned fibronectin surfaces. Soft Matter, 6(20), 5109.","http://doi.org/10.1039/c0sm00233j"
"118",227,"doi:10.7281/T1VD6WC7","Zhang, Qian, Damian C. Brady, Walter R. Boynton, and William P. Ball, 2015. Long-Term Trends of Nutrients and Sediment from the Nontidal Chesapeake Watershed: An Assessment of Progress by River and Season. Journal of the American Water Resources Association (JAWRA), 51(6): 1534-1555.","http://dx.doi.org/10.1111/1752-1688.12327"
"119",42,"doi:10.7281/T1QN64NW","Decadal-scale export of nitrogen, phosphorus, and sediment from the Susquehanna River basin, USA: Analysis and synthesis of temporal and spatial patterns. Sci. Total Environ. 563-564: 1016-1029.","http://dx.doi.org/10.1016/j.scitotenv.2016.03.104"
"120",95,"doi:10.7281/T1/Y2PVKD","Kim, Grace E., Anand Gnanadesikan, Carlos E. del Castillo and Marie-Aude Pradal, 2018: Upper ocean cooling in a coupled climate model due to light attenuation by yellowing materials, Geophys. Res. Lett. , 45, 6134-6140.","https://doi.org/10.1029/2018GL077297"
"121",172,"doi:10.7281/T1/6JMKIG","Stettz S, Zaitchik BF, Ademe D, Musie S, Simane B (2019) Estimating variability in downwelling surface shortwave radiation in a tropical highland environment. PLoS ONE 14(2): e0211220.","https://doi.org/10.1371/journal.pone.0211220"
"122",NA,"doi:10.7281/T1/UMDMQK",NA,NA
"123",NA,"doi:10.7281/T1/EM61IB",NA,NA
"124",NA,"doi:10.7281/T1/FWDYPW",NA,NA
"125",133,"doi:10.7281/T1/4ZCOC4","Nie, W., Zaitchik, B. F., Rodell, M., Kumar, S. V., Arsenault, K. R., Li, B., &amp; Getirana, A. (2019). Assimilating GRACE into a Land Surface Model in the presence of an irrigation‐induced groundwater trend. Water Resources Research.","https://doi.org/10.1029/2019WR025363"
"126",195,"doi:10.7281/T1/XNZRR8","Wagner, J., Song, Y., Lee, T., &amp; Katz, H. E. (2021). The combined influence of polythiophene side chains and electrolyte anions on organic electrochemical transistors. Electrochemical Science Advances.","http://doi.org/10.1002/elsa.202100165"
"127",NA,"doi:10.7281/T1/NEACHP",NA,NA
"128",119,"doi:10.7281/T1/EAC3HJ","Michael D M Bader, Shared Satisfaction among Residents Living in Multiracial Neighborhoods, Social Problems, 2022;, spac038.","https://doi.org/10.1093/socpro/spac038"
"129",107,"doi:10.7281/T1/B1QTXI","Lurtz, Casey Marina. “A Confounded Statistic: Turn-of-the-Century Mexican Agriculture in Incommensurable Terms.” The Americas 80, no. 2 (2023): 291–329.","https://doi.org/10.1017/tam.2023.5"
"130",205,"doi:10.7281/T1/EQKCFP","Wilson, J. L., Akin, E., Zhou, R., Jedlicka, A., Dziedzic, A., Liu, H., Fenstermacher, K. Z. J., Rothman, R. E., &amp; Pekosz, A. (2023). The Influenza B Virus Victoria and Yamagata Lineages Display Distinct Cell Tropism and Infection-Induced Host Gene Expression in Human Nasal Epithelial Cell Cultures. Viruses, 15(9), 1956.","https://doi.org/10.3390/v15091956"
"131",202,"doi:10.7281/T1/8DBUAP","Weingartner KA, Tran T, Tripp KW, Kavran JM. Dimerization and autophosphorylation of the MST family of kinases are controlled by the same set of residues. Biochem J. 2023 Aug 16;480(15):1165-1182. PMID: 37459121.","https://doi.org/10.1042/BCJ20230067"
"132",173,"doi:10.7281/T1/UP8RWD","Subramanian, V., Bagger, J. I., Vinayak Harihar, Holst, J. J., Knop, F. K., &amp; Vilsbøll, T. (2024). An extended minimal model of OGTT: estimation of α- and β-cell dysfunction, insulin resistance, and the incretin effect. American Journal of Physiology-Endocrinology and Metabolism, 326(2), E182–E205.","https://doi.org/10.1152/ajpendo.00278.2023"
"133",91,"doi:10.7281/T1/SMICE5","Jonah K. Mittelstadt, Kelson V. Shilling-Scrivo, Patrick O. Kanold, Long-term training alters response dynamics in the aging auditory cortex, Hearing Research, 2024.","https://doi.org/10.1016/j.heares.2024.108965"
"134",222,"doi:10.7281/T1KW5CX5","Zhang, Q., D. C. Brady and W. P. Ball, 2013. Long-term seasonal trends of nitrogen, phosphorus, and suspended sediment load from the non-tidal Susquehanna River Basin to Chesapeake Bay. Sci. Total Environ. 452-453:208-221.","https://doi.org/10.1016/j.scitotenv.2013.02.012"
"135",199,"doi:10.7281/T1/J8UWFU","Wang, M., Jendrichovsky, P., &amp; Kanold, P. O. (2024). Auditory discrimination learning differentially modulates neural representation in auditory cortex subregions and inter-areal connectivity. Cell Reports, 43(5), 114172.","https://doi.org/10.1016/j.celrep.2024.114172"
"136",60,"doi:10.7281/T1/DG7RDP","Gnanadesikan, A., Kim, G. E., &amp; Pradal, M.-A. S. (2019). Impact of colored dissolved materials on the annual cycle of sea surface temperature: Potential implications for extreme ocean temperatures. Geophysical Research Letters, 46, 861– 869.","https://doi.org/10.1029/2018GL080695"
"137",221,"doi:10.7281/T1/ZQZX80","Zhang Y, Wayner C, Wu S, Liu Xitong, Ball W, Preheim SP. (2021). The effect of strain-specific biofilm properties on the retention of colloids in saturated porous media under conditions of stormwater biofiltration. Environmental Science &amp; Technology, 55(4), 2585–2596.","https://doi.org/10.1021/acs.est.0c06177"
"138",112,"doi:10.7281/T1/4RZTRN","Malinina A, Dikeman D, Westbrook R, Moats M, Gidner S, Poonyagariyagorn H, Walston J, Neptune ER. IL10 deficiency promotes alveolar enlargement and lymphoid dysmorphogenesis in the aged murine lung. Aging Cell. 2020 Mar 14: e13130.","https://doi.org/10.1111/acel.13130"
"139",151,"doi:10.7281/T1/T81CEP","Robsky, K.O., Kitonsa, P.J., Mukiibi, J. et al. Spatial distribution of people diagnosed with tuberculosis through routine and active case finding: a community-based study in Kampala, Uganda. Infect Dis Poverty 9, 73 (2020). https://doi.org/10.1186/s40249-020-00687-2",NA
"140",117,"doi:10.7281/T1/XZ0CGJ","McGarity, M.Z., Herndon, C.N., Harris, J.A. et al. Impact of satellite clinics on geographic access to assisted reproductive technology services in the United States. BMC Health Serv Res 22, 928 (2022).","https://doi.org/10.1186/s12913-022-08281-y"
"141",NA,"doi:10.7281/T1/RECXQW",NA,NA
"142",NA,"doi:10.7281/T1/QUDBC6",NA,NA
"143",140,"doi:10.7281/T1/KGCGBM","Plunkett, E. C., Zhang, Q., Katz, H. E., &amp; Reich, D. H. (2021). Charge Trapping in Polymer Electrets with Highly Dilute Blended Arylamine Donors. ACS Applied Electronic Materials, 3(4), 1656–1662.","https://doi.org/10.1021/acsaelm.0c01116"
"144",6,"doi:10.7281/T1/AVOEQR","Allard, Simon, and Marshall G. Hussain Shuler. 2023. “Cholinergic Reinforcement Signaling Is Impaired by Amyloidosis Prior to Its Synaptic Loss.” Journal of Neuroscience, 18 October 2023, 43 (42) 6988-7005.","https://doi.org/10.1523/JNEUROSCI.0967-23.2023"
"145",27,"doi:10.7281/T1/C8BCOW","Chi, C., Song, Y., Lee, T., Reich, D. H., Bragg, A. E., &amp; Katz, H. E. (2023). 2-Aminoanthracene Crystallization in Its Compatible Polystyrene Block: RAFT Synthesis and Enhanced Charge Retention in Pentacene Transistor Gate Dielectrics. Macromolecules, 56(21), 8592–8601.","https://doi.org/10.1021/acs.macromol.3c01130"
"146",94,"doi:10.7281/T1/VNFY91","Kalev Hantsoo, Gomes, M., Brenner, D., Cornwell, J., Palinkas, C. M., &amp; Malkin, S. (2024). Trends in estuarine pyrite formation point to an alternative model for Paleozoic pyrite burial. Geochimica et Cosmochimica Acta.","https://doi.org/10.1016/j.gca.2024.04.018"
"147",46,"doi:10.7281/T17P8W98","Dickinson LE, Rand DR, Tsao J, Eberle W, Gerecht S. 2012. Endothelial cell responses to micropillar substrates of varying dimensions and stiffness. J Biomed Mater Res Part A 2012:100A:1457–1466.","https://doi.org/10.1002/jbm.a.34059"
"148",45,"doi:10.7281/T1H41PBJ","Dickinson LE, Chia Chi Ho, Geoffrey M. Wang , Kathleen J. Stebe , Sharon Gerecht , Functional surfaces for high-resolution analysis of cancer cell interactions on exogenous hyaluronic acid, Biomaterials (2010)","https://doi.org/10.1016/j.biomaterials.2010.03.044"
"149",81,"doi:10.7281/T1/C6MCOX","Ismail Uyanik, Sarah A. Stamper, Noah J. Cowan, and Eric S. Fortune. Sensory Cues Modulate Smooth Pursuit and Active Sensing Movements, Frontiers in Behavioral Neuroscience, Vol: 13 (59), 2019.","https://doi.org/10.3389/fnbeh.2019.00059"
"150",2,"doi:10.7281/T1F769G3","<b>Introduction</b><br> Bryce J, RMM Working Group (2016) ""Real-Time"" Monitoring of Under-Five Mortality: A Vision Tempered by Reality. PLoS Med 13(1): e1001912.","https://doi.org/10.1371/journal.pmed.1001912"
"151",64,"doi:10.7281/T1/IFSXNV","Grupp RB, Unberath M, Gao C, Hegeman RA, Murphy RJ, Alexander CP, Otake Y, McArthur BA, Armand M, Taylor RH. Automatic annotation of hip anatomy in fluoroscopy for robust and efficient 2D/3D registration. International Journal of Computer Assisted Radiology and Surgery. 2020 Apr 24:1-1.","https://doi.org/10.1007/s11548-020-02162-7"
"152",132,"doi:10.7281/T1/0EYOMQ","Nie, W., Kumar, S. V., Rajat Bindlish, Liu, P.-W., &amp; Wang, S. (2022). Remote sensing-based vegetation and soil moisture constraints reduce irrigation estimation uncertainty. 17(8), 084010–084010.","https://doi.org/10.1088/1748-9326/ac7ed8"
"153",167,"doi:10.7281/T1/L4QB1Z","Song, Y., Wagner, J., &amp; Katz, H. E. (2021). The behavior of carboxylated and hydroxylated polythiophene as bioreceptor layer: Anti‐human IgG and human IgG interaction detection based on organic electrochemical transistors. Electrochemical Science Advances.","https://doi.org/10.1002/elsa.202100166"
"154",15,"doi:10.7281/T1/OOMZS7","Beauchene, C.; Men, S.; Hinault, T.; Courtney, S.M.; Sarma, S.V. Using Neural Networks to Uncover the Relationship between Highly Variable Behavior and EEG during a Working Memory Task with Distractors. Mathematics 2022, 10.","https://doi.org/10.3390/math10111848"
"155",157,"doi:10.7281/T1/LQMJJM","Schratz KE, Flasch DA, Atik CC, Cosner ZL, Blackford AL, Yang W, Gable DL, Vellanki PJ, Xiang Z, Gaysinskaya V, Vonderheide RH, Rooper LM, Zhang J, Armanios M. T cell immune deficiency rather than chromosome instability predisposes patients with short telomere syndromes to squamous cancers. Cancer Cell. 2023 Apr 10;41(4):807-817.e6.",NA
"156",201,"doi:10.7281/T1/0L0OA0","Wei Z, Li Y, Bibic A, Duan W, Xu J, Lu H. Toward accurate cerebral blood flow estimation in mice after accounting for anesthesia. Front Physiol 2023; 14:1169622.","https://doi.org/10.3389/fphys.2023.1169622"
"157",20,"doi:10.7281/T1/PIVKJ7","Breault, M.S., Sacré, P., Fitzgerald, Z.B. et al. Internal states as a source of subject-dependent movement variability are represented by large-scale brain networks. Nature Communications 14, 7837 (2023).","https://doi.org/10.1038/s41467-023-43257-4"
"158",166,"doi:10.7281/T1/UIJLZO","Song, Y., Chen, N., Jiang, Q., Mukhopadhyay, T., Wudyalew Wondmagegn, Klausen, R. S., &amp; Katz, H. E. (2023). Selective Detection of Functionalized Carbon Particles based on Polymer Semiconducting and Conducting Devices as Potential Particulate Matter Sensors. Small.","https://doi.org/10.1002/smll.202310527"
"159",49,"doi:10.7281/T1RN35S8","Donny Hanjaya-Putra, Vivek Bose, Yu-I Shen, Jane Yee, Sudhir Khetan, Karen Fox-Talbot, Charles Steenbergen, Jason A. Burdick, and Sharon Gerecht. 2011. Controlled activation of morphogenesis to generate a functional human microvasculature in a synthetic matrix. Blood,&nbsp;vol. 118&nbsp;no. 3, p.&nbsp;804-815.","https://doi.org/10.1182/blood-2010-12-327338"
"160",50,"doi:10.7281/T1057CVH","Edwards, T. D., &amp; Bevan, M. A. (2014). Controlling Colloidal Particles with Electric Fields. Langmuir, 30(36), 10793–10803.","https://doi.org/10.1021/la500178b"
"161",116,"doi:10.7281/T1/DP2U9M","Marton, T., Samuels, J., Nestadt, P., Krasnow, J., Wang, Y., Shuler, M., Kamath, V., Chib, V. S., Bakker, A., &amp; Nestadt, G. (2019). Validating a dimension of doubt in decision-making: A proposed endophenotype for obsessive-compulsive disorder. PLOS ONE, 14(6), e0218182.","https://doi.org/10.1371/journal.pone.0218182"
"162",182,"doi:10.7281/T1/UXPNT5","Tibbels, N. J., Dosso, A., Kra, K. W., Gbeke, K. D., Coffi, G., Ngoran, A. R., Niamke, J. L., Nana, M., Benié, W., Hendrickson, Z. M., &amp; Naugle, D. A. (2022). “In our culture, if you quarantine someone, you stigmatize them”: Qualitative insights on barriers to observing COVID-19 prevention behaviors in Côte d’Ivoire. PLOS Global Public Health, 2(8), e0000489.","https://doi.org/10.1371/journal.pgph.0000489"
"163",131,"doi:10.7281/T1/X4MXHC","Nie, W., Kumar, S. V., Arsenault, K. R., Peters-Lidard, C. D., Mladenova, I. E., Bergaoui, K., Hazra, A., Zaitchik, B. F., Mahanama, S. P., McDonnell, R., Mocko, D. M., and Navari, M.: Towards Effective Drought Monitoring in the Middle East and North Africa (MENA) Region: Implications from Assimilating Leaf Area Index and Soil Moisture into the Noah-MP Land Surface Model for Morocco, Hydrol. Earth Syst. Sci. Discuss. [preprint], https://doi.org/10.5194/hess-2021-263, in review, 2021.","https://doi.org/10.5194/hess-2021-263"
"164",66,"doi:10.7281/T1/QQ77OB","Haith, A. M., Yang, C. S., Pakpoor, J., &amp; Kita, K. (2022). De novo motor learning of a bimanual control task over multiple days of practice. Journal of Neurophysiology, 128(4), 982–993.","https://doi.org/10.1152/jn.00474.2021"
"165",37,"doi:10.7281/T1/NU0VS7","Cosans, C. L., Gomes, M. L., Marsh, M. J., Moore, J., &amp; Harman, C. J. (2024). Similarities in Storage and Transport of Sulfate in Forested and Suburban Watersheds, Despite Anthropogenically Elevated Suburban Sulfate. Journal of Geophysical Research: Biogeosciences, 129(1).","https://doi.org/10.1029/2023jg007588"
"166",143,"doi:10.7281/T1/KTOG9W","Preethi Korangath, Lu Jin, Chun-Ting Yang, Sean Healy, Xin Guo, Suqi Ke, Cordula Grüttner, Chen Hu, Kathleen Gabrielson, Jeremy Foote, Robert Clarke, and Robert Ivkov. ""Iron Oxide Nanoparticles Inhibit Tumor Progression and Suppress Lung Metastases in Mouse Models of Breast Cancer."" ACS Nano 2024 18 (15), 10509-10526","https://doi.org/10.1021/acsnano.3c12064"
"167",121,"doi:10.7281/T1/VXGDYH","Mittelstadt, J.K., and Kanold, P.O. (2023). Orbitofrontal cortex conveys stimulus and task information to the auditory cortex. Current Biology.","https://doi.org/10.1016/j.cub.2023.08.059"
"168",179,"doi:10.7281/T1154F09","Tara D. Edwards, Daniel J. Beltran-Villegas, and Michael A. Bevan. Size Dependent Thermodynamics and Kinetics in Electric Field Mediated Colloidal Crystal Assembly. Soft Matter, 2013, 9, 9208-9218.","http://pubs.rsc.org/en/content/articlepdf/2013/sm/c3sm50809a"
"169",230,"doi:10.7281/T1/BCARLC","Zimmet, Amanda M., Cao, Di, Bastian, Amy J., and Cowan, Noah J. (2020). Cerebellar patients have intact feedback control that can be leveraged to improve reaching. ELife, <a href=""https://doi.org/10.7554/eLife.53246"" rel=""nofollow"" target=""_blank"">https://doi.org/10.7554/eLife.53246</a>",NA
"170",169,"doi:10.7281/T1/XGVRX0","Song, Y.; Lamberty, Z. D.; Liang, J.; Aller Pellitero, M.; Wagner, J. S.; Jumai’an, E.; Bevan, M. A.; Frechette, J.; Arroyo-Currás, N.; Katz, H. E. Nanoscale Bioreceptor Layers Comprising Carboxylated Polythiophene for Organic Electrochemical Transistor-Based Biosensors. ACS Appl. Nano Mater. 2021, 4 (12), 13459–13468.","https://doi.org/10.1021/acsanm.1c02949"
"171",78,"doi:10.7281/T1/NLHSKE","Huang, J., Dimitri Sverjensky, Daniel, I., &amp; Alberto Vitale Brovarone. (2023). Reaction Path Model of the Formation of Abiotic Immiscible Hydrocarbon Fluids in Subducted Carbonated Serpentinites, Lanzo Massif (Western Italian Alps).","https://doi.org/10.2139/ssrn.4528915"
"172",NA,"doi:10.7281/T1/K08BJZ",NA,NA
"173",93,"doi:10.7281/T1/SWU4P8","Jung HJ, Dixon EE, Coleman R, Watnick T, Reiter J, Outeda P, Cebotaru V, Woodward OM, Welling PA. Polycystin-2 dependent transcriptome reveals early response of autosomal dominant polycystic kidney disease.","https://doi.org/10.1152/physiolgenomics.00040.2023"
"174",168,"doi:10.7281/T1/860JVB","Song, Y., Zhang, H., Tushita Mukhopadhyaya, Hall, A., &amp; Katz, H. E. (2022). Sensitive organic electrochemical transistor biosensors: Comparing single and dual gate functionalization and different COOH-functionalized bioreceptor layers. 216, 114691–114691.","https://doi.org/10.1016/j.bios.2022.114691"
"175",99,"doi:10.7281/T1/WVDKQI","Lee, T., Luo, Y., Wang, C., Park, A., Zapata-Mercado, E., Kalina Hristova, Mueller, T. I., Wilson, W. L., Reich, D. H., &amp; Katz, H. E. (2023). Effect of organic electroactive crystallites in a dielectric matrix on the electrical properties of a polymer dielectric. Physical Review Materials, 7(6).","https://doi.org/10.1103/PhysRevMaterials.7.065003"
"176",111,"doi:10.7281/T1/YPUEQT","Małecka EM, Woodson SA. RNA compaction and iterative scanning for small RNA targets by the Hfq chaperone. Nature Communications. 2024 Mar 7;15(1):2069. PMID: 38453956; PMCID: PMC10920880.","https://doi.org/10.1038/s41467-024-46316-6"
"177",190,"doi:10.7281/T1/UDTJPD","Uyanik, I., Sefati, S., Stamper, S.A., Cho, K.A., Ankarali, M.M., Fortune, E.S. and Cowan, N.J., 2020. Variability in locomotor dynamics reveals the critical role of feedback in task control. eLife, 9, p.e51219.","https://doi.org/10.7554/eLife.51219"
"178",41,"doi:10.7281/T1/9VJGPI","Darya Task, Chun-Chieh Lin, Alina Vulpe, Ali Afify, Sydney Ballou, Maria Brbić, Philipp Schlegel, Joshua Raji, Gregory Jefferis, Hongjie Li, Karen Menuz, and Christopher J Potter (2022). Chemoreceptor co-expression in Drosophila melanogaster olfactory neurons eLife 11:e72599.","https://elifesciences.org/articles/72599"
"179",219,"doi:10.7281/T1/5QMDY6","Yuan Lou, Sarah A Woodson, Co-transcriptional folding of the glmS ribozyme enables a rapid response to metabolite, Nucleic Acids Research, 2023;, gkad1120.","https://doi.org/10.1093/nar/gkad1120"
"180",194,"doi:10.7281/T1WD3XHM","Vo, E., Hanjaya-Putra, D., Zha, Y. et al. Smooth-Muscle-Like Cells Derived from Human Embryonic Stem Cells Support and Augment Cord-Like Structures In Vitro. Stem Cell Rev and Rep 6, 237–247 (2010).","https://link.springer.com/article/10.1007%2Fs12015-010-9144-3"
"181",208,"doi:10.7281/T1W66HPZ","Wohlgemuth, M. J., Kothari, N. B., Moss, C. F. 2016. Action enhances acoustic cues for 3-D target localization by echolocating bats. PLoS Biol 14(9): e1002544.","http://dx.doi.org/10.1371/journal.pbio.1002544"
"182",8,"doi:10.7281/T1/NL3HTW","Arora‐Williams, K., Holder, C., Secor, M., Ellis, H., Xia, M., Gnanadesikan, A., &amp; Preheim, S. P. (2022). Abundant and persistent sulfur‐oxidizing microbial populations are responsive to hypoxia in the Chesapeake Bay. Environmental Microbiology, 24(5), 2315–2332.","https://doi.org/10.1111/1462-2920.15976"
"183",207,"doi:10.7281/T1/FTCWPF","Wilusz, D.C., Harman, C.J., Ball, W.B., Maxwell, R.M., &amp; Buda, A.R. (2020). Using particle tracking to understand flow paths, age distributions, and the paradoxical origins of the inverse storage effect in an experimental catchment. Water Resources Research, 55. <a href=""https://doi.org/10.1029/2019WR025140"" rel=""nofollow"" target=""_blank"">https://doi.org/10.1029/2019WR025140</a>",NA
"184",191,"doi:10.7281/T1/QVAHMD","Van Durme, Benjamin and Blair-Stanek, Andrew, “Improved Induction of Narrative Chains via Cross-Document Relations"", forthcoming in StarSem 2022.",NA
"185",74,"doi:10.7281/T1/UZIT7C","Hanson, L.E., D. Waugh, E. Barth, C.M. Anderson, 2024: Investigation of Titan’s south polar HCN cloud during southern fall using microphysical modeling. Planetary Science Journal, volume 4, 237.","https://doi.org/10.3847/PSJ/ad0837"
"186",106,"doi:10.7281/T1/2QCZXM","Lurtz, Casey Marina. “A Confounded Statistic: Turn-of-the-Century Mexican Agriculture in Incommensurable Terms.” The Americas 80, no. 2 (2023): 291–329","https://doi.org/10.1017/tam.2023.5"
"187",152,"doi:10.7281/T1/AVEV7M","Rodgers, M. L., O'Brien, B., &amp; Woodson, S. A. (2023). Small RNAs and Hfq capture unfolded RNA target sites during transcription. Molecular cell, 83(9), 1489–1501.e5.","https://doi.org/10.1016/j.molcel.2023.04.003"
"188",108,"doi:10.7281/T1/BDLMJG","Luthra, Aman. 2016. “Modernity’s Garbage: Struggles Over Municipal Solid Waste in Urban India.” Dissertation, Baltimore, MD: Johns Hopkins University. JScholarship. http://jhir.library.jhu.edu/handle/1774.2/39625.","http://jhir.library.jhu.edu/handle/1774.2/39625"
"189",176,"doi:10.7281/T1/H1ZPLI","Swanson, N. J., Marinho, P., Dziedzic, A., Jedlicka, A., Liu, H., Fenstermacher, K., Rothman, R. E., &amp; Pekosz, A. (2023). 2019–2020 H1N1 clade A5a.1 viruses have better in vitro fitness compared with the co-circulating A5a.2 clade. Scientific Reports, 13(1).","https://doi.org/10.1038/s41598-023-37122-z"
"190",164,"doi:10.7281/T1/I0H3GY","Shaver, A.; Arroyo-Curras, N. Expanding the Monolayer Scope for Nucleic Acid-Based Electrochemical Sensors Beyond Thiols on Gold: Alkylphosphonic Acids on ITO. ECS Sensors Plus 2023, 2, 010601.","https://doi.org/10.1149/2754-2726/acc4d9"
"191",163,"doi:10.7281/T1/TLEBVW","Shapiro, C. R., Meyers, J., Meneveau, C., and Gayme, D. F. (2018) Wind farms providing secondary frequency regulation: evaluating the performance of model-based receding horizon control, Wind Energ. Sci., 3, 11–24.","https://doi.org/10.5194/wes-3-11-2018"
"192",229,"doi:10.7281/T1/AYTUVI","Zimmet, A.M., Cowan, N.J. &amp; Bastian, A.J. Patients with Cerebellar Ataxia Do Not Benefit from Limb Weights. Cerebellum 18, 128–136 (2019).","https://doi.org/10.1007/s12311-018-0962-1"
"193",11,"doi:10.7281/T1/IWOVKD","Bahl, A., Gnanadesikan, A., &amp; Pradal,M.‐A. (2019). Variations in ocean deoxygenation across Earth system models: Isolating the role of parameterized lateral mixing. Global Biogeochemical Cycles,33, 703–724.","https://doi.org/10.1029/2018GB006121"
"194",21,"doi:10.7281/T1/VZYIRV","Budde, Ryan B, Michael T Williams, and Pedro P Irazoqui. “Temporal interference current stimulation in peripheral nerves is not driven by envelope extraction.” Journal of Neural Engineering, 2023.","https://iopscience.iop.org/article/10.1088/1741-2552/acc6f1"
"195",170,"doi:10.7281/T1/MYBQC7","Sotzen, J. S. and Lewis, K. W., (2024). Sub-Milankovitch signals in northern Polar layered deposits of Mars. Journal of Geophysical Research (Planets), submitted.",NA
"196",109,"doi:10.7281/T1/XTSKOW","Madhav, M. S., Jayakumar, R. P., Demir, A., Stamper, S. A., Fortune, E. S., &amp; Cowan, N. J. (2018). High-resolution behavioral mapping of electric fishes in Amazonian habitats. Scientific Reports, 8(1).","https://doi.org/10.1038/s41598-018-24035-5"
"197",61,"doi:10.7281/T1/FIS2QT","Gnanadesikan, Speller, Ringlein, San Soucie, Thomas and Pradal, Feedbacks driving interdecadal variability in Southern Ocean convection in climate models: A coupled oscillator mechanism, manuscript revised for J. Physical Oceanography","https://doi.org/10.1175/JPO-D-20-0037.1"
"198",31,"doi:10.7281/T1PN93HH","Chung, Erin Aeran. <i>Immigrant Incorporation in East Asian Democracies.</i> Cambridge and New York: Cambridge University Press, 2020.","https://www.cambridge.org/us/academic/subjects/politics-international-relations/comparative-politics/immigrant-incorporation-east-asian-democracies?format=PB"
"199",162,"doi:10.7281/T1/VWR4GR","Seviour, W. J. M., Waugh, D. W., &amp; Scott, R. K. (2017). The Stability of Mars’s Annular Polar Vortex. Journal of the Atmospheric Sciences, 74(5), 1533–1547.","https://doi.org/10.1175/JAS-D-16-0293.1"
"200",118,"doi:10.7281/T1/PXCQCC","Menzel, M. E., &amp; Merlis, T. M. (2019). Connecting Direct Effects of CO 2 Radiative Forcing to Ocean Heat Uptake and Circulation. Journal of Advances in Modeling Earth Systems, 11(7), 2163–2176.","https://doi.org/10.1029/2018ms001544"
"201",71,"doi:10.7281/T1/8VU7A2","Han, J., Jiang, Y., Tiernan, E., Ganley, C., Song, Y., Lee, T., Chiu, A., McGuiggan, P., Adams, N., Clancy, P., Russell, T. P., Hopkins, P. E., Thon, S. M., Tovar, J. D., &amp; Katz, H. E. (2023). Blended Conjugated Host and Unconjugated Dopant Polymers Towards N‐type All‐Polymer Conductors and High‐ZT Thermoelectrics. Angewandte Chemie.","https://doi.org/10.1002/ange.202219313"
"202",137,"doi:10.7281/T1/WVEABK","Osmanski, M. S., &amp; Wang, X. (2023). Perceptual specializations for processing species-specific vocalizations in the common marmoset ( Callithrix jacchus ). 120(24).","https://doi.org/10.1073/pnas.2221756120"
"203",206,"doi:10.7281/T1/OM3OMQ","Wilusz, D. C., Harman, C. J., &amp; Ball, W. P. (2017). Sensitivity of Catchment Transit Times to Rainfall Variability Under Present and Future Climates. Water Resources Research, 53(12), 10231–10256.","https://doi.org/10.1002/2017wr020894"
"204",59,"doi:10.7281/T1/NTWJAR","Giraldo D, Hammond AM, Wu J, Feole B, Al-Saloum N, McMeniman CJ. An expanded neurogenetic toolkit to decode olfaction in the African malaria mosquito Anopheles gambiae. Cell Rep Methods. 2024 Feb 26;4(2):100714.","https://doi.org/10.1016/j.crmeth.2024.100714"
"205",57,"doi:10.7281/T1/ORP47N","G. Calhoun, C.-T. Chen, P. O. Kanold, Bilateral widefield calcium imaging reveals circuit asymmetries and lateralized functional activation of the mouse auditory cortex. Proc. Natl. Acad. Sci. U.S.A. 120, e2219340120 (2023).","https://www.pnas.org/doi/abs/10.1073/pnas.2219340120"
"206",65,"doi:10.7281/T1/HRK27V","Hafez, O. A., Escribano, B., Ziegler, R. L., Hirtz, J. J., Niebur, E., &amp; Pielage, J. (2023). The cellular architecture of memory modules in Drosophila supports stochastic input integration. 12.","https://doi.org/10.7554/elife.77578"
"207",145,"doi:10.7281/T1/7ELIJW","Qu, Chongyu, Tiezheng Zhang, Hualin Qiao, Yucheng Tang, Alan L. Yuille, and Zongwei Zhou. ""Abdomenatlas-8k: Annotating 8,000 CT volumes for multi-organ segmentation in three weeks."" Advances in Neural Information Processing Systems 36 (2023).",NA
"208",NA,"doi:10.7281/T1/P69KYX",NA,NA
"209",10,"doi:10.7281/T1/AUBBJD","Bahl, A., Gnanadesikan, A., &amp; Pradal, M.-A. S. (2020). Scaling Global Warming Impacts on Ocean Ecosystems: Lessons From a Suite of Earth System Models. Frontiers in Marine Science, 7.","https://doi.org/10.3389/fmars.2020.00698"
"210",63,"doi:10.7281/T1/C304HZ","Grupp RB, Hegeman RA, Murphy RJ, Alexander CP, Otake Y, McArthur BA, Armand M, Taylor RH. Pose Estimation of Periacetabular Osteotomy Fragments With Intraoperative X-Ray Navigation. IEEE Trans Biomed Eng. 2020 Feb;67(2):441-452. Epub 2019 May 6. PMID: 31059424; PMCID: PMC7297497.","https://doi.org/10.1109/tbme.2019.2915165"
"211",138,"doi:10.7281/T1/U5GUV3","Pellitero, M. A.; Jensen, I. M.; Dominique, N. L.; Ekowo, L. C.; Camden, J. P.; Jenkins, D. M.; Arroyo-Currás, N. Stability of N-Heterocyclic Carbene Monolayers under Continuous Voltammetric Interrogation. ACS Appl. Mater. Interfaces 2023. https://doi.org/10.1021/acsami.3c06148.","https://doi.org/10.1021/acsami.3c06148"
"212",NA,"doi:10.7281/T1/YQDI0F",NA,NA
"213",32,"doi:10.7281/T1/IHPXXR","Clark, Vincent; Pellitero, Miguel A.; Arroyo-Currás, Netzahualcóyotl. (2023). Explaining the decay of nucleic acid-based sensors under continuous voltammetric interrogation. Analytical Chemistry, 95(11), 4974–4983.","https://doi.org/10.1021/acs.analchem.2c05158"
"214",178,"doi:10.7281/T1/KWDKME","T. Mukhopadhyaya, J. Wagner, T. D. Lee, C. Ganley, S. Tanwar, P. Raj, L. Li, Y. Song, S. J. Melvin, Y. Ji, P. Clancy, I. Barman, S. Thon, R. S. Klausen, H. E. Katz, Solution-Doped Donor–Acceptor Copolymers Based on Diketopyrrolopyrrole and 3, 3′-Bis (2-(2-(2-Methoxyethoxy) Ethoxy) ethoxy)-2, 2′-Bithiophene Exhibiting Outstanding Thermoelectric Power Factors with p-Dopants. Adv. Funct. Mater. 2024, 34, 2309646.","https://doi.org/10.1002/adfm.202309646"
"215",18,"doi:10.7281/T1/DX9DL8","Biswas, D., Arend, L. A., Stamper, S. A., Vágvölgyi, B. P., Fortune, E. S., &amp; Cowan, N. J. (2018). Closed-Loop Control of Active Sensing Movements Regulates Sensory Slip. Current Biology, 28(24), 4029-4036.e4.","https://doi.org/10.1016/j.cub.2018.11.002"
"216",97,"doi:10.7281/T1/OY2X8T","Koropouli, Eleftheria; Wang, Qiang; Mejías, Rebeca; Hand, Randal; Wang, Tao; Ginty, David D.; Kolodkin, Alex L. (2023) Palmitoylation regulates neuropilin-2 localization and function in cortical neurons and conveys specificity to semaphorin signaling via palmitoyl acyltransferases. eLife 2023;12:e83217.","https://doi.org/10.7554/eLife.83217"
"217",188,"doi:10.7281/T1/VNEEJB","Turner, M., &amp; Lewis, K. (2023). Geologic structure of the Vera Rubin ridge, Gale crater, Mars. Journal of Geophysical Research: Planets, 128, e2022JE007237.","https://doi.org/10.1029/2022JE007237"
"218",128,"doi:10.7281/T1/CZDPSX","Muschelli, John, et al. ""Validated automatic brain extraction of head CT images."" NeuroImage 114 (2015): 379-385.","https://doi.org/10.1016/j.neuroimage.2015.03.074"
"219",31,"doi:10.7281/T1JW8BSS","Chung, Erin Aeran. <i>Immigrant Incorporation in East Asian Democracies.</i> Cambridge and New York: Cambridge University Press, 2020.","https://www.cambridge.org/us/academic/subjects/politics-international-relations/comparative-politics/immigrant-incorporation-east-asian-democracies?format=PB"
"220",19,"doi:10.7281/T1/QS3QFT","Biswas, D., Lamperski, A., Yang, Y., Hoffman, K., Guckenheimer, J., Fortune, E. S., &amp; Cowan, N. J. (2023). Mode switching in organisms for solving explore-versus-exploit problems. Nature Machine Intelligence, 5(11), 1285–1296.","https://doi.org/10.1038/s42256-023-00745-y"
"221",28,"doi:10.7281/T1/C4RVLS","Chow, M. R., Celia Fernandez Brillet, Hageman, K. N., Roberts, D., Ayiotis, A. I., Haque, R. M., &amp; Della, C. C. (2023). Binocular 3D otolith-ocular reflexes: responses of chinchillas to natural and prosthetic stimulation after ototoxic injury and vestibular implantation. 129(5), 1157–1176.","https://doi.org/10.1152/jn.00445.2022"
"222",144,"doi:10.7281/T1/YZKNJ6","Qing Huo Liu, Kortylewski, A., Zhang, Z., Li, Z., Guo, M., Liu, Q., Yuan, X., Mu, J., Qiu, W., &amp; Yuille, A. L. (2021). Learning Part Segmentation through Unsupervised Domain Adaptation from Synthetic Vehicles. Proceedings of the IEEE/CVF Conference on Computer Vision and Pattern Recognition (CVPR), 2022, pp. 19140-19151. arXiv:2103.14098.","https://doi.org/10.48550/arxiv.2103.14098"
"223",113,"doi:10.7281/T1/IVVFCM","Manuscript submitted for publication",NA
"224",38,"doi:10.7281/T1/XTJ1YP","Craig Bakker, Benjamin F. Zaitchik, Sauleh Siddiqui, Benjamin F. Hobbs, Elena Broaddus, Roni A. Neff, Jonathan Haskett, Cindy L. Parker. (2018) Shocks, seasonality, and disaggregation: Modelling food security through the integration of agricultural, transportation, and economic systems, Agricultural Systems, 164, 165-184.","https://doi.org/10.1016/j.agsy.2018.04.005"
"225",92,"doi:10.7281/T1/1ECVB0","Jordan, A.K., Zaitchik, B.F., Gnanadesikan, A., Kim, D., and Badr, H.S. (2020) Strength of Linkages Between Dust and Circulation Over North Africa: results from a coupled modeling system with active dust. Journal of Geophysical Research-Atmospheres.","https://doi.org/10.1029/2019JD030961"
"226",36,"doi:10.7281/T1/BMATHH","Corver, A., Wilkerson, N., Miller, J., &amp; Gordus, A. (2021). Distinct movement patterns generate stages of spider web building. Current Biology.","https://doi.org/10.1016/j.cub.2021.09.030"
"227",56,"doi:10.7281/T1/D06YVM","Francis Ferraro, Max Thomas, Matthew Gormley, Travis Wolfe, Craig Harman, and Benjamin Van Durme. ""Concretely Annotated Corpora."" In <i>The Proceedings of the NIPS Workshop on Automated Knowledge Base Construction (AKBC)</i>. NIPS Workshop 2014.","https://www.cs.jhu.edu/~vandurme/papers/concretely-annotated-corpora.pdf"
"228",NA,"doi:10.7281/T1/CUEL0W",NA,NA
"229",155,"doi:10.7281/T1/UBSZF1","Schaffter, S.W., Chen, KL., O’Brien, J. et al. Standardized excitable elements for scalable engineering of far-from-equilibrium chemical networks. Nat. Chem. (2022).","https://doi.org/10.1038/s41557-022-01001-3"
"230",156,"doi:10.7281/T1/A9NKJ7","Schaffter, SW; Scalise, D; Murphy, TM; Patel, A; Schulman, R. “Feedback regulation of crystal growth by buffering monomer concentration.” Nature Communications (2020).",NA
"231",16,"doi:10.7281/T1/HWU9TZ","Beaudry, P., &amp; Sverjensky, D. A. (2024). Oxidized sulfur species in slab fluids as a source of enriched sulfur isotope signatures in arcs. Geochemistry, Geophysics, Geosystems, 25, e2024GC011542.","https://doi.org/10.1029/2024GC011542"
"232",NA,"doi:10.7281/T1/CGBG4F",NA,NA
"233",148,"doi:10.7281/T1/SQJ7G0","Recalde-Coronel, G. C., B. Zaitchik, W. K. Pan, Y. Zhou, and H. Badr, 2024: Contributions of Initial Conditions and Meteorological Forecast to Subseasonal-to-Seasonal Hydrological Forecast Skill in Western Tropical South America. J. Hydrometeor., 25, 709–733","https://doi.org/10.1175/JHM-D-23-0064.1"
"234",216,"doi:10.7281/T1/F5PD42","Yang, Y., Yared, D. G., Fortune, E. S., &amp; Cowan, N. J. (2024). Sensorimotor adaptation to destabilizing dynamics in weakly electric fish. CB/Current Biology.","https://doi.org/10.1016/j.cub.2024.04.019"
"235",17,"doi:10.7281/T1/XFNORD","Becker, N., Viete, D., Gomes, M., &amp; Sverjensky, D. (2024). Ophiolitic constraints on the evolution of subduction zone magma geochemistry. Doctoral dissertation, Johns Hopkins University.","https://jscholarship.library.jhu.edu/handle/1774.2/69406"
"236",NA,"doi:10.7281/T1/AOTRD6",NA,NA
"237",22,"doi:10.7281/T1/0HWVS1","Carlton, H.; Arepally, N.; Healy, S.; Sharma, A.; Ptashnik, S.; Schickel, M.; Newgren, M.; Goodwill, P.; Attaluri, A.; Ivkov, R. Magnetic Particle Imaging-Guided Thermal Simulations for Magnetic Particle Hyperthermia. Nanomaterials 2024, 14, 1059","https://doi.org/10.3390/nano14121059"
"238",134,"doi:10.7281/T1/GTUUUG","O'Brien BM, Moulick R, Jiménez-Avalos G, Rajasekaran N, Kaiser CM, Woodson SA. Stick-slip unfolding favors self-association of expanded HTT mRNA. bioRxiv 2024 Jun 3:2024.05.31.596809 [Preprint - Manuscript under review]","https://doi.org/10.1101/2024.05.31.596809"
"239",139,"doi:10.7281/T1/IRL0IE","Plug-and-play protein biosensors using aptamer-regulated in vitro transcription, Nature Communications (Submitted)",NA
"240",217,"doi:10.7281/T1/JDHWJN","Yu, Li-Eng, White, Elise N., and Woodson, Sarah A. “Optimized periphery-core interface increases fitness of the <i>Bacillus subtilis glmS</i> ribozyme”, revised manuscript to be submitted to Nucleic Acids Research.",NA
"241",193,"doi:10.7281/T1/VEORXP","Vincent, P. F. Y., Young, E. D., Edge, A. S. B., &amp; Glowatzki, E.. (2024). Auditory hair cells and spiral ganglion neurons regenerate synapses with refined release properties in vitro. 121(31), e2315599121.","https://doi.org/10.1073/pnas.2315599121"
"242",82,"doi:10.7281/T1/IZMSNX","J. E. Bond, A. J. Yeh, J. Edison and M. A. Bevan, 2024. Diffusion, density, and defects on spheres. <i>Soft Matter</i>.","https://doi.org/10.1039/D4SM00746H"
"243",115,"doi:10.7281/T1/WYN7FI","Manuscript under review in Nature Communication",NA
"244",35,"doi:10.7281/T1/V4BATB","Cole, J., &amp; Schulman, R. (2024). Limiting the Broadcast Range of a Secreting Cell during Intercellular Signaling Using Protease-Mediated Degradation. ACS Synthetic Biology.","https://doi.org/10.1021/acssynbio.4c00042"
"245",105,"doi:10.7281/T1/FPN6MI","Liu, H., Shaw-Saliba, K., Westerbeck, J., Jacobs, D., Fenstermacher, K., Chao, C.-Y., Gong, Y.-N., Powell, H., Ma, Z., Mehoke, T., Ernlund, A. W., Dziedzic, A., Vyas, S., Evans, J., Sauer, L. M., Wu, C.-C., Chen, S.-H., Rothman, R. E., Thielen, P., &amp; Chen, K.-F. (2024). Effect of human H3N2 influenza virus reassortment on influenza incidence and severity during the 2017–18 influenza season in the USA: a retrospective observational genomic analysis. The Lancet Microbe, 100852–100852.","https://doi.org/10.1016/s2666-5247(24)00067-3"
"246",90,"doi:10.7281/T1/OTISGL","Jonah Bregstone and Tom Woolf, (2023). “Modeling pollinator behavior through survival analysis” Graduate Thesis. Johns Hopkins University. JScholarship.","https://jscholarship.library.jhu.edu/handle/1774.2/69578"
"247",110,"doi:10.7281/T1/THLC8N","Madhav, M.S., Jayakumar, R.P., Li, B.Y. et al. Control and recalibration of path integration in place cells using optic flow. Nature Neuroscience 27, 1599–1608 (2024).","https://doi.org/10.1038/s41593-024-01681-9"
"248",198,"doi:10.7281/T1/XOL4BR","Wang, F., Alan, Neitzel, A. J., &amp; Ching Sing Chai. (2024). Does Chatting with Chatbots Improve Language Learning Performance? A Meta-Analysis of Chatbot-Assisted Language Learning. Review of Educational Research.","https://doi.org/10.3102/00346543241255621"
"249",1,"doi:10.7281/T1/KOTDPY","(Preprint) Wanshu Nie, Sujay kumar, Augusto Getirana et al. Nonstationarity in the global terrestrial water cycle and its interlinkages in the Anthropocene, 24 July 2023, PREPRINT (Version 1) available at Research Square [https://doi.org/10.21203/rs.3.rs-3168072/v1]",NA
"250",183,"doi:10.7281/T1/RE5GOK","Tuning N-heterocyclic carbene wingtips to form electrochemically stable adlayers on metals. Jensen I M, Clark V, Arroyo Currás N, Jenkins D M. Mater. Adv., 2024.","https://doi.org/10.1039/D4MA00648H"
"251",210,"doi:10.7281/T1/RDLYMJ","Wouters, C., Jaiprasath Sachithanandham, Akin, E., Pieterse, L., Fall, A., Truong, T. T., Jennifer Dien Bard, Yee, R., Sullivan, D. J., Mostafa, H. H., &amp; Pekosz, A. (2024). SARS-CoV-2 Variants from Long-Term, Persistently Infected Immunocompromised Patients Have Altered Syncytia Formation, Temperature-Dependent Replication, and Serum Neutralizing Antibody Escape. Viruses, 16(9), 1436–1436.","https://doi.org/10.3390/v16091436"
