"","name","author_id","dataset_id"
"1","Anna A Scott",NA,"doi:10.7281/T10Z715B"
"2","Ben Zaitchik","0000-0002-0698-0658","doi:10.7281/T10Z715B"
"3","Darryn W. Waugh","0000-0001-7692-2798","doi:10.7281/T10Z715B"
"4","Katie O’Meara",NA,"doi:10.7281/T10Z715B"
"5","Clara Hickman",NA,"doi:10.7281/T10Z715B"
"6","Sophie Stoerkel",NA,"doi:10.7281/T10Z715B"
"7","Mustafa M. Ankarali","0000-0002-1235-5373","doi:10.7281/T15Q4T12"
"8","Andrew Long",NA,"doi:10.7281/T15Q4T12"
"9","Amy J. Bastian","0000-0001-6079-0997","doi:10.7281/T15Q4T12"
"10"," Noah J. Cowan","0000-0003-2502-3770","doi:10.7281/T15Q4T12"
"11","Stephen L. Morgan","0000-0003-2198-1381","doi:10.7281/T1J10120"
"12","Joel A. Pally",NA,"doi:10.7281/T1J10120"
"13","NA Baltimore Police Department",NA,"doi:10.7281/T1J10120"
"14","Agbessi Amouzou","0000-0002-6262-3866","doi:10.7281/T19G5JRC"
"15","Benjamin Banda",NA,"doi:10.7281/T19G5JRC"
"16","Banza Baya",NA,"doi:10.7281/T19G5JRC"
"17","Robert E. Black","0000-0001-9926-7984","doi:10.7281/T19G5JRC"
"18","Jennifer Bryce",NA,"doi:10.7281/T19G5JRC"
"19","Tedbabe Degefie",NA,"doi:10.7281/T19G5JRC"
"20","Georges Guiella","0000-0001-8525-340X","doi:10.7281/T19G5JRC"
"21","Elizabeth Hazel","0000-0002-9176-3278","doi:10.7281/T19G5JRC"
"22","Rebecca A. Heidkamp",NA,"doi:10.7281/T19G5JRC"
"23","Kenneth H. Hill",NA,"doi:10.7281/T19G5JRC"
"24","Mercy Kanyuka",NA,"doi:10.7281/T19G5JRC"
"25","Hailemariam Legesse","0000-0001-5086-0744","doi:10.7281/T19G5JRC"
"26","Andrew Marsh",NA,"doi:10.7281/T19G5JRC"
"27","Abdoulaye Maïga","0000-0002-0475-1106","doi:10.7281/T19G5JRC"
"28","Yared Mekonnen","0000-0003-0227-2272","doi:10.7281/T19G5JRC"
"29","Nathan P. Miller",NA,"doi:10.7281/T19G5JRC"
"30","Tiope Mleme",NA,"doi:10.7281/T19G5JRC"
"31","Lawrence H. Moulton","0000-0001-7041-7387","doi:10.7281/T19G5JRC"
"32","Melinda Munos","0000-0002-1349-8026","doi:10.7281/T19G5JRC"
"33","Spy Munthali",NA,"doi:10.7281/T19G5JRC"
"34","Luwei Pearson",NA,"doi:10.7281/T19G5JRC"
"35","Lois A. Park",NA,"doi:10.7281/T19G5JRC"
"36","Jamie L. Perin","0000-0002-5482-6620","doi:10.7281/T19G5JRC"
"37","Timothy Roberton",NA,"doi:10.7281/T19G5JRC"
"38","Bryan Shaw",NA,"doi:10.7281/T19G5JRC"
"39","Mengistu Tafesse",NA,"doi:10.7281/T19G5JRC"
"40","Yvonne Tam","0000-0003-4849-5084","doi:10.7281/T19G5JRC"
"41","Adama Tiendrebeogo",NA,"doi:10.7281/T19G5JRC"
"42","Cesar G. Victora","0000-0002-2465-2180","doi:10.7281/T19G5JRC"
"43","Li Hui","0000-0002-3826-0735","doi:10.7281/T1/WBR06U"
"44","Jennifer Dailey",NA,"doi:10.7281/T1/WBR06U"
"45","Tejaswini Kale","0000-0001-7246-745X","doi:10.7281/T1/WBR06U"
"46","Kalpana Besar","0000-0002-3502-9378","doi:10.7281/T1/WBR06U"
"47","Kirsten Koehler","0000-0002-0516-6945","doi:10.7281/T1/WBR06U"
"48","Howard E. Katz","0000-0002-3190-2475","doi:10.7281/T1/WBR06U"
"49","Daniel R. Viete","0000-0001-5495-9370","doi:10.7281/T1/SP6KO3"
"50","Bradley R. Hacker",NA,"doi:10.7281/T1/SP6KO3"
"51","Mark B. Allen","0000-0002-0656-7898","doi:10.7281/T1/SP6KO3"
"52","Gareth G. E. Seward",NA,"doi:10.7281/T1/SP6KO3"
"53","Mark J. Tobin","0000-0003-1862-0649","doi:10.7281/T1/SP6KO3"
"54","Christopher S. Kelley",NA,"doi:10.7281/T1/SP6KO3"
"55","Gianfelice Cinque","0000-0001-6801-8010","doi:10.7281/T1/SP6KO3"
"56","Andrew R. Duckworth","0000-0001-5973-0524","doi:10.7281/T1/SP6KO3"
"57","Xingang Zhao","0000-0001-5852-9757","doi:10.7281/T1/CZZDLJ"
"58","Deepa Madan","0000-0002-0061-2715","doi:10.7281/T1/CZZDLJ"
"59","Yan Cheng",NA,"doi:10.7281/T1/CZZDLJ"
"60","Jiawang Zhou","0000-0002-2399-0030","doi:10.7281/T1/CZZDLJ"
"61","Hui Li","0000-0002-3826-0735","doi:10.7281/T1/CZZDLJ"
"62","Susanna M. Thon","0000-0002-1003-2650","doi:10.7281/T1/CZZDLJ"
"63","Arthur E. Bragg","0000-0002-3376-5494","doi:10.7281/T1/CZZDLJ"
"64","Mallory E. DeCoster","0000-0002-1139-9235","doi:10.7281/T1/CZZDLJ"
"65","Patrick E. Hopkins","0000-0002-3403-743X","doi:10.7281/T1/CZZDLJ"
"66","Howard E. Katz","0000-0002-3190-2475","doi:10.7281/T1/CZZDLJ"
"67","Hui Li","0000-0002-3826-0735","doi:10.7281/T1/YXVVML"
"68","Mallory E. Decoster","0000-0002-1139-9235","doi:10.7281/T1/YXVVML"
"69","Robert M. Ireland",NA,"doi:10.7281/T1/YXVVML"
"70","Jian Song",NA,"doi:10.7281/T1/YXVVML"
"71","Patrick E. Hopkins",NA,"doi:10.7281/T1/YXVVML"
"72","Howard E. Katz","0000-0002-3190-2475","doi:10.7281/T1/YXVVML"
"73","Wei Shi",NA,"doi:10.7281/T1/YI383C"
"74","Yifan Zheng",NA,"doi:10.7281/T1/YI383C"
"75","André D. Taylor",NA,"doi:10.7281/T1/YI383C"
"76","Junsheng Yu","0000-0002-7484-8114","doi:10.7281/T1/YI383C"
"77","Howard E. Katz",NA,"doi:10.7281/T1/YI383C"
"78","R. M. Ireland",NA,"doi:10.7281/T1/7VKY8K"
"79","Wu Liang","0000-0003-1696-7809","doi:10.7281/T1/7VKY8K"
"80","Maryam Salehi",NA,"doi:10.7281/T1/7VKY8K"
"81","Seongshik Oh",NA,"doi:10.7281/T1/7VKY8K"
"82","Norman P. Armitage",NA,"doi:10.7281/T1/7VKY8K"
"83","Howard E. Katz","0000-0002-3190-2475","doi:10.7281/T1/7VKY8K"
"84","Xinting Yu","0000-0002-7479-1437","doi:10.7281/T1/TP9B4Y"
"85","Sarah M. Hörst","0000-0003-4596-0702","doi:10.7281/T1/TP9B4Y"
"86","Chao He",NA,"doi:10.7281/T1/TP9B4Y"
"87","Patricia McGuiggan",NA,"doi:10.7281/T1/TP9B4Y"
"88","Wendy Ying",NA,"doi:10.7281/T1/OSQSMY"
"89","Di Zhao",NA,"doi:10.7281/T1/OSQSMY"
"90","Pamela Ouyang","0000-0003-4925-9059","doi:10.7281/T1/OSQSMY"
"91","Vinita Subramanya","0000-0002-1059-0847","doi:10.7281/T1/OSQSMY"
"92","Dhananjay Vaidya","0000-0002-7164-1601","doi:10.7281/T1/OSQSMY"
"93","Chiadi E. Ndumele",NA,"doi:10.7281/T1/OSQSMY"
"94","Kavita Sharma",NA,"doi:10.7281/T1/OSQSMY"
"95","Sanjiv J. Shah","0000-0002-5655-8201","doi:10.7281/T1/OSQSMY"
"96","Susan R. Heckbert",NA,"doi:10.7281/T1/OSQSMY"
"97","Joao A. Lima",NA,"doi:10.7281/T1/OSQSMY"
"98","Christopher R. deFilippi","0000-0002-0660-4943","doi:10.7281/T1/OSQSMY"
"99","Matthew J. Budoff","0000-0002-9616-1946","doi:10.7281/T1/OSQSMY"
"100","Wendy S. Post","0000-0002-8655-5204","doi:10.7281/T1/OSQSMY"
"101","Erin D. Michos","0000-0002-5547-5084","doi:10.7281/T1/OSQSMY"
"102","Michael L. Falk","0000-0002-8383-4259","doi:10.7281/T1/6Y08LS"
"103","Michael A. Beer","0000-0001-9955-3809","doi:10.7281/T1/6Y08LS"
"104","Tamas Budavari","0000-0002-7034-4621","doi:10.7281/T1/6Y08LS"
"105","David Kraemer",NA,"doi:10.7281/T1/6Y08LS"
"106","Steven Marra",NA,"doi:10.7281/T1/6Y08LS"
"107","Joanne Selinski","0000-0003-2831-4389","doi:10.7281/T1/6Y08LS"
"108","Qingyang Zhang",NA,"doi:10.7281/T1/K3ONN5"
"109","Evan Plunkett",NA,"doi:10.7281/T1/K3ONN5"
"110","Natalie Tibbels",NA,"doi:10.7281/T1/EAFMCT"
"111","Zoé Hendrickson",NA,"doi:10.7281/T1/EAFMCT"
"112","Danielle Naugle",NA,"doi:10.7281/T1/EAFMCT"
"113","Abdul Dosso",NA,"doi:10.7281/T1/EAFMCT"
"114","Lynn Van Lith",NA,"doi:10.7281/T1/EAFMCT"
"115","Elizabeth C. Mallalieu",NA,"doi:10.7281/T1/EAFMCT"
"116","Anne M. Kouadio Ngnanda",NA,"doi:10.7281/T1/EAFMCT"
"117","Walter Kra",NA,"doi:10.7281/T1/EAFMCT"
"118","Diarra Kamara",NA,"doi:10.7281/T1/EAFMCT"
"119","Patricia Dailly-Ajavon",NA,"doi:10.7281/T1/EAFMCT"
"120","Adama Cisse",NA,"doi:10.7281/T1/EAFMCT"
"121","Kim Seifert-Ahanda",NA,"doi:10.7281/T1/EAFMCT"
"122","Sereen Thaddeus",NA,"doi:10.7281/T1/EAFMCT"
"123","Stella Babalola",NA,"doi:10.7281/T1/EAFMCT"
"124","Christopher J. Hoffmann",NA,"doi:10.7281/T1/EAFMCT"
"125","Danielle A. Naugle",NA,"doi:10.7281/T1/ONZHUS"
"126","Natalie J. Tibbels","0000-0001-6848-1881","doi:10.7281/T1/ONZHUS"
"127","Zoé M. Hendrickson","0000-0003-2057-2463","doi:10.7281/T1/ONZHUS"
"128","Abdul Dosso",NA,"doi:10.7281/T1/ONZHUS"
"129","Lynn Van Lith",NA,"doi:10.7281/T1/ONZHUS"
"130","Elizabeth C. Mallalieu","0000-0003-0724-7826","doi:10.7281/T1/ONZHUS"
"131","Anne Marie Kouadio",NA,"doi:10.7281/T1/ONZHUS"
"132","Walter Kra",NA,"doi:10.7281/T1/ONZHUS"
"133","Diarra Kamara",NA,"doi:10.7281/T1/ONZHUS"
"134","Patricia Dailly-Ajavon",NA,"doi:10.7281/T1/ONZHUS"
"135","Adama Cisse",NA,"doi:10.7281/T1/ONZHUS"
"136","Kim Seifert-Ahanda",NA,"doi:10.7281/T1/ONZHUS"
"137","Sereen Thaddeus",NA,"doi:10.7281/T1/ONZHUS"
"138","Stella Babalola",NA,"doi:10.7281/T1/ONZHUS"
"139","Christopher J. Hoffmann","0000-0002-9422-0519","doi:10.7281/T1/ONZHUS"
"140","Evan Plunkett",NA,"doi:10.7281/T1/V3Z6DD"
"141","Tejaswini S. Kale",NA,"doi:10.7281/T1/V3Z6DD"
"142","Qingyang Zhang",NA,"doi:10.7281/T1/V3Z6DD"
"143","Howard E. Katz","0000-0002-3190-2475","doi:10.7281/T1/V3Z6DD"
"144","Daniel H. Reich","0000-0001-6313-9884","doi:10.7281/T1/V3Z6DD"
"145","Hui Li",NA,"doi:10.7281/T1/BIJWVL"
"146","Howard Katz","0000-0002-3190-2475","doi:10.7281/T1/BIJWVL"
"147","Hyun-June Jang","0000-0001-8218-2482","doi:10.7281/T1/3XLWZX"
"148","Beatriz Munoz",NA,"doi:10.7281/T1/BIJBI6"
"149","Sheila West",NA,"doi:10.7281/T1/BIJBI6"
"150","Alison E. Turnbull","0000-0002-1564-6547","doi:10.7281/T1/6BHBC4"
"151","Xintong Li",NA,"doi:10.7281/T1/6BHBC4"
"152","Pragyashree S. Basyal",NA,"doi:10.7281/T1/6BHBC4"
"153","Melissa L. Teply",NA,"doi:10.7281/T1/6BHBC4"
"154","Arun L. Singh",NA,"doi:10.7281/T1/6BHBC4"
"155","Wanshu Nie",NA,"doi:10.7281/T1/AZE8LU"
"156","Benjamin F. Zaitchik",NA,"doi:10.7281/T1/AZE8LU"
"157","Di Zhao","0000-0002-9978-6773","doi:10.7281/T1/NH6EGH"
"158","Eliseo Guallar","0000-0002-4471-9565","doi:10.7281/T1/NH6EGH"
"159","Christie M. Ballantyne",NA,"doi:10.7281/T1/NH6EGH"
"160","Wendy S. Post","0000-0002-8655-5204","doi:10.7281/T1/NH6EGH"
"161","Pamela Ouyang","0000-0003-4925-9059","doi:10.7281/T1/NH6EGH"
"162","Dhananjay Vaidya","0000-0002-7164-1601","doi:10.7281/T1/NH6EGH"
"163","Xiaoming Jia",NA,"doi:10.7281/T1/NH6EGH"
"164","Wendy Ying",NA,"doi:10.7281/T1/NH6EGH"
"165","Vinita Subramanya","0000-0002-1059-0847","doi:10.7281/T1/NH6EGH"
"166","Chiadi E. Ndumele",NA,"doi:10.7281/T1/NH6EGH"
"167","Ron C. Hoogeveen","0000-0003-2399-4653","doi:10.7281/T1/NH6EGH"
"168","Erin D. Michos","0000-0002-5547-5084","doi:10.7281/T1/NH6EGH"
"169","Peter J. Kitonsa","0000-0003-2971-216X","doi:10.7281/T1/7WS8AD"
"170","Annet Nalutaaya","0000-0003-3903-303X","doi:10.7281/T1/7WS8AD"
"171","James Mukiibi",NA,"doi:10.7281/T1/7WS8AD"
"172","Olga Nakasolya",NA,"doi:10.7281/T1/7WS8AD"
"173","David Isooba",NA,"doi:10.7281/T1/7WS8AD"
"174","Caleb Kamoga",NA,"doi:10.7281/T1/7WS8AD"
"175","Yeonsoo Baik","0000-0001-7016-0438","doi:10.7281/T1/7WS8AD"
"176","Katherine Robsky","0000-0001-7789-5779","doi:10.7281/T1/7WS8AD"
"177","David W. Dowdy","0000-0003-0481-7475","doi:10.7281/T1/7WS8AD"
"178","Achilles Katamba","0000-0002-2347-4183","doi:10.7281/T1/7WS8AD"
"179","Emily A. Kendall","0000-0002-0083-422X","doi:10.7281/T1/7WS8AD"
"180","Kellan E. Baker","0000-0002-9716-7936","doi:10.7281/T1/E70MXR"
"181","Lisa M. Wilson",NA,"doi:10.7281/T1/E70MXR"
"182","Ritu Sharma",NA,"doi:10.7281/T1/E70MXR"
"183","Vadim Dukhanin","0000-0002-8685-0027","doi:10.7281/T1/E70MXR"
"184","Kristen McArthur","0000-0001-5601-1583","doi:10.7281/T1/E70MXR"
"185","Karen A. Robinson","0000-0003-1021-7820","doi:10.7281/T1/E70MXR"
"186","Hyun-June Jang","0000-0001-8218-2482","doi:10.7281/T1/ZOW11X"
"187","Yunjia Song",NA,"doi:10.7281/T1/ZOW11X"
"188","Justine Wagner","0000-0003-4647-0449","doi:10.7281/T1/ZOW11X"
"189","Howard E. Katz","0000-0002-3190-2475","doi:10.7281/T1/ZOW11X"
"190","Jinfeng Han",NA,"doi:10.7281/T1/GH4EF2"
"191","Huidong Fan",NA,"doi:10.7281/T1/GH4EF2"
"192","Qingyang Zhang",NA,"doi:10.7281/T1/GH4EF2"
"193","Qin Hu",NA,"doi:10.7281/T1/GH4EF2"
"194","Thomas P. Russell",NA,"doi:10.7281/T1/GH4EF2"
"195","Howard E. Katz",NA,"doi:10.7281/T1/GH4EF2"
"196","Hyun-June Jang","0000-0001-8218-2482","doi:10.7281/T1/KCIPSB"
"197","Justine Wagner","0000-0003-4647-0449","doi:10.7281/T1/KCIPSB"
"198","Yunjia Song","0000-0002-1216-0285","doi:10.7281/T1/KCIPSB"
"199","Taein Lee","0000-0001-8176-9759","doi:10.7281/T1/KCIPSB"
"200","Howard E. Katz","0000-0002-3190-2475","doi:10.7281/T1/KCIPSB"
"201","Jinhee Hur","0000-0003-0968-208X","doi:10.7281/T1/CCC69H"
"202","Kerry J. Schulze",NA,"doi:10.7281/T1/CCC69H"
"203","Andrew L. Thorne-Lyman","0000-0001-5917-4126","doi:10.7281/T1/CCC69H"
"204","Lee S.-F. Wu",NA,"doi:10.7281/T1/CCC69H"
"205","Saijuddin Shaikh","0000-0001-5095-1478","doi:10.7281/T1/CCC69H"
"206","Hasmot Ali","0000-0003-0044-1992","doi:10.7281/T1/CCC69H"
"207","Alain B. Labrique","0000-0003-2502-7819","doi:10.7281/T1/CCC69H"
"208","Keith P. West Jr.","0000-0001-9458-362X","doi:10.7281/T1/CCC69H"
"209","Tushita Mukhopadhyaya",NA,"doi:10.7281/T1/4WX5QC"
"210","Justine S. Wagner",NA,"doi:10.7281/T1/4WX5QC"
"211","Huidong Fan",NA,"doi:10.7281/T1/4WX5QC"
"212","Howard E. Katz",NA,"doi:10.7281/T1/4WX5QC"
"213","Lisa Mwaikambo",NA,"doi:10.7281/T1/SWNGEP"
"214","Sarah Brittingham",NA,"doi:10.7281/T1/SWNGEP"
"215","Saori Ohkubo",NA,"doi:10.7281/T1/SWNGEP"
"216","Ruwaida Salem","0000-0003-3639-7831","doi:10.7281/T1/SWNGEP"
"217","Denis Joel Sama",NA,"doi:10.7281/T1/SWNGEP"
"218","Fatimata Sow",NA,"doi:10.7281/T1/SWNGEP"
"219","Deepti Mathur",NA,"doi:10.7281/T1/SWNGEP"
"220","Nneoma Nonyelum Anieto",NA,"doi:10.7281/T1/SWNGEP"
"221","Taein Lee","0000-0001-8176-9759","doi:10.7281/T1/EWN8ZN"
"222","Sayak Subhra Panda","0000-0001-9724-6725","doi:10.7281/T1/EWN8ZN"
"223","John D. Tovar","0000-0002-9650-2210","doi:10.7281/T1/EWN8ZN"
"224","Howard E. Katz","0000-0002-3190-2475","doi:10.7281/T1/EWN8ZN"
"225","Sarah E. Moran","0000-0002-6721-3284","doi:10.7281/T1/BXJT0B"
"226","Sarah M. Hörst","0000-0003-4596-0702","doi:10.7281/T1/BXJT0B"
"227","Chao He","0000-0002-6694-0965","doi:10.7281/T1/BXJT0B"
"228","Michael J. Radke","0000-0002-4072-181X","doi:10.7281/T1/BXJT0B"
"229","Joshua A. Sebree","0000-0001-9612-8532","doi:10.7281/T1/BXJT0B"
"230","Noam R. Izenberg","0000-0003-1629-6478","doi:10.7281/T1/BXJT0B"
"231","Véronique Vuitton","0000-0001-7273-1898","doi:10.7281/T1/BXJT0B"
"232","Laurène Flandinet","0000-0001-7190-7396","doi:10.7281/T1/BXJT0B"
"233","François-Régis Orthous-Daunay","0000-0002-1170-0550","doi:10.7281/T1/BXJT0B"
"234","Cédric Wolters","0000-0002-9710-4740","doi:10.7281/T1/BXJT0B"
"235","Tushita Mukhopadhyay","0000-0002-8053-9668","doi:10.7281/T1/ENWXRU"
"236","Howard E. Katz","0000-0002-3190-2475","doi:10.7281/T1/ENWXRU"
"237","Tushita Mukhopadhyaya","0000-0002-8053-9668","doi:10.7281/T1/8OFLMF"
"238","Taein Lee","0000-0001-8176-9759","doi:10.7281/T1/8OFLMF"
"239","Connor Ganley","0000-0003-3851-3218","doi:10.7281/T1/8OFLMF"
"240","Paulette Clancy","0000-0002-0468-6420","doi:10.7281/T1/8OFLMF"
"241","Howard E. Katz","0000-0002-0468-6420","doi:10.7281/T1/8OFLMF"
"242","Mary C. Lonsdale",NA,"doi:10.7281/T1/IM9BZI"
"243","Anne-Sofie C. Ahm","0000-0002-5142-0326","doi:10.7281/T1/IM9BZI"
"244","Lyle L. Nelson",NA,"doi:10.7281/T1/IM9BZI"
"245","Jacob Thompson",NA,"doi:10.7281/T1/IM9BZI"
"246","John A. Higgins","0000-0002-4893-4561","doi:10.7281/T1/IM9BZI"
"247","Emily F. Smith",NA,"doi:10.7281/T1/IM9BZI"
"248","Laura A. St Clair","0000-0001-5913-2073","doi:10.7281/T1/IRMGH8"
"249","Raghda E. Eldesouki","0000-0002-8860-3484","doi:10.7281/T1/IRMGH8"
"250","Jaiprasath Sachithanandham",NA,"doi:10.7281/T1/IRMGH8"
"251","Anna Yin","0000-0002-1612-5532","doi:10.7281/T1/IRMGH8"
"252","Amary Fall",NA,"doi:10.7281/T1/IRMGH8"
"253","Paul Morris",NA,"doi:10.7281/T1/IRMGH8"
"254","Julie M. Norton",NA,"doi:10.7281/T1/IRMGH8"
"255","Omar Abdullah",NA,"doi:10.7281/T1/IRMGH8"
"256","Santosh Dhakal","0000-0002-4494-8608","doi:10.7281/T1/IRMGH8"
"257","Caelan Barranta",NA,"doi:10.7281/T1/IRMGH8"
"258","Hana Golding",NA,"doi:10.7281/T1/IRMGH8"
"259","Susan J. Bersoff-Matcha",NA,"doi:10.7281/T1/IRMGH8"
"260","Catherine Pilgrim-Grayson",NA,"doi:10.7281/T1/IRMGH8"
"261","Leah Berhane",NA,"doi:10.7281/T1/IRMGH8"
"262","Andrea L. Cox",NA,"doi:10.7281/T1/IRMGH8"
"263","Irina Burd",NA,"doi:10.7281/T1/IRMGH8"
"264","Andrew Pekosz","0000-0003-3248-1761","doi:10.7281/T1/IRMGH8"
"265","Heba H. Mostafa",NA,"doi:10.7281/T1/IRMGH8"
"266","Eili Y. Klein",NA,"doi:10.7281/T1/IRMGH8"
"267","Sabra L. Klein",NA,"doi:10.7281/T1/IRMGH8"
"268","Liang Wu","0000-0003-1696-7809","doi:10.7281/T1RF5RZ7"
"269","Robert M. Ireland",NA,"doi:10.7281/T1RF5RZ7"
"270","Maryam Salehi","0000-0002-2977-5040","doi:10.7281/T1RF5RZ7"
"271","Bingquing Cheng",NA,"doi:10.7281/T1RF5RZ7"
"272","Nikesh Koirala",NA,"doi:10.7281/T1RF5RZ7"
"273","Sean Oh","0000-0003-1681-516X","doi:10.7281/T1RF5RZ7"
"274","Howard E. Katz","0000-0002-3190-2475","doi:10.7281/T1RF5RZ7"
"275","N. Peter Armitage","0000-0001-7568-2059","doi:10.7281/T1RF5RZ7"
"276","Stella Babalola",NA,"doi:10.7281/T14Q7RW8"
"277","Emily Ricotta","0000-0001-9928-8275","doi:10.7281/T14Q7RW8"
"278","Grace Awantang",NA,"doi:10.7281/T14Q7RW8"
"279","Nan Lewicky",NA,"doi:10.7281/T14Q7RW8"
"280","Hannah Koenker","0000-0001-8960-4297","doi:10.7281/T14Q7RW8"
"281","Michael Toso","0000-0002-7459-4978","doi:10.7281/T14Q7RW8"
"282","Marc Boulay",NA,"doi:10.7281/T14Q7RW8"
"283","Alison E. Turnbull","0000-0002-1564-6547","doi:10.7281/T1/FN9EH6"
"284","Mohamed D. Hashem",NA,"doi:10.7281/T1/FN9EH6"
"285","Anahita Rabiee","0000-0002-8833-3592","doi:10.7281/T1/FN9EH6"
"286","An To","0000-0003-3170-2999","doi:10.7281/T1/FN9EH6"
"287","Caroline M. Chessare",NA,"doi:10.7281/T1/FN9EH6"
"288","Mark L. Van Natta","0000-0002-3219-9451","doi:10.7281/T1SF2T31"
"289","K. Patrick May",NA,"doi:10.7281/T1SF2T31"
"290","Alison E. Turnbull","0000-0002-1564-6547","doi:10.7281/T1/ZHG9BB"
"291","Mohamed D. Hashem",NA,"doi:10.7281/T1/ZHG9BB"
"292","Anahita Rabiee","0000-0002-8833-3592","doi:10.7281/T1/ZHG9BB"
"293","An To","0000-0003-3170-2999","doi:10.7281/T1/ZHG9BB"
"294","Caroline M. Chessare",NA,"doi:10.7281/T1/ZHG9BB"
"295","Mohammad Shaear","0000-0001-8688-115X","doi:10.7281/T1/ZHG9BB"
"296","Rachel Coffin","0000-0002-5194-3055","doi:10.7281/T1/ZHG9BB"
"297","Dale M. Needham",NA,"doi:10.7281/T1/ZHG9BB"
"298","Alison E. Turnbull","0000-0002-1564-6547","doi:10.7281/T1/4AJ8Y1"
"299","Caroline M.  Chessare",NA,"doi:10.7281/T1/4AJ8Y1"
"300","Rachel Coffin","0000-0002-5194-3055","doi:10.7281/T1/4AJ8Y1"
"301","Dale M. Needham",NA,"doi:10.7281/T1/4AJ8Y1"
"302","Michael Eggen",NA,"doi:10.7281/T1/SQ6FO9"
"303","Mutlu Ozdogan",NA,"doi:10.7281/T1/SQ6FO9"
"304","Benjamin F. Zaitchik","0000-0002-0698-0658","doi:10.7281/T1/SQ6FO9"
"305","Belay Simane","0000-0002-8004-3486","doi:10.7281/T1/SQ6FO9"
"306","Jiyuan Huang",NA,"doi:10.7281/T1/KV9KNX"
"307","Hui Li",NA,"doi:10.7281/T1/KV9KNX"
"308","Christina Hoffman",NA,"doi:10.7281/T1/KV9KNX"
"309","Howard Katz","https://orcid.org/0000-0002-3190-2475","doi:10.7281/T1/KV9KNX"
"310","Risa M. Wolf",NA,"doi:10.7281/T1/TNHLOJ"
"311","Andrew E. Jaffe","0000-0001-6886-1454","doi:10.7281/T1/TNHLOJ"
"312","Kimberly E. Steele","0000-0001-5096-6549","doi:10.7281/T1/TNHLOJ"
"313","Michael A. Schweitzer",NA,"doi:10.7281/T1/TNHLOJ"
"314","Thomas M. Magnuson",NA,"doi:10.7281/T1/TNHLOJ"
"315","Andrew Wolfe","0000-0003-1120-1679","doi:10.7281/T1/TNHLOJ"
"316","G. William Wong","0000-0002-5286-6506","doi:10.7281/T1/TNHLOJ"
"317","Huang Yang","0000-0002-5693-0392","doi:10.7281/T1/AWJUGZ"
"318","Darryn W. Waugh","0000-0001-7692-2798","doi:10.7281/T1/AWJUGZ"
"319","Jodi B. Segal",NA,"doi:10.7281/T1/YOFR1E"
"320","Maningbe Keita",NA,"doi:10.7281/T1/YOFR1E"
"321","Y.K. Shin",NA,"doi:10.7281/T1/YOFR1E"
"322","Ariel Green",NA,"doi:10.7281/T1/EOPWE4"
"323","Monica Tung",NA,"doi:10.7281/T1/EOPWE4"
"324","Jodi B. Segal","0000-0003-3978-9662","doi:10.7281/T1/EOPWE4"
"325","Anand Gnanadesikan","0000-0001-5784-1116","doi:10.7281/T1/IJO1FU"
"326","Marie-Aude Pradal","0000-0002-5301-9659","doi:10.7281/T1/IJO1FU"
"327","Sarah Ragen","0000-0003-0987-6060","doi:10.7281/T1/IJO1FU"
"328","Ian M. Oppenheim","0000-0002-1643-8803","doi:10.7281/T1/VWQ4J3"
"329","Emma M. Lee",NA,"doi:10.7281/T1/VWQ4J3"
"330","Scott T. Vasher","0000-0002-6554-7803","doi:10.7281/T1/VWQ4J3"
"331","Sandra E. Zaeh","0000-0002-5091-1975","doi:10.7281/T1/VWQ4J3"
"332","Joanna L. Hart",NA,"doi:10.7281/T1/VWQ4J3"
"333","Alison E. Turnbull","0000-0002-1564-6547","doi:10.7281/T1/VWQ4J3"
"334","Steven J. Chow","0000-0001-5135-4747","doi:10.7281/T1/I3ILXO"
"335","Michelle M. Lorah","0000-0002-9236-587X","doi:10.7281/T1/I3ILXO"
"336","Amar R. Wadhawan",NA,"doi:10.7281/T1/I3ILXO"
"337","Neal D. Durant",NA,"doi:10.7281/T1/I3ILXO"
"338","Edward J. Bouwer",NA,"doi:10.7281/T1/I3ILXO"
"339","Joseph Serigano","0000-0003-3849-5064","doi:10.7281/T1/QGOMA0"
"340","Sarah M. Hörst","0000-0003-4596-0702","doi:10.7281/T1/QGOMA0"
"341","Chao He","0000-0002-6694-0965","doi:10.7281/T1/QGOMA0"
"342","Thomas Gautier","0000-0002-9794-5056","doi:10.7281/T1/QGOMA0"
"343","Roger V. Yelle","0000-0002-2587-9539","doi:10.7281/T1/QGOMA0"
"344","Tommi T. Koskinen",NA,"doi:10.7281/T1/QGOMA0"
"345","Melissa G. Trainer","0000-0003-1106-8580","doi:10.7281/T1/QGOMA0"
"346","Hui Li",NA,"doi:10.7281/T1/MYJBMQ"
"347","Mallory E. DeCoster",NA,"doi:10.7281/T1/MYJBMQ"
"348","Chen Ming",NA,"doi:10.7281/T1/MYJBMQ"
"349","Mengdi Wang",NA,"doi:10.7281/T1/MYJBMQ"
"350","Yanling Chen",NA,"doi:10.7281/T1/MYJBMQ"
"351","Patrick E. Hopkins",NA,"doi:10.7281/T1/MYJBMQ"
"352","Lidong Chen",NA,"doi:10.7281/T1/MYJBMQ"
"353","Howard E. Katz",NA,"doi:10.7281/T1/MYJBMQ"
"354","Darryn W. Waugh","0000-0001-7692-2798","doi:10.7281/T1/AWWAKP"
"355","Qingyang Zhang",NA,"doi:10.7281/T1/CRHEAH"
"356","Brandon Barrett",NA,"doi:10.7281/T1/CRHEAH"
"357","Arthur E. Bragg","0000-0002-3376-5494","doi:10.7281/T1/CRHEAH"
"358","Howard E. Katz","0000-0002-3190-2475","doi:10.7281/T1/CRHEAH"
"359","Yeonsoo Baik","0000-0001-7016-0438","doi:10.7281/T1/W2AG3A"
"360","David W. Dowdy","0000-0003-0481-7475","doi:10.7281/T1/W2AG3A"
"361","Minming Cui","0000-0002-8985-0372","doi:10.7281/T1/BNSVVD"
"362","Anand Gnanadesikan","0000-0001-5784-1116","doi:10.7281/T1/BNSVVD"
"363","Evan C. Plunkett",NA,"doi:10.7281/T1/BT02SS"
"364","Qingyang Zhang",NA,"doi:10.7281/T1/BT02SS"
"365","Howard E. Katz",NA,"doi:10.7281/T1/BT02SS"
"366","Daniel H. Reich",NA,"doi:10.7281/T1/BT02SS"
"367","Renée Marlin-Bennett","https://orcid.org/0000-0002-4341-0064","doi:10.7281/T1/I9NL60"
"368","Susan T. Jackson","https://orcid.org/0000-0003-4266-7973","doi:10.7281/T1/I9NL60"
"369","Qingyang Zhang",NA,"doi:10.7281/T1/VCPZIK"
"370","Brandon Barrett",NA,"doi:10.7281/T1/VCPZIK"
"371","Taein Lee","0000-0001-8176-9759","doi:10.7281/T1/VCPZIK"
"372","Tushita Mukhopadhyaya","0000-0002-8053-9668","doi:10.7281/T1/VCPZIK"
"373","Chengchangfeng Lu",NA,"doi:10.7281/T1/VCPZIK"
"374","Evan C. Plunkett",NA,"doi:10.7281/T1/VCPZIK"
"375","Tejaswini Kale","0000-0001-7246-745X","doi:10.7281/T1/VCPZIK"
"376","Chen Chi",NA,"doi:10.7281/T1/VCPZIK"
"377","Kenneth J.T. Livi","0000-0001-7728-5460","doi:10.7281/T1/VCPZIK"
"378","Patricia McGuiggan",NA,"doi:10.7281/T1/VCPZIK"
"379","Daniel H. Reich","0000-0001-6313-9884","doi:10.7281/T1/VCPZIK"
"380","Susanna Thon","0000-0002-1003-2650","doi:10.7281/T1/VCPZIK"
"381","Arthur E. Bragg","0000-0002-3376-5494","doi:10.7281/T1/VCPZIK"
"382","Howard E. Katz","0000-0002-3190-2475","doi:10.7281/T1/VCPZIK"
"383","Justine Wagner",NA,"doi:10.7281/T1/PG105Y"
"384","Yunjia Song",NA,"doi:10.7281/T1/PG105Y"
"385","Jenna Shapiro","https://orcid.org/0000-0003-2369-540X","doi:10.7281/T1/PG105Y"
"386","Howard E. Katz","https://orcid.org/0000-0002-3190-2475","doi:10.7281/T1/PG105Y"
"387","Jinfeng Han","0000-0002-6140-4522","doi:10.7281/T1/NT8FQN"
"388","Arlene Chiu","0000-0002-7009-4984","doi:10.7281/T1/NT8FQN"
"389","Connor Ganley","0000-0003-3851-3218","doi:10.7281/T1/NT8FQN"
"390","Patty McGuiggan",NA,"doi:10.7281/T1/NT8FQN"
"391","Susanna M. Thon","0000-0002-1003-2650","doi:10.7281/T1/NT8FQN"
"392","Paulette Clancy","0000-0002-0468-6420","doi:10.7281/T1/NT8FQN"
"393","Howard E. Katz","0000-0002-3190-2475","doi:10.7281/T1/NT8FQN"
"394","Jinfeng Han",NA,"doi:10.7281/T1/0JWMF0"
"395","Connor Ganley",NA,"doi:10.7281/T1/0JWMF0"
"396","Qin Hu",NA,"doi:10.7281/T1/0JWMF0"
"397","Xingang Zhao",NA,"doi:10.7281/T1/0JWMF0"
"398","Paulette Clancy","https://orcid.org/0000-0002-0468-6420","doi:10.7281/T1/0JWMF0"
"399","Thomas P. Russell",NA,"doi:10.7281/T1/0JWMF0"
"400","Howard E. Katz","https://orcid.org/0000-0002-3190-2475","doi:10.7281/T1/0JWMF0"
"401","Jinfeng Han","0000-0002-6140-4522","doi:10.7281/T1/D3EV75"
"402","Emma Tiernan",NA,"doi:10.7281/T1/D3EV75"
"403","Taein Lee","0000-0001-8176-9759","doi:10.7281/T1/D3EV75"
"404","Arlene Chiu","0000-0002-7009-4984","doi:10.7281/T1/D3EV75"
"405","Patricia McGuiggan",NA,"doi:10.7281/T1/D3EV75"
"406","Nicholas Adams",NA,"doi:10.7281/T1/D3EV75"
"407","John A. Timko",NA,"doi:10.7281/T1/D3EV75"
"408","Patrick E. Hopkins",NA,"doi:10.7281/T1/D3EV75"
"409","Susanna M. Thon","0000-0002-1003-2650","doi:10.7281/T1/D3EV75"
"410","John D. Tovar","0000-0002-9650-2210","doi:10.7281/T1/D3EV75"
"411","Howard E. Katz","0000-0002-3190-2475","doi:10.7281/T1/D3EV75"
"412","Christine Beauchene","0000-0003-0787-4520","doi:10.7281/T1/B660D2"
"413","Thomas Hinault","0000-0001-9939-0640","doi:10.7281/T1/B660D2"
"414","Sridevi V. Sarma","0000-0002-4817-6625","doi:10.7281/T1/B660D2"
"415","Susan M. Courtney","0000-0003-1469-8879","doi:10.7281/T1/B660D2"
"416","Jinfeng Han",NA,"doi:10.7281/T1/5UEIRG"
"417","Yunjia Song",NA,"doi:10.7281/T1/5UEIRG"
"418","Nan Chen",NA,"doi:10.7281/T1/5UEIRG"
"419","Arlene Chiu","https://orcid.org/0000-0002-7009-4984","doi:10.7281/T1/5UEIRG"
"420","Patricia McGuiggan",NA,"doi:10.7281/T1/5UEIRG"
"421","Nicholas Adams",NA,"doi:10.7281/T1/5UEIRG"
"422","Susanna M. Thon","https://orcid.org/0000-0002-1003-2650","doi:10.7281/T1/5UEIRG"
"423","John D. Tovar","https://orcid.org/0000-0002-9650-2210","doi:10.7281/T1/5UEIRG"
"424","Howard E. Katz","https://orcid.org/0000-0002-3190-2475","doi:10.7281/T1/5UEIRG"
"425","Xinhao Fan","0000-0002-0773-7473","doi:10.7281/T1/7IXSOP"
"426","Jacob Elsey","0000-0003-0936-0865","doi:10.7281/T1/7IXSOP"
"427","Aurelien Wyngaard",NA,"doi:10.7281/T1/7IXSOP"
"428","Aaron Sampson","0000-0001-7973-1647","doi:10.7281/T1/7IXSOP"
"429","You-Ping Yang","0000-0003-3913-8982","doi:10.7281/T1/7IXSOP"
"430","Erik Emeric",NA,"doi:10.7281/T1/7IXSOP"
"431","Moshe Glickman",NA,"doi:10.7281/T1/7IXSOP"
"432","Marius Usher","0000-0001-8041-9060","doi:10.7281/T1/7IXSOP"
"433","Dino Levy","0000-0003-4290-7762","doi:10.7281/T1/7IXSOP"
"434","Veit Stuphorn","0000-0003-1117-9993","doi:10.7281/T1/7IXSOP"
"435","Ernst Niebur",NA,"doi:10.7281/T1/7IXSOP"
"436","Tushita Mukhopadhyaya","0000-0002-8053-9668","doi:10.7281/T1/YUHUYN"
"437"," Taein D. Lee","0000-0001-8176-9759","doi:10.7281/T1/YUHUYN"
"438","Connor Ganley","0000-0003-3851-3218","doi:10.7281/T1/YUHUYN"
"439","Swati Tanwar","0000-0002-0430-1922","doi:10.7281/T1/YUHUYN"
"440","Piyush Raj","0000-0002-1488-9475","doi:10.7281/T1/YUHUYN"
"441","Lulin Li",NA,"doi:10.7281/T1/YUHUYN"
"442","Yunjia Song",NA,"doi:10.7281/T1/YUHUYN"
"443","Paulette Clancy","0000-0002-0468-6420","doi:10.7281/T1/YUHUYN"
"444","Ishan Barman","0000-0003-0800-0825","doi:10.7281/T1/YUHUYN"
"445","Susanna Thon","0000-0002-1003-2650","doi:10.7281/T1/YUHUYN"
"446","Howard E. Katz","0000-0002-3190-2475","doi:10.7281/T1/YUHUYN"
"447","Taein D. Lee","0000-0001-8176-9759","doi:10.7281/T1/1MQMFC"
"448","Sayak Panda","0000-0001-9724-6725","doi:10.7281/T1/1MQMFC"
"449","Grant Hall","0009-0006-5089-717X","doi:10.7281/T1/1MQMFC"
"450","Yunjia Song",NA,"doi:10.7281/T1/1MQMFC"
"451","John D. Tovar","0000-0002-9650-2210","doi:10.7281/T1/1MQMFC"
"452","Howard E. Katz","0000-0002-3190-2475","doi:10.7281/T1/1MQMFC"
"453","Gregory S. Cohen",NA,"doi:10.7281/T1/F1GCSB"
"454","Sahana Jayaraman","0000-0003-3413-2530","doi:10.7281/T1/F1GCSB"
"455","H. Benjamin Larman",NA,"doi:10.7281/T1/F1GCSB"
"456","Scott M. Krummey","0000-0002-7504-9162","doi:10.7281/T1/F1GCSB"
"457","James A. Agamaite",NA,"doi:10.7281/T1/YC5BS6"
"458","Chia-Jung Chang",NA,"doi:10.7281/T1/YC5BS6"
"459","Michael S. Osmanski","0000-0003-3458-9215","doi:10.7281/T1/YC5BS6"
"460","Xiaoqin Wang","0000-0002-3999-0772","doi:10.7281/T1/YC5BS6"
"461","Vivek P. Jani","0000-0002-3811-4973","doi:10.7281/T1/AGLFQ2"
"462","Axel Fenwick","0000-0002-8296-537X","doi:10.7281/T1/AGLFQ2"
"463","Thomas Sharp","0000-0001-8706-9825","doi:10.7281/T1/AGLFQ2"
"464","Jake Doiron","0000-0002-4584-4819","doi:10.7281/T1/AGLFQ2"
"465","Kyle B. LaPenna","0000-0003-0470-0138","doi:10.7281/T1/AGLFQ2"
"466","Traci Goodchild","0000-0001-9234-2806","doi:10.7281/T1/AGLFQ2"
"467","Nan Jiang",NA,"doi:10.7281/T1/AGLFQ2"
"468","Thomas Gillette","0000-0002-7617-3544","doi:10.7281/T1/AGLFQ2"
"469","Joseph A. Hill","0000-0002-5379-1614","doi:10.7281/T1/AGLFQ2"
"470","David Lefer","0000-0003-2293-7278","doi:10.7281/T1/AGLFQ2"
"471","Sumita Mishra","0000-0002-6455-4075","doi:10.7281/T1/AGLFQ2"
"472","David A. Kass","0000-0003-1596-2299","doi:10.7281/T1/AGLFQ2"
"473","Jonathan R. Williford","0000-0002-9178-2647","doi:10.7281/T1C8276W"
"474","Rüdiger von der Heydt","0000-0002-8741-813X","doi:10.7281/T1C8276W"
"475","Allison H. Oakes",NA,"doi:10.7281/T1/CLTDND"
"476","Hsien-Yen Chang",NA,"doi:10.7281/T1/CLTDND"
"477","Jodi B. Segal",NA,"doi:10.7281/T1/CLTDND"
"478","David W. Dowdy","0000-0003-0481-7475","doi:10.7281/T1/LW2H2F"
"479","Katherine Robsky","0000-0001-7789-5779","doi:10.7281/T1/LW2H2F"
"480","Luke C. Mullany","0000-0003-4668-9803","doi:10.7281/T1/2K70CX"
"481","Tsering P. Lama","0000-0001-6054-4075","doi:10.7281/T1/2K70CX"
"482","Joanne Katz","0000-0002-5997-7823","doi:10.7281/T1/2K70CX"
"483","James M. Tielsch","0000-0002-1151-060X","doi:10.7281/T1/2K70CX"
"484","Subarna K. Khatry",NA,"doi:10.7281/T1/2K70CX"
"485","Amanda Neitzel","0000-0002-4676-9320","doi:10.7281/T1/QA0SFN"
"486","Cynthia Lake",NA,"doi:10.7281/T1/QA0SFN"
"487","Marta Pellegrini","0000-0002-9806-3231","doi:10.7281/T1/QA0SFN"
"488","Robert Slavin",NA,"doi:10.7281/T1/QA0SFN"
"489","Anabel W. Carter",NA,"doi:10.7281/T1/T3SA2Z"
"490","Benjamin F. Zaitchik",NA,"doi:10.7281/T1/T3SA2Z"
"491","Julia M. Gohlke",NA,"doi:10.7281/T1/T3SA2Z"
"492","Suwei Wang",NA,"doi:10.7281/T1/T3SA2Z"
"493","Molly B. Richardson",NA,"doi:10.7281/T1/T3SA2Z"
"494","Dana C. Brenner","0000-0003-2562-5683","doi:10.7281/T1/VZZOJB"
"495","Benjamin H. Passey","0000-0002-3483-4148","doi:10.7281/T1/VZZOJB"
"496","Robert M. Holder","0000-0002-1119-6905","doi:10.7281/T1/VZZOJB"
"497","Daniel R. Viete","0000-0001-5495-9370","doi:10.7281/T1/VZZOJB"
"498","Justine Wagner",NA,"doi:10.7281/T1/M4FJUL"
"499","Hyun June Jang",NA,"doi:10.7281/T1/M4FJUL"
"500","Jinfeng Han",NA,"doi:10.7281/T1/M4FJUL"
"501","Howard E. Katz",NA,"doi:10.7281/T1/M4FJUL"
"502","Jodi B. Segal",NA,"doi:10.7281/T1/LR1FMH"
"503","Jin Huang",NA,"doi:10.7281/T1/LR1FMH"
"504","Jiafeng Zhu",NA,"doi:10.7281/T1/LR1FMH"
"505","Ravi Varadhan","0000-0002-8434-1034","doi:10.7281/T1/LR1FMH"
"506","Jodi B. Segal",NA,"doi:10.7281/T1/DTCK4M"
"507","Susan Hutfless",NA,"doi:10.7281/T1/DTCK4M"
"508","Aditi Sen",NA,"doi:10.7281/T1/DTCK4M"
"509","Lawrence J. Appel",NA,"doi:10.7281/T1/PXEROL"
"510","Erin D. Michos",NA,"doi:10.7281/T1/PXEROL"
"511","Edgar R. Miller III",NA,"doi:10.7281/T1/PXEROL"
"512","Cong Gao","0000-0001-6798-8381","doi:10.7281/T1/2PGJQU"
"513","Benjamin Killeen","0000-0003-2511-7929","doi:10.7281/T1/2PGJQU"
"514","Yicheng Hu",NA,"doi:10.7281/T1/2PGJQU"
"515","Robert Grupp","0000-0003-3386-5839","doi:10.7281/T1/2PGJQU"
"516","Russell Taylor","0000-0001-6272-1100","doi:10.7281/T1/2PGJQU"
"517","Mehran Armand","0000-0003-1028-8303","doi:10.7281/T1/2PGJQU"
"518","Mathias Unberath","0000-0002-0055-9950","doi:10.7281/T1/2PGJQU"
"519","Nan Chen",NA,"doi:10.7281/T1/V5DLIW"
"520","Justine S. Wagner","0000-0003-4647-0449","doi:10.7281/T1/V5DLIW"
"521","Howard E. Katz","0000-0002-3190-2475","doi:10.7281/T1/V5DLIW"
"522","Christopher Lowetz","0009-0008-1599-3419","doi:10.7281/T1/FFU0LR"
"523","Grant Shepard","0009-0000-3215-8716","doi:10.7281/T1/FFU0LR"
"524","Qian Zhang",NA,"doi:10.7281/T18G8HM0"
"525","Ciaran J. Harman","0000-0002-3185-002X","doi:10.7281/T18G8HM0"
"526","William P. Ball",NA,"doi:10.7281/T18G8HM0"
"527","Erin E. Sutton","0000-0003-3586-2383","doi:10.7281/T1D798BQ"
"528","Alican Demir",NA,"doi:10.7281/T1D798BQ"
"529","Sarah A. Stamper",NA,"doi:10.7281/T1D798BQ"
"530","Eric S. Fortune",NA,"doi:10.7281/T1D798BQ"
"531","Noah J. Cowan","0000-0003-2502-3770","doi:10.7281/T1D798BQ"
"532","Luke C Mullany","0000-0003-4668-9803","doi:10.7281/T1/L8UP2G"
"533","Elburg W van Boetzelaer","0000-0002-1168-8491","doi:10.7281/T1/L8UP2G"
"534","Lara S Ho",NA,"doi:10.7281/T1/L8UP2G"
"535","Julie Gutman","0000-0001-6769-7322","doi:10.7281/T1/L8UP2G"
"536","Laura Steinhardt","0000-0003-0540-9940","doi:10.7281/T1/L8UP2G"
"537","Pascal Ngoy",NA,"doi:10.7281/T1/L8UP2G"
"538","Yolanda Barbera-Lainez",NA,"doi:10.7281/T1/L8UP2G"
"539","Alison Witcoff",NA,"doi:10.7281/T1/L8UP2G"
"540","Steven A Harvey","0000-0001-6936-0213","doi:10.7281/T1/L8UP2G"
"541","Emily L. Coderre",NA,"doi:10.7281/T1/KOSYGQ"
"542","Mariya Chernenok",NA,"doi:10.7281/T1/KOSYGQ"
"543","Laura Bosley",NA,"doi:10.7281/T1/KOSYGQ"
"544","Barry Gordon",NA,"doi:10.7281/T1/KOSYGQ"
"545","Kerry Ledoux",NA,"doi:10.7281/T1/KOSYGQ"
"546","Angela KC",NA,"doi:10.7281/T1/VAQP5N"
"547","Binod Shrestha",NA,"doi:10.7281/T1/VAQP5N"
"548","Lee Wu",NA,"doi:10.7281/T1/VAQP5N"
"549","Swetha Manohar","0000-0003-4042-8952","doi:10.7281/T1/VAQP5N"
"550","Rolf Klemm",NA,"doi:10.7281/T1/VAQP5N"
"551","Andrew Thorne-Lyman","0000-0001-5917-4126","doi:10.7281/T1/VAQP5N"
"552","Keith P. West Jr.","0000-0001-9458-362X","doi:10.7281/T1/VAQP5N"
"553","Alison E. Turnbull","0000-0002-1564-6547","doi:10.7281/T1/LJZQPI"
"554","Xuejuan Ning","0000-0002-8523-0483","doi:10.7281/T1/LJZQPI"
"555","Anirudh Rao",NA,"doi:10.7281/T1/LJZQPI"
"556","Jessica J. Tao",NA,"doi:10.7281/T1/LJZQPI"
"557","Dale M. Needham",NA,"doi:10.7281/T1/LJZQPI"
"558","Kyle Delwiche",NA,"doi:10.7281/T1/7WXPIN"
"559","Junyao Gu",NA,"doi:10.7281/T1/7WXPIN"
"560","Harold Hemond",NA,"doi:10.7281/T1/7WXPIN"
"561","Sarah Preheim",NA,"doi:10.7281/T1/7WXPIN"
"562","Erin E. Sutton","0000-0003-3586-2383","doi:10.7281/T1/4F90KQ"
"563","Bernhard Fuerst",NA,"doi:10.7281/T1/4F90KQ"
"564","Reza Ghotbi",NA,"doi:10.7281/T1/4F90KQ"
"565","Noah J. Cowan","0000-0003-2502-3770","doi:10.7281/T1/4F90KQ"
"566","Nassir Navab","0000-0002-6032-5611","doi:10.7281/T1/4F90KQ"
"567","Christopher S. Yang","0000-0002-7645-3861","doi:10.7281/T1/87PH8T"
"568","Noah J. Cowan","0000-0003-2502-3770","doi:10.7281/T1/87PH8T"
"569","Adrian M. Haith","0000-0002-5658-8654","doi:10.7281/T1/87PH8T"
"570","Andrew Blair-Stanek",NA,"doi:10.7281/T1/N1X6I4"
"571","Nils Holzenberger",NA,"doi:10.7281/T1/N1X6I4"
"572","Benjamin Van Durme",NA,"doi:10.7281/T1/N1X6I4"
"573","Amanda J. Neitzel","0000-0002-4676-9320","doi:10.7281/T1/VDZAZY"
"574","Alan Chi-keung Cheung","0000-0002-9013-1586","doi:10.7281/T1/VDZAZY"
"575","Chen Xie","0000-0001-6124-1420","doi:10.7281/T1/VDZAZY"
"576","Tengteng Zhuang","0000-0003-3940-4216","doi:10.7281/T1/VDZAZY"
"577","Robert E. Slavin","0000-0003-3117-7477","doi:10.7281/T1/VDZAZY"
"578","Fanjun Bu","0000-0002-9953-7347","doi:10.7281/T1/EP0W7Y"
"579","Chien-Ming Huang","0000-0002-6838-3701","doi:10.7281/T1/EP0W7Y"
"580","Yifan Zhou",NA,"doi:10.7281/T1/JYAHTN"
"581","Benjamin F. Zaitchik","0000-0002-0698-0658","doi:10.7281/T1/JYAHTN"
"582","Sujay V. Kumar","0000-0001-8797-9482","doi:10.7281/T1/JYAHTN"
"583","Kristi R. Arsenault",NA,"doi:10.7281/T1/JYAHTN"
"584","Ryan A. Zamora",NA,"doi:10.7281/T1/JYAHTN"
"585","Jacob Hamer","0000-0002-7993-4214","doi:10.7281/T1/QISGRU"
"586","Yue Zhang","0000-0002-3313-6030","doi:10.7281/T1/ZPJZJC"
"587","Yan He",NA,"doi:10.7281/T1/ZPJZJC"
"588","Eric G. Sakowski",NA,"doi:10.7281/T1/ZPJZJC"
"589","Sarah P. Preheim","0000-0001-7365-2382","doi:10.7281/T1/ZPJZJC"
"590","Dihui Ruan","0000-0001-8964-730X","doi:10.7281/T1/HVRF8B"
"591","Sylvain Patinet","0000-0002-1585-8275","doi:10.7281/T1/HVRF8B"
"592","Michael L. Falk","0000-0002-8383-4259","doi:10.7281/T1/HVRF8B"
"593","Katherine O. Robsky","0000-0001-7789-5779","doi:10.7281/T1/VSW3JU"
"594","David Isooba",NA,"doi:10.7281/T1/VSW3JU"
"595","Olga Nakasolya",NA,"doi:10.7281/T1/VSW3JU"
"596","James Mukiibi",NA,"doi:10.7281/T1/VSW3JU"
"597","Annet Nalutaaya","0000-0003-3903-303X","doi:10.7281/T1/VSW3JU"
"598","Peter J. Kitonsa","0000-0003-2971-216X","doi:10.7281/T1/VSW3JU"
"599","Caleb Kamoga",NA,"doi:10.7281/T1/VSW3JU"
"600","Yeonsoo Baik","0000-0001-7016-0438","doi:10.7281/T1/VSW3JU"
"601","Emily A. Kendall","0000-0002-0083-422X","doi:10.7281/T1/VSW3JU"
"602","Achilles Katamba","0000-0002-2347-4183","doi:10.7281/T1/VSW3JU"
"603","David W. Dowdy",NA,"doi:10.7281/T1/VSW3JU"
"604","Micajah Z. McGarity","0000-0001-7323-0526","doi:10.7281/T1/QXKY4B"
"605","Christopher N. Herndon","0000-0001-6004-5655","doi:10.7281/T1/QXKY4B"
"606","John A. Harris","0000-0002-7907-8139","doi:10.7281/T1/QXKY4B"
"607","Benjamin F. Hobbs","0000-0003-1783-3597","doi:10.7281/T1/QXKY4B"
"608","Jacob H. Hamer","0000-0002-7993-4214","doi:10.7281/T1/6I0KPP"
"609","Kevin C. Schlaufman","0000-0001-5761-6779","doi:10.7281/T1/6I0KPP"
"610","Samantha H. Sarni","0000-0002-3002-819X","doi:10.7281/T1/RTSGO0"
"611","Jorjethe Roca","0000-0002-9793-0110","doi:10.7281/T1/RTSGO0"
"612","Chen Du","0000-0001-6161-5525","doi:10.7281/T1/RTSGO0"
"613","Mengxuan Jia","0000-0001-9173-1084","doi:10.7281/T1/RTSGO0"
"614","Hantian Li","0000-0003-1119-2792","doi:10.7281/T1/RTSGO0"
"615","Ana Damjanovic","0000-0001-7635-2705","doi:10.7281/T1/RTSGO0"
"616","Ewelina M. Małecka","0000-0001-8482-7897","doi:10.7281/T1/RTSGO0"
"617","Vicki H. Wysocki","0000-0003-0495-2538","doi:10.7281/T1/RTSGO0"
"618","Sarah A. Woodson","0000-0003-0170-1987","doi:10.7281/T1/RTSGO0"
"619","Anna Weerasinghe",NA,"doi:10.7281/T1/AZ8G3G"
"620","Joseph Serigano","https://orcid.org/0000-0003-3849-5064","doi:10.7281/T1/LJ9FLW"
"621","Sarah M Hörst","https://orcid.org/0000-0003-4596-0702","doi:10.7281/T1/LJ9FLW"
"622","Chao He","https://orcid.org/0000-0002-6694-0965","doi:10.7281/T1/LJ9FLW"
"623","Thomas Gautier","https://orcid.org/0000-0002-9794-5056","doi:10.7281/T1/LJ9FLW"
"624","Roger Yelle",NA,"doi:10.7281/T1/LJ9FLW"
"625","Tommi Koskinen",NA,"doi:10.7281/T1/LJ9FLW"
"626","Melissa Trainer","https://orcid.org/0000-0003-1106-8580","doi:10.7281/T1/LJ9FLW"
"627","Michael Radke","https://orcid.org/0000-0002-4072-181X","doi:10.7281/T1/LJ9FLW"
"628","Kalev G. Hantsoo","0000-0002-9334-9839","doi:10.7281/T1/EHSEV2"
"629","Maya L. Gomes","0000-0002-9707-350X","doi:10.7281/T1/EHSEV2"
"630","Sairah Y. Malkin","0000-0002-7523-1589","doi:10.7281/T1/EHSEV2"
"631","Dana C. Brenner","0000-0003-2562-5683","doi:10.7281/T1/EHSEV2"
"632","William F. Kenney","0000-0002-2273-8263","doi:10.7281/T1/EHSEV2"
"633","Ada Y. Chen","0000-0003-3236-3853","doi:10.7281/T1/2DKJB2"
"634","Bernard R. Brooks",NA,"doi:10.7281/T1/2DKJB2"
"635","Ana Damjanovic","0000-0001-7635-2705","doi:10.7281/T1/2DKJB2"
"636","Robert Gilman","0000-0002-3704-9217","doi:10.7281/T1/8BOXVM"
"637","Nan L. Chen",NA,"doi:10.7281/T1/UJO8EZ"
"638","Yunjia Song","0000-0002-1216-0285","doi:10.7281/T1/UJO8EZ"
"639","Taein Lee","0000-0001-8176-9759","doi:10.7281/T1/UJO8EZ"
"640","Sasikumar Mayarambakam","0000-0001-8745-4272","doi:10.7281/T1/UJO8EZ"
"641","Howard E. Katz","0000-0002-3190-2475","doi:10.7281/T1/UJO8EZ"
"642","Yao Wu","0000-0003-1296-6569","doi:10.7281/T1/HW66X3"
"643","Netzahualcóyotl Arroyo-Currás","0000-0002-2740-6276","doi:10.7281/T1/HW66X3"
"644","Donny Hanjaya-Putra","0000-0002-3039-9206","doi:10.7281/T1MW2F2Z"
"645","Jane Yee",NA,"doi:10.7281/T1MW2F2Z"
"646","Doug Ceci",NA,"doi:10.7281/T1MW2F2Z"
"647","Rachel Truitt",NA,"doi:10.7281/T1MW2F2Z"
"648","Derek Yee",NA,"doi:10.7281/T1MW2F2Z"
"649","Sharon Gerecht","0000-0002-8542-4835","doi:10.7281/T1MW2F2Z"
"650","Laura E. Dickinson",NA,"doi:10.7281/T1CC0XMT"
"651","Matthew E. Moura",NA,"doi:10.7281/T1CC0XMT"
"652","Sharon Gerecht","0000-0002-8542-4835","doi:10.7281/T1CC0XMT"
"653","Qian Zhang","0000-0003-0500-5655","doi:10.7281/T1VD6WC7"
"654","William P. Ball",NA,"doi:10.7281/T1VD6WC7"
"655","Qian Zhang","0000-0003-0500-5655","doi:10.7281/T1QN64NW"
"656","William P. Ball",NA,"doi:10.7281/T1QN64NW"
"657","Benjamin F Zaitchik","0000-0002-0698-0658","doi:10.7281/T1/6JMKIG"
"658","Belay Simane","0000-0002-8004-3486","doi:10.7281/T1/6JMKIG"
"659","NA Center for Human Nutrition",NA,"doi:10.7281/T1/UMDMQK"
"660","NA Feed the Future Innovation Lab for Nutrition",NA,"doi:10.7281/T1/UMDMQK"
"661","NA Center for Human Nutrition",NA,"doi:10.7281/T1/EM61IB"
"662","NA Feed the Future Innovation Lab for Nutrition",NA,"doi:10.7281/T1/EM61IB"
"663","Christopher S. Yang","0000-0002-7645-3861","doi:10.7281/T1/FWDYPW"
"664","Noah J. Cowan","0000-0003-2502-3770","doi:10.7281/T1/FWDYPW"
"665","Adrian M. Haith","0000-0002-5658-8654","doi:10.7281/T1/FWDYPW"
"666","Wanshu Nie","0000-0003-3639-9570","doi:10.7281/T1/4ZCOC4"
"667","Benjamin F. Zaitchik","0000-0002-0698-0658","doi:10.7281/T1/4ZCOC4"
"668","Justine Wagner","0000-0003-4647-0449","doi:10.7281/T1/XNZRR8"
"669","Yunjia Song",NA,"doi:10.7281/T1/XNZRR8"
"670","Taein Lee","0000-0001-8176-9759","doi:10.7281/T1/XNZRR8"
"671","Howard E. Katz","0000-0002-3190-2475","doi:10.7281/T1/XNZRR8"
"672","Chao He","0000-0002-6694-0965","doi:10.7281/T1/NEACHP"
"673","Michael Radke","0000-0002-4072-181X","doi:10.7281/T1/NEACHP"
"674","Sarah E. Moran","0000-0002-6721-3284","doi:10.7281/T1/NEACHP"
"675","Sarah M. Hörst","0000-0003-4596-0702","doi:10.7281/T1/NEACHP"
"676","Nikole K. Lewis","0000-0002-8507-1304","doi:10.7281/T1/NEACHP"
"677","Julianne I. Moses","0000-0002-8837-0035","doi:10.7281/T1/NEACHP"
"678","Mark S. Marley","0000-0002-5251-2943","doi:10.7281/T1/NEACHP"
"679","Eliza M.-R. Kempton","0000-0002-1337-9051","doi:10.7281/T1/NEACHP"
"680","Caroline V. Morley",NA,"doi:10.7281/T1/NEACHP"
"681","Jeff A. Valenti","0000-0003-3305-6281","doi:10.7281/T1/NEACHP"
"682","Véronique Vuitton","0000-0001-7273-1898","doi:10.7281/T1/NEACHP"
"683","Michael D. M. Bader","0000-0001-6292-7790","doi:10.7281/T1/EAC3HJ"
"684","Casey Marina Lurtz","0000-0003-4244-5844","doi:10.7281/T1/B1QTXI"
"685","Lauren MacDonald",NA,"doi:10.7281/T1/B1QTXI"
"686","Oriol Regué Sendrós",NA,"doi:10.7281/T1/B1QTXI"
"687","Jo L. Wilson","0000-0002-1729-0863","doi:10.7281/T1/EQKCFP"
"688","Elgin Akin","0000-0001-8824-8809","doi:10.7281/T1/EQKCFP"
"689","Ruifeng Zhou",NA,"doi:10.7281/T1/EQKCFP"
"690","Anne Jedlicka",NA,"doi:10.7281/T1/EQKCFP"
"691","Amanda Dziedzic",NA,"doi:10.7281/T1/EQKCFP"
"692","Hsuan Liu","0000-0002-0806-7643","doi:10.7281/T1/EQKCFP"
"693","Katherine Z. Fenstermacher","0000-0003-1139-3711","doi:10.7281/T1/EQKCFP"
"694","Richard Rothman",NA,"doi:10.7281/T1/EQKCFP"
"695","Andrew Pekosz","0000-0003-3248-1761","doi:10.7281/T1/EQKCFP"
"696","Kyler A. Weingartner",NA,"doi:10.7281/T1/8DBUAP"
"697","Thao Tran",NA,"doi:10.7281/T1/8DBUAP"
"698","Katherine W. Tripp","0000-0002-7278-708X","doi:10.7281/T1/8DBUAP"
"699","Jennifer M. Kavran",NA,"doi:10.7281/T1/8DBUAP"
"700","Vijaya Subramanian","0000-0001-8292-1759","doi:10.7281/T1/UP8RWD"
"701","Jonatan I. Bagger","0000-0003-3174-1613","doi:10.7281/T1/UP8RWD"
"702","Vinayak Harihar","0000-0002-0205-7161","doi:10.7281/T1/UP8RWD"
"703","Jens J. Holst","0000-0001-6853-3805","doi:10.7281/T1/UP8RWD"
"704","Filip K. Knop","0000-0002-2495-5034","doi:10.7281/T1/UP8RWD"
"705","Tina Villsbøll",NA,"doi:10.7281/T1/UP8RWD"
"706","Jonah Mittelstadt","0000-0001-6738-5556","doi:10.7281/T1/SMICE5"
"707","Kelson Shilling-Scrivo","0000-0003-2622-3459","doi:10.7281/T1/SMICE5"
"708","Patrick Kanold","0000-0002-7529-5435","doi:10.7281/T1/SMICE5"
"709","Qian Zhang",NA,"doi:10.7281/T1KW5CX5"
"710","William P. Ball",NA,"doi:10.7281/T1KW5CX5"
"711","Mingxuan Wang",NA,"doi:10.7281/T1/J8UWFU"
"712","Peter Jendrichovsky",NA,"doi:10.7281/T1/J8UWFU"
"713","Patrick O. Kanold","0000-0002-7529-5435","doi:10.7281/T1/J8UWFU"
"714","Anand Gnanadesikan","0000-0001-5784-1116","doi:10.7281/T1/DG7RDP"
"715","Grace E. Kim",NA,"doi:10.7281/T1/DG7RDP"
"716","Marie Aude S Pradal","0000-0002-5301-9659","doi:10.7281/T1/DG7RDP"
"717","Yue Zhang","0000-0002-3313-6030","doi:10.7281/T1/ZQZX80"
"718","Sarah P. Preheim","0000-0001-7365-2382","doi:10.7281/T1/ZQZX80"
"719","Alla Malinina",NA,"doi:10.7281/T1/4RZTRN"
"720","Dustin Dikeman",NA,"doi:10.7281/T1/4RZTRN"
"721","Reyhan Westbrook",NA,"doi:10.7281/T1/4RZTRN"
"722","Michelle Moats",NA,"doi:10.7281/T1/4RZTRN"
"723","Sarah Gidner",NA,"doi:10.7281/T1/4RZTRN"
"724","Hataya Poonyagariyagorn",NA,"doi:10.7281/T1/4RZTRN"
"725","Jeremy Walston",NA,"doi:10.7281/T1/4RZTRN"
"726","Enid Neptune","0000-0002-9635-1272","doi:10.7281/T1/4RZTRN"
"727","David Dowdy",NA,"doi:10.7281/T1/T81CEP"
"728","Katherine Robsky",NA,"doi:10.7281/T1/T81CEP"
"729","Micajah Z. McGarity","0000-0001-7323-0526","doi:10.7281/T1/XZ0CGJ"
"730","Benjamin F. Hobbs","0000-0003-1783-3597","doi:10.7281/T1/XZ0CGJ"
"731","Wanshu Nie","0000-0003-3639-9570","doi:10.7281/T1/RECXQW"
"732","Sujay V. Kumar","0000-0001-8797-9482","doi:10.7281/T1/RECXQW"
"733","Christa D. Peters-Lidard","0000-0003-1255-2876","doi:10.7281/T1/RECXQW"
"734","Benjamin F. Zaitchik","0000-0002-0698-0658","doi:10.7281/T1/RECXQW"
"735","Kristi R. Arsenault","0000-0002-6830-6271","doi:10.7281/T1/RECXQW"
"736","Rajat Bindlish","0000-0002-1913-0353","doi:10.7281/T1/RECXQW"
"737","Pang-Wei Liu","0000-0002-3789-594X","doi:10.7281/T1/RECXQW"
"738","NA Johns Hopkins Center for a Livable Future",NA,"doi:10.7281/T1/QUDBC6"
"739","Evan C. Plunkett",NA,"doi:10.7281/T1/KGCGBM"
"740","Qingyang Zhang",NA,"doi:10.7281/T1/KGCGBM"
"741","Howard E. Katz","0000-0002-3190-2475","doi:10.7281/T1/KGCGBM"
"742","Daniel H. Reich","0000-0001-6313-9884","doi:10.7281/T1/KGCGBM"
"743","Simon Allard","0000-0003-0519-7036","doi:10.7281/T1/AVOEQR"
"744","Marshall G. Hussain Shuler","0000-0002-1927-0970","doi:10.7281/T1/AVOEQR"
"745","Chen Chi",NA,"doi:10.7281/T1/C8BCOW"
"746","Yuqi Song",NA,"doi:10.7281/T1/C8BCOW"
"747","Taein Lee","0000-0001-8176-9759","doi:10.7281/T1/C8BCOW"
"748","Daniel H. Reich","0000-0001-6313-9884","doi:10.7281/T1/C8BCOW"
"749","Arthur E. Bragg","0000-0002-3376-5494","doi:10.7281/T1/C8BCOW"
"750","Howard E. Katz","0000-0002-3190-2475","doi:10.7281/T1/C8BCOW"
"751","Kalev Hantsoo","0000-0002-9334-9839","doi:10.7281/T1/VNFY91"
"752","Maya Gomes","0000-0002-9707-350X","doi:10.7281/T1/VNFY91"
"753","Dana Brenner","0000-0003-2562-5683","doi:10.7281/T1/VNFY91"
"754","Jeffrey Cornwell","0000-0001-7111-2489","doi:10.7281/T1/VNFY91"
"755","Cindy M. Palinkas","0000-0003-2740-8308","doi:10.7281/T1/VNFY91"
"756"," Sairah Malkin","0000-0002-7523-1589","doi:10.7281/T1/VNFY91"
"757","Laura E. Dickinson",NA,"doi:10.7281/T17P8W98"
"758","Dannielle R. Rand",NA,"doi:10.7281/T17P8W98"
"759","Joanna Tsao",NA,"doi:10.7281/T17P8W98"
"760","Wolfgang Eberle","0000-0002-6115-9811","doi:10.7281/T17P8W98"
"761","Sharon Gerecht","0000-0002-8542-4835","doi:10.7281/T17P8W98"
"762","Laura E. Dickinson",NA,"doi:10.7281/T1H41PBJ"
"763","Chia Chi Ho",NA,"doi:10.7281/T1H41PBJ"
"764","Geoffrey Wang",NA,"doi:10.7281/T1H41PBJ"
"765","Kathleen J. Stebe","0000-0003-0510-0513","doi:10.7281/T1H41PBJ"
"766","Sharon Gerecht","0000-0002-8542-4835","doi:10.7281/T1H41PBJ"
"767","Ismail Uyanik","0000-0002-3535-5616","doi:10.7281/T1/C6MCOX"
"768","Sarah A. Stamper",NA,"doi:10.7281/T1/C6MCOX"
"769","Noah J. Cowan","0000-0003-2502-3770","doi:10.7281/T1/C6MCOX"
"770","Eric S. Fortune","0000-0001-6447-5425","doi:10.7281/T1/C6MCOX"
"771"," Jennifer Bryce",NA,"doi:10.7281/T1F769G3"
"772","Agbessi Amouzou","0000-0002-6262-3866","doi:10.7281/T1F769G3"
"773","Robert E. Black","0000-0001-9926-7984","doi:10.7281/T1F769G3"
"774","Eoghan Brady","0000-0003-0075-5406","doi:10.7281/T1F769G3"
"775","Elizabeth Hazel","0000-0002-9176-3278","doi:10.7281/T1F769G3"
"776","Kenneth Hill",NA,"doi:10.7281/T1F769G3"
"777","Michael Humes",NA,"doi:10.7281/T1F769G3"
"778","Gareth Jones",NA,"doi:10.7281/T1F769G3"
"779","Olga Joos","0000-0003-0335-4982","doi:10.7281/T1F769G3"
"780","Alain Koffi",NA,"doi:10.7281/T1F769G3"
"781","Melinda Munos","0000-0002-1349-8026","doi:10.7281/T1F769G3"
"782","Lois A. Park",NA,"doi:10.7281/T1F769G3"
"783","Emily Wilson",NA,"doi:10.7281/T1F769G3"
"784","Aklilu Kidanu",NA,"doi:10.7281/T1F769G3"
"785"," Daniel Arhinful",NA,"doi:10.7281/T1F769G3"
"786","Tiope Mleme",NA,"doi:10.7281/T1F769G3"
"787","Hamadou Sangho",NA,"doi:10.7281/T1F769G3"
"788","Oumarou Habi",NA,"doi:10.7281/T1F769G3"
"789","Robert Grupp","0000-0003-3386-5839","doi:10.7281/T1/IFSXNV"
"790","Mathias Unberath","0000-0002-0055-9950","doi:10.7281/T1/IFSXNV"
"791","Cong Gao","0000-0001-6798-8381","doi:10.7281/T1/IFSXNV"
"792","Rachel Hegeman","0000-0003-2869-8773","doi:10.7281/T1/IFSXNV"
"793","Ryan Murphy",NA,"doi:10.7281/T1/IFSXNV"
"794","Clayton Alexander",NA,"doi:10.7281/T1/IFSXNV"
"795","Yoshito Otake","0000-0003-1291-9316","doi:10.7281/T1/IFSXNV"
"796","Benjamin McArthur",NA,"doi:10.7281/T1/IFSXNV"
"797","Mehran Armand",NA,"doi:10.7281/T1/IFSXNV"
"798","Russell Taylor","0000-0001-6272-1100","doi:10.7281/T1/IFSXNV"
"799","Wanshu Nie","0000-0003-3639-9570","doi:10.7281/T1/0EYOMQ"
"800","Sujay V. Kumar","0000-0001-8797-9482","doi:10.7281/T1/0EYOMQ"
"801","Rajat Bindlish","0000-0002-1913-0353","doi:10.7281/T1/0EYOMQ"
"802","Pang-Wei Liu","0000-0002-3789-594X","doi:10.7281/T1/0EYOMQ"
"803","Shugong Wang",NA,"doi:10.7281/T1/0EYOMQ"
"804","Yunjia Song",NA,"doi:10.7281/T1/L4QB1Z"
"805","Justine Wagner",NA,"doi:10.7281/T1/L4QB1Z"
"806","Howard E. Katz","https://orcid.org/0000-0002-3190-2475","doi:10.7281/T1/L4QB1Z"
"807","Christine Beauchene","0000-0003-0787-4520","doi:10.7281/T1/OOMZS7"
"808","Silu Men",NA,"doi:10.7281/T1/OOMZS7"
"809","Thomas Hinault","0000-0001-9939-0640","doi:10.7281/T1/OOMZS7"
"810","Susan M. Courtney","0000-0003-1469-8879","doi:10.7281/T1/OOMZS7"
"811","Sridevi V. Sarma","0000-0002-4817-6625","doi:10.7281/T1/OOMZS7"
"812","Kristen E. Schratz",NA,"doi:10.7281/T1/LQMJJM"
"813","Mary Armanios",NA,"doi:10.7281/T1/LQMJJM"
"814","Zhiliang Wei","0000-0002-8477-2440","doi:10.7281/T1/0L0OA0"
"815","Yuguo Li",NA,"doi:10.7281/T1/0L0OA0"
"816","Adnan Bibic","0000-0001-8044-2906","doi:10.7281/T1/0L0OA0"
"817","Wenzhen Duan","0000-0001-5933-6308","doi:10.7281/T1/0L0OA0"
"818","Jiadi Xu","0000-0001-9698-5622","doi:10.7281/T1/0L0OA0"
"819","Hanzhang Lu","0000-0003-3871-1564","doi:10.7281/T1/0L0OA0"
"820","Macauley S. Breault","0000-0003-1327-5372","doi:10.7281/T1/PIVKJ7"
"821","Pierre Sacré","0000-0002-7228-1628","doi:10.7281/T1/PIVKJ7"
"822","Zachary B. Fitzgerald",NA,"doi:10.7281/T1/PIVKJ7"
"823","John T. Gale",NA,"doi:10.7281/T1/PIVKJ7"
"824","Kathleen E. Cullen","0000-0002-9348-0933","doi:10.7281/T1/PIVKJ7"
"825","Jorge A. Gonzalez-Martinez","0000-0002-9936-7034","doi:10.7281/T1/PIVKJ7"
"826","Sridevi V. Sarma","0000-0002-4817-6625","doi:10.7281/T1/PIVKJ7"
"827","Yunjia Song","0000-0002-1216-0285","doi:10.7281/T1/UIJLZO"
"828","Nan Chen",NA,"doi:10.7281/T1/UIJLZO"
"829","Qifeng Jiang","0000-0002-5590-4889","doi:10.7281/T1/UIJLZO"
"830","Tushita Mukhopadhyay","0000-0002-8053-9668","doi:10.7281/T1/UIJLZO"
"831","Wudyalew Wondmagegn",NA,"doi:10.7281/T1/UIJLZO"
"832","Rebekka S. Klausen",NA,"doi:10.7281/T1/UIJLZO"
"833","Howard E. Katz","0000-0002-3190-2475","doi:10.7281/T1/UIJLZO"
"834","Donny Hanjaya-Putra","0000-0002-3039-9206","doi:10.7281/T1RN35S8"
"835","Vivek Bose",NA,"doi:10.7281/T1RN35S8"
"836","Yu-I Shen",NA,"doi:10.7281/T1RN35S8"
"837","Jane Yee",NA,"doi:10.7281/T1RN35S8"
"838","Sudhir Khetan","0000-0001-5854-8886","doi:10.7281/T1RN35S8"
"839","Karen Fox-Talbot","0000-0001-9397-4282","doi:10.7281/T1RN35S8"
"840","Charles Steenbergen",NA,"doi:10.7281/T1RN35S8"
"841","Jason A. Burdick","0000-0002-2006-332X","doi:10.7281/T1RN35S8"
"842","Sharon Gerecht","0000-0002-8542-4835","doi:10.7281/T1RN35S8"
"843","Tara D. Edwards",NA,"doi:10.7281/T1057CVH"
"844","Michael A. Bevan","0000-0002-9368-4899","doi:10.7281/T1057CVH"
"845","Tanya Marton",NA,"doi:10.7281/T1/DP2U9M"
"846","Marshall Shuler","0000-0002-1927-0970","doi:10.7281/T1/DP2U9M"
"847","Jack Samuels","0000-0002-6715-7905","doi:10.7281/T1/DP2U9M"
"848","Paul Nestadt","0000-0002-2479-703X","doi:10.7281/T1/DP2U9M"
"849","Janice Krasnow",NA,"doi:10.7281/T1/DP2U9M"
"850","Ying Wang",NA,"doi:10.7281/T1/DP2U9M"
"851","Vidulata Kamath",NA,"doi:10.7281/T1/DP2U9M"
"852","Arnold Bakker","0000-0003-0417-641X","doi:10.7281/T1/DP2U9M"
"853","Gerald Nestadt","0000-0001-9461-5249","doi:10.7281/T1/DP2U9M"
"854","Vikram S. Chib","0000-0001-8810-5699","doi:10.7281/T1/DP2U9M"
"855","Danielle Naugle",NA,"doi:10.7281/T1/UXPNT5"
"856","Natalie Tibbels","0000-0001-6848-1881","doi:10.7281/T1/UXPNT5"
"857","Abdul Dosso",NA,"doi:10.7281/T1/UXPNT5"
"858","Wanshu Nie","https://orcid.org/0000-0003-3639-9570","doi:10.7281/T1/X4MXHC"
"859","Sujay V. Kumar","https://orcid.org/0000-0001-8797-9482","doi:10.7281/T1/X4MXHC"
"860","Kristi R. Arsenault","https://orcid.org/0000-0002-6830-6271","doi:10.7281/T1/X4MXHC"
"861","Christa D. Peters-Lidard","https://orcid.org/0000-0003-1255-2876","doi:10.7281/T1/X4MXHC"
"862","Iliana E. Mladenova",NA,"doi:10.7281/T1/X4MXHC"
"863","Karim Bergaoui",NA,"doi:10.7281/T1/X4MXHC"
"864","Abheera Hazra",NA,"doi:10.7281/T1/X4MXHC"
"865","Benjamin F. Zaitchik","https://orcid.org/0000-0002-0698-0658","doi:10.7281/T1/X4MXHC"
"866","Sarith P. Mahanama",NA,"doi:10.7281/T1/X4MXHC"
"867","Rachael McDonnell","https://orcid.org/0000-0002-0525-4582","doi:10.7281/T1/X4MXHC"
"868","David M. Mocko","https://orcid.org/0000-0001-8688-5708","doi:10.7281/T1/X4MXHC"
"869","Mahdi Navari","https://orcid.org/0000-0003-0332-4580","doi:10.7281/T1/X4MXHC"
"870","Adrian M. Haith","0000-0002-5658-8654","doi:10.7281/T1/QQ77OB"
"871","Christopher S. Yang","0000-0002-7645-3861","doi:10.7281/T1/QQ77OB"
"872","Jina Pakpoor",NA,"doi:10.7281/T1/QQ77OB"
"873","Kahori Kita","0000-0001-5002-2863","doi:10.7281/T1/QQ77OB"
"874","Cassandra L. Cosans","0000-0001-9121-532X","doi:10.7281/T1/NU0VS7"
"875","Maya L. Gomes","0000-0002-9707-350X","doi:10.7281/T1/NU0VS7"
"876","Melinda J. Marsh",NA,"doi:10.7281/T1/NU0VS7"
"877","Joel Moore","0000-0002-5546-9610","doi:10.7281/T1/NU0VS7"
"878","Ciaran J. Harman","0000-0002-3185-002X","doi:10.7281/T1/NU0VS7"
"879","Preethi Korangath","0000-0002-6623-493X","doi:10.7281/T1/KTOG9W"
"880","Lu Jin",NA,"doi:10.7281/T1/KTOG9W"
"881","Chun-Ting Yang","0000-0002-7667-244X","doi:10.7281/T1/KTOG9W"
"882","Sean Healy",NA,"doi:10.7281/T1/KTOG9W"
"883","Xin Guo",NA,"doi:10.7281/T1/KTOG9W"
"884","Suqi Ke",NA,"doi:10.7281/T1/KTOG9W"
"885","Cordula Grüttner","0000-0002-8271-1281","doi:10.7281/T1/KTOG9W"
"886","Chen Hu","0000-0003-4672-1981","doi:10.7281/T1/KTOG9W"
"887","Kathleen Gabrielson","0000-0003-3901-4357","doi:10.7281/T1/KTOG9W"
"888","Jeremy Foote","0000-0002-6621-6096","doi:10.7281/T1/KTOG9W"
"889","Robert Clarke","0000-0002-9278-0854","doi:10.7281/T1/KTOG9W"
"890","Robert Ivkov","0000-0002-2930-5276","doi:10.7281/T1/KTOG9W"
"891","Jonah K. Mittelstadt","0000-0001-6738-5556","doi:10.7281/T1/VXGDYH"
"892","Patrick O. Kanold","0000-0002-7529-5435","doi:10.7281/T1/VXGDYH"
"893","Tara D. Edwards",NA,"doi:10.7281/T1154F09"
"894","Daniel J. Beltran-Villegas","0000-0003-1667-3181","doi:10.7281/T1154F09"
"895","Michael A. Bevan","0000-0002-9368-4899","doi:10.7281/T1154F09"
"896","Amanda M. Zimmet",NA,"doi:10.7281/T1/BCARLC"
"897","Di Cao",NA,"doi:10.7281/T1/BCARLC"
"898","Amy J. Bastian",NA,"doi:10.7281/T1/BCARLC"
"899","Noah J. Cowan","https://orcid.org/0000-0003-2502-3770","doi:10.7281/T1/BCARLC"
"900","Yunjia Song",NA,"doi:10.7281/T1/XGVRX0"
"901","Zachary D. Lamberty","0000-0003-2948-9818","doi:10.7281/T1/XGVRX0"
"902","Junhao Liang",NA,"doi:10.7281/T1/XGVRX0"
"903","Miguel A. Pellitero","0000-0001-8739-2542","doi:10.7281/T1/XGVRX0"
"904","Justine S. Wagner","0000-0003-4647-0449","doi:10.7281/T1/XGVRX0"
"905","Eugenie Jumai’an",NA,"doi:10.7281/T1/XGVRX0"
"906","Michael A. Bevan","0000-0002-9368-4899","doi:10.7281/T1/XGVRX0"
"907","Joelle Frechette","0000-0001-5680-6554","doi:10.7281/T1/XGVRX0"
"908","Netzahualcóyotl Arroyo Currás","0000-0001-8739-2542","doi:10.7281/T1/XGVRX0"
"909","Howard E. Katz","0000-0001-8739-2542","doi:10.7281/T1/XGVRX0"
"910","Jingyi Huang","0000-0002-5274-1068","doi:10.7281/T1/NLHSKE"
"911","Dimitri A. Sverjensky","0000-0003-3062-8053","doi:10.7281/T1/NLHSKE"
"912","Isabelle Daniel","0000-0002-1448-7919","doi:10.7281/T1/NLHSKE"
"913","Alberto Vitale Brovarone","0000-0001-8892-9567","doi:10.7281/T1/NLHSKE"
"914","Sarah Preheim","0000-0001-7365-2382","doi:10.7281/T1/K08BJZ"
"915","Shaina Morris",NA,"doi:10.7281/T1/K08BJZ"
"916","Yue Zhang",NA,"doi:10.7281/T1/K08BJZ"
"917","Chris Holder",NA,"doi:10.7281/T1/K08BJZ"
"918","Keith Arora-Williams",NA,"doi:10.7281/T1/K08BJZ"
"919","Paul Gensbigler",NA,"doi:10.7281/T1/K08BJZ"
"920","Amanda Hinton",NA,"doi:10.7281/T1/K08BJZ"
"921","Rui Jin",NA,"doi:10.7281/T1/K08BJZ"
"922","Marie-Aude Pradal","0000-0002-5301-9659","doi:10.7281/T1/K08BJZ"
"923","Anand Gnanadesikan","0000-0001-5784-1116","doi:10.7281/T1/K08BJZ"
"924","Hyun Jun Jung",NA,"doi:10.7281/T1/SWU4P8"
"925","Eryn E. Dixon",NA,"doi:10.7281/T1/SWU4P8"
"926","Richard Coleman",NA,"doi:10.7281/T1/SWU4P8"
"927","Terry Watnick",NA,"doi:10.7281/T1/SWU4P8"
"928","Jeremy F. Reiter",NA,"doi:10.7281/T1/SWU4P8"
"929","Patricia Outeda",NA,"doi:10.7281/T1/SWU4P8"
"930","Valeriu Cebotaru",NA,"doi:10.7281/T1/SWU4P8"
"931","Owen M. Woodward",NA,"doi:10.7281/T1/SWU4P8"
"932","Paul A. Welling",NA,"doi:10.7281/T1/SWU4P8"
"933","Yunjia Song",NA,"doi:10.7281/T1/860JVB"
"934","Hao Zhang",NA,"doi:10.7281/T1/860JVB"
"935","Tushita Mukhopadhyaya","0000-0002-8053-9668","doi:10.7281/T1/860JVB"
"936","Anthony S. Hall",NA,"doi:10.7281/T1/860JVB"
"937","Howard E. Katz","0000-0002-3190-2475","doi:10.7281/T1/860JVB"
"938","Taein Lee","0000-0001-8176-9759","doi:10.7281/T1/WVDKQI"
"939","Yue Luo","0000-0002-2757-5395","doi:10.7281/T1/WVDKQI"
"940","Chuhong Wang","0000-0001-8993-3226","doi:10.7281/T1/WVDKQI"
"941","Abigail Park",NA,"doi:10.7281/T1/WVDKQI"
"942","Elmer Zapata-Mercado","0000-0002-9766-8124","doi:10.7281/T1/WVDKQI"
"943","Kalina Hristova","0000-0003-4274-4406","doi:10.7281/T1/WVDKQI"
"944","Timothy Mueller",NA,"doi:10.7281/T1/WVDKQI"
"945","William L. Wilson","0000-0003-2755-7610","doi:10.7281/T1/WVDKQI"
"946","Daniel H. Reich","0000-0001-6313-9884","doi:10.7281/T1/WVDKQI"
"947","Howard E. Katz","0000-0002-3190-2475","doi:10.7281/T1/WVDKQI"
"948","Ewelina Malecka-Grajek","0000-0001-8482-7897","doi:10.7281/T1/YPUEQT"
"949","Sarah Woodson","0000-0003-0170-1987","doi:10.7281/T1/YPUEQT"
"950","Ismail Uyanik","https://orcid.org/0000-0002-3535-5616","doi:10.7281/T1/UDTJPD"
"951","Shahin Sefati",NA,"doi:10.7281/T1/UDTJPD"
"952","Sarah A. Stamper",NA,"doi:10.7281/T1/UDTJPD"
"953","Kyoung-A Cho",NA,"doi:10.7281/T1/UDTJPD"
"954","M. Mert Ankarali",NA,"doi:10.7281/T1/UDTJPD"
"955","Eric Fortune","https://orcid.org/0000-0001-6447-5425","doi:10.7281/T1/UDTJPD"
"956","Noah J. Cowan","https://orcid.org/0000-0003-2502-3770","doi:10.7281/T1/UDTJPD"
"957","Darya Task","0000-0003-0166-3626","doi:10.7281/T1/9VJGPI"
"958","Chun-Chieh Lin","0000-0001-9679-4287","doi:10.7281/T1/9VJGPI"
"959","Alina Vulpe","0000-0001-5385-3072","doi:10.7281/T1/9VJGPI"
"960","Ali Afify","0000-0002-6954-5776","doi:10.7281/T1/9VJGPI"
"961","Sydney Ballou","0000-0002-3053-1115","doi:10.7281/T1/9VJGPI"
"962","Maria Brbić","0000-0002-1120-1778","doi:10.7281/T1/9VJGPI"
"963","Philipp Schlegel","0000-0002-5633-1314","doi:10.7281/T1/9VJGPI"
"964","Joshua Raji","0000-0002-6447-6986","doi:10.7281/T1/9VJGPI"
"965","Gregory S. X. E. Jefferis","0000-0002-0587-9355","doi:10.7281/T1/9VJGPI"
"966","Hongjie Li","0000-0002-7332-7122","doi:10.7281/T1/9VJGPI"
"967","Karen Menuz","0000-0001-8163-094","doi:10.7281/T1/9VJGPI"
"968","Christopher J. Potter","0000-0002-5223-8112","doi:10.7281/T1/9VJGPI"
"969","Yuan Lou",NA,"doi:10.7281/T1/5QMDY6"
"970","Sarah A. Woodson","0000-0003-0170-1987","doi:10.7281/T1/5QMDY6"
"971","Elaine Vo",NA,"doi:10.7281/T1WD3XHM"
"972","Donny Hanjaya-Putra",NA,"doi:10.7281/T1WD3XHM"
"973","Yuanting Zha","0000-0001-7077-1167","doi:10.7281/T1WD3XHM"
"974","Sravanti Kusuma",NA,"doi:10.7281/T1WD3XHM"
"975","Sharon Gerecht","0000-0002-8542-4835","doi:10.7281/T1WD3XHM"
"976","Melville J Wohlgemuth","0000-0003-4779-4154","doi:10.7281/T1W66HPZ"
"977","Ninad B Kothari","0000-0001-5543-6459","doi:10.7281/T1W66HPZ"
"978","Cynthia F Moss","0000-0001-6916-0000","doi:10.7281/T1W66HPZ"
"979","Keith Arora-Williams",NA,"doi:10.7281/T1/NL3HTW"
"980","Christopher Holder","0000-0003-3321-5959","doi:10.7281/T1/NL3HTW"
"981","Maeve Secor",NA,"doi:10.7281/T1/NL3HTW"
"982","Hugh Ellis",NA,"doi:10.7281/T1/NL3HTW"
"983","Meng Xia",NA,"doi:10.7281/T1/NL3HTW"
"984","Anand Gnanadesikan","0000-0001-5784-1116","doi:10.7281/T1/NL3HTW"
"985","Sarah P. Preheim","0000-0001-7365-2382","doi:10.7281/T1/NL3HTW"
"986","D.C. Wilusz",NA,"doi:10.7281/T1/FTCWPF"
"987","C.J. Harman",NA,"doi:10.7281/T1/FTCWPF"
"988","W.B. Ball",NA,"doi:10.7281/T1/FTCWPF"
"989","R.M. Maxwell",NA,"doi:10.7281/T1/FTCWPF"
"990","A.R. Buda",NA,"doi:10.7281/T1/FTCWPF"
"991","Andrew Blair-Stanek","https://orcid.org/0000-0001-8547-9417","doi:10.7281/T1/QVAHMD"
"992","Benjamin Van Durme",NA,"doi:10.7281/T1/QVAHMD"
"993","Lavender E. Hanson","0000-0003-2298-8382","doi:10.7281/T1/UZIT7C"
"994","Darryn Waugh","0000-0001-7692-2798","doi:10.7281/T1/UZIT7C"
"995","Erika Barth","0000-0002-5034-1300","doi:10.7281/T1/UZIT7C"
"996","Carrie M. Anderson","0000-0003-2175-3709","doi:10.7281/T1/UZIT7C"
"997","Casey Marina Lurtz","0000-0003-4244-5844","doi:10.7281/T1/2QCZXM"
"998","Anayeli García Villa",NA,"doi:10.7281/T1/2QCZXM"
"999","Brandon Dillow",NA,"doi:10.7281/T1/2QCZXM"
"1000","Margaret L. Rodgers","0000-0002-8176-2044","doi:10.7281/T1/AVEV7M"
"1001","Brett M. O’Brien",NA,"doi:10.7281/T1/AVEV7M"
"1002","Sarah A. Woodson","0000-0003-0170-1987","doi:10.7281/T1/AVEV7M"
"1003","Aman Luthra","0000-0002-8574-7271","doi:10.7281/T1/BDLMJG"
"1004","Sudipta Mukherjee",NA,"doi:10.7281/T1/BDLMJG"
"1005","NA Chintan Environmental Research and Action Group",NA,"doi:10.7281/T1/BDLMJG"
"1006","Nicholas J. Swanson","0000-0002-5696-9967","doi:10.7281/T1/H1ZPLI"
"1007","Paula Marinho",NA,"doi:10.7281/T1/H1ZPLI"
"1008","Hsuan Liu","0000-0002-0806-7643","doi:10.7281/T1/H1ZPLI"
"1009","Anne Jedlicka",NA,"doi:10.7281/T1/H1ZPLI"
"1010","Amanda Dziedzic",NA,"doi:10.7281/T1/H1ZPLI"
"1011","Katherine Fenstermacher","0000-0003-1139-3711","doi:10.7281/T1/H1ZPLI"
"1012","Richard Rothman",NA,"doi:10.7281/T1/H1ZPLI"
"1013","Andrew Pekosz","0000-0003-3248-1761","doi:10.7281/T1/H1ZPLI"
"1014","Alexander Shaver","0000-0002-5478-5291","doi:10.7281/T1/I0H3GY"
"1015","Netzahualcóyotl Arroyo-Currás","0000-0002-2740-6276","doi:10.7281/T1/I0H3GY"
"1016","Carl R. Shapiro","0000-0002-9868-7896","doi:10.7281/T1/TLEBVW"
"1017","Johan Meyers","0000-0002-2828-4397","doi:10.7281/T1/TLEBVW"
"1018","Charles Meneveau","0000-0001-6947-3605","doi:10.7281/T1/TLEBVW"
"1019","Dennice F. Gayme","0000-0003-0330-415X","doi:10.7281/T1/TLEBVW"
"1020","Amanda M. Zimmet","0000-0003-1457-3072","doi:10.7281/T1/AYTUVI"
"1021","Noah J. Cowan","0000-0003-2502-3770","doi:10.7281/T1/AYTUVI"
"1022","Amy J. Bastian","0000-0001-6079-0997","doi:10.7281/T1/AYTUVI"
"1023","Alexis Bahl","0000-0002-8575-2679","doi:10.7281/T1/IWOVKD"
"1024","Anand Gnanadesikan","0000-0001-5784-1116","doi:10.7281/T1/IWOVKD"
"1025","Marie Aude Pradal","0000-0002-5301-9659","doi:10.7281/T1/IWOVKD"
"1026","Ryan B. Budde","0000-0003-4381-8673","doi:10.7281/T1/VZYIRV"
"1027","Michael T. Williams","0000-0003-3302-4044","doi:10.7281/T1/VZYIRV"
"1028","Pedro P. Irazoqui","0000-0002-4791-4593","doi:10.7281/T1/VZYIRV"
"1029","Jeremy Sotzen",NA,"doi:10.7281/T1/MYBQC7"
"1030","Kevin Lewis","https://orcid.org/0000-0003-3412-803X","doi:10.7281/T1/MYBQC7"
"1031","Manu S. Madhav","0000-0001-5317-8492","doi:10.7281/T1/XTSKOW"
"1032","Ravikrishnan P. Jayakumar",NA,"doi:10.7281/T1/XTSKOW"
"1033","Alican Demir",NA,"doi:10.7281/T1/XTSKOW"
"1034","Sarah A. Stamper",NA,"doi:10.7281/T1/XTSKOW"
"1035","Eric S. Fortune","0000-0001-6447-5425","doi:10.7281/T1/XTSKOW"
"1036","Noah J. Cowan","0000-0003-2502-3770","doi:10.7281/T1/XTSKOW"
"1037","Anand Gnanadesikan","0000-0001-5784-1116","doi:10.7281/T1/FIS2QT"
"1038","Cassidy M. Speller",NA,"doi:10.7281/T1/FIS2QT"
"1039","Grace Ringlein",NA,"doi:10.7281/T1/FIS2QT"
"1040","John San Soucie","0000-0001-8339-2510","doi:10.7281/T1/FIS2QT"
"1041","Jordan Thomas",NA,"doi:10.7281/T1/FIS2QT"
"1042","Marie-Aude Pradal",NA,"doi:10.7281/T1/FIS2QT"
"1043","Erin A. Chung","0000-0003-1058-7370","doi:10.7281/T1PN93HH"
"1044","Menandro Gomes",NA,"doi:10.7281/T1PN93HH"
"1045","Dukin Lim",NA,"doi:10.7281/T1PN93HH"
"1046","Muntasir Roni",NA,"doi:10.7281/T1PN93HH"
"1047","Ronald Sanchez",NA,"doi:10.7281/T1PN93HH"
"1048","Zhizhi Zhong",NA,"doi:10.7281/T1PN93HH"
"1049","William J. M. Seviour","0000-0003-1622-0545","doi:10.7281/T1/VWR4GR"
"1050","Darryn W. Waugh","0000-0001-7692-2798","doi:10.7281/T1/VWR4GR"
"1051","Richard K. Scott","0000-0002-9113-2978","doi:10.7281/T1/VWR4GR"
"1052","Molly E. Menzel","0000-0002-9598-2996","doi:10.7281/T1/PXCQCC"
"1053","Timothy M. Merlis","0000-0002-5593-8210","doi:10.7281/T1/PXCQCC"
"1054","Jinfeng Han","0000-0002-6140-4522","doi:10.7281/T1/8VU7A2"
"1055","Yufeng Jiang",NA,"doi:10.7281/T1/8VU7A2"
"1056","Emma Tiernan",NA,"doi:10.7281/T1/8VU7A2"
"1057","Connor Ganley","0000-0003-3851-3218","doi:10.7281/T1/8VU7A2"
"1058","Yunjia Song",NA,"doi:10.7281/T1/8VU7A2"
"1059","Taein Lee","0000-0001-8176-9759","doi:10.7281/T1/8VU7A2"
"1060","Arlene Chiu","0000-0002-7009-4984","doi:10.7281/T1/8VU7A2"
"1061","Patty McGuiggan",NA,"doi:10.7281/T1/8VU7A2"
"1062","Nicholas Adams",NA,"doi:10.7281/T1/8VU7A2"
"1063","Paulette Clancy","0000-0002-0468-6420","doi:10.7281/T1/8VU7A2"
"1064","NA Russell. Thomas P.",NA,"doi:10.7281/T1/8VU7A2"
"1065","Patrick E. Hopkins",NA,"doi:10.7281/T1/8VU7A2"
"1066","Susanna M. Thon","0000-0002-1003-2650","doi:10.7281/T1/8VU7A2"
"1067","John D. Tovar","0000-0002-9650-2210","doi:10.7281/T1/8VU7A2"
"1068","Howard E. Katz","0000-0002-3190-2475","doi:10.7281/T1/8VU7A2"
"1069","Michael S. Osmanski","0000-0003-3458-9215","doi:10.7281/T1/WVEABK"
"1070","Xiaoqin Wang","0000-0002-3999-0772","doi:10.7281/T1/WVEABK"
"1071","Daniel C, Wilusz",NA,"doi:10.7281/T1/OM3OMQ"
"1072","Ciaran J. Harman","0000-0002-3185-002X","doi:10.7281/T1/OM3OMQ"
"1073","William P. Ball","0000-0001-5217-8108","doi:10.7281/T1/OM3OMQ"
"1074","Diego Giraldo","0000-0002-6552-3297","doi:10.7281/T1/NTWJAR"
"1075","Andrew Hammond","0000-0002-1757-5009","doi:10.7281/T1/NTWJAR"
"1076","Jinling Wu",NA,"doi:10.7281/T1/NTWJAR"
"1077","Brandon Feole",NA,"doi:10.7281/T1/NTWJAR"
"1078","Noor Al-Saloum",NA,"doi:10.7281/T1/NTWJAR"
"1079","Conor McMeniman","0000-0001-8502-8712","doi:10.7281/T1/NTWJAR"
"1080","Georgia Calhoun",NA,"doi:10.7281/T1/ORP47N"
"1081","Chih-Ting Chen",NA,"doi:10.7281/T1/ORP47N"
"1082","Patrick O. Kanold","https://orcid.org/0000-0002-7529-5435","doi:10.7281/T1/ORP47N"
"1083","Omar A. Hafez","0000-0002-7846-9226","doi:10.7281/T1/HRK27V"
"1084","Benjamin Escribano","0000-0002-1432-5952","doi:10.7281/T1/HRK27V"
"1085","Ziegler L. Rouven","0000-0002-3050-7692","doi:10.7281/T1/HRK27V"
"1086","Jan J. Hirtz","0000-0002-4486-3057","doi:10.7281/T1/HRK27V"
"1087","Ernst Niebur","0000-0002-2815-9262","doi:10.7281/T1/HRK27V"
"1088","Jan Pielage","0000-0002-5115-5884","doi:10.7281/T1/HRK27V"
"1089","Qu Chongyu",NA,"doi:10.7281/T1/7ELIJW"
"1090","Wenxuan Li",NA,"doi:10.7281/T1/7ELIJW"
"1091","Tiezheng Zhang",NA,"doi:10.7281/T1/7ELIJW"
"1092","Hualin Qiao",NA,"doi:10.7281/T1/7ELIJW"
"1093","Jie Liu",NA,"doi:10.7281/T1/7ELIJW"
"1094","Yucheng Tang",NA,"doi:10.7281/T1/7ELIJW"
"1095","Alan L. Yuille","0000-0001-5207-9249","doi:10.7281/T1/7ELIJW"
"1096","Zongwei Zhou",NA,"doi:10.7281/T1/7ELIJW"
"1097","Alexis Bahl","0000-0002-8575-2679","doi:10.7281/T1/AUBBJD"
"1098","Anand Gnanadesikan","0000-0001-5784-1116","doi:10.7281/T1/AUBBJD"
"1099","Marie-Aude S. Pradal","0000-0002-5301-9659","doi:10.7281/T1/AUBBJD"
"1100","Robert B. Grupp","0000-0003-3386-5839","doi:10.7281/T1/C304HZ"
"1101","Mathias Unberath","0000-0002-0055-9950","doi:10.7281/T1/C304HZ"
"1102","Cong Gao",NA,"doi:10.7281/T1/C304HZ"
"1103","Rachel A. Hegeman","0000-0003-2869-8773","doi:10.7281/T1/C304HZ"
"1104","Ryan J. Murphy","0000-0003-3065-7700","doi:10.7281/T1/C304HZ"
"1105","Clayton P. Alexander",NA,"doi:10.7281/T1/C304HZ"
"1106","Yoshito Otake","0000-0003-1291-9316","doi:10.7281/T1/C304HZ"
"1107","Benjamin A. McArthur",NA,"doi:10.7281/T1/C304HZ"
"1108","Mehran Armand","0000-0003-1028-8303","doi:10.7281/T1/C304HZ"
"1109","Russell H. Taylor","0000-0001-6272-1100","doi:10.7281/T1/C304HZ"
"1110","Miguel A. Pellitero","0000-0001-8739-2542","doi:10.7281/T1/U5GUV3"
"1111","Isabel M. Jensen",NA,"doi:10.7281/T1/U5GUV3"
"1112","Nathaniel L. Dominique","0000-0002-0439-9982","doi:10.7281/T1/U5GUV3"
"1113","Lilian C. Ekowo","0000-0002-1731-0879","doi:10.7281/T1/U5GUV3"
"1114","Jon P. Camden","0000-0002-6179-2692","doi:10.7281/T1/U5GUV3"
"1115","David M. Jenkins","0000-0003-2683-9157","doi:10.7281/T1/U5GUV3"
"1116","Netzahualcóyotl Arroyo-Currás","0000-0002-2740-6276","doi:10.7281/T1/U5GUV3"
"1117","Cristina Recalde",NA,"doi:10.7281/T1/YQDI0F"
"1118","Benjamin F. Zaitchik",NA,"doi:10.7281/T1/YQDI0F"
"1119","William K. Pan",NA,"doi:10.7281/T1/YQDI0F"
"1120","Vincent Clark","0000-0001-9707-8004","doi:10.7281/T1/IHPXXR"
"1121","Miguel A. Pellitero",NA,"doi:10.7281/T1/IHPXXR"
"1122","Netzahualcóyotl Arroyo-Currás","0000-0002-2740-6276","doi:10.7281/T1/IHPXXR"
"1123","Tushita Mukhopadhyaya",NA,"doi:10.7281/T1/KWDKME"
"1124","Justine Wagner","0000-0003-4647-0449","doi:10.7281/T1/KWDKME"
"1125","Taein D. Lee","0000-0001-8176-9759","doi:10.7281/T1/KWDKME"
"1126","Connor Ganley","0000-0003-3851-3218","doi:10.7281/T1/KWDKME"
"1127","Swati Tanwar","0000-0002-0430-1922","doi:10.7281/T1/KWDKME"
"1128","Piyush Raj","0000-0002-1488-9475","doi:10.7281/T1/KWDKME"
"1129","Lulin Li",NA,"doi:10.7281/T1/KWDKME"
"1130","Yunjia Song","0000-0002-1216-0285","doi:10.7281/T1/KWDKME"
"1131","Sophia J. Melvin","0009-0001-8395-8278","doi:10.7281/T1/KWDKME"
"1132","Yuyang Ji",NA,"doi:10.7281/T1/KWDKME"
"1133","NA Paulette Clancy","0000-0002-0468-6420","doi:10.7281/T1/KWDKME"
"1134","Ishan Barman",NA,"doi:10.7281/T1/KWDKME"
"1135","Susanna Thon","0000-0002-1003-2650","doi:10.7281/T1/KWDKME"
"1136","Rebekka S. Klausen",NA,"doi:10.7281/T1/KWDKME"
"1137","Howard E. Katz","0000-0002-3190-2475","doi:10.7281/T1/KWDKME"
"1138","Debojyoti Biswas","0000-0003-4141-4034","doi:10.7281/T1/DX9DL8"
"1139","Luke A. Arend",NA,"doi:10.7281/T1/DX9DL8"
"1140","Sarah A. Stamper",NA,"doi:10.7281/T1/DX9DL8"
"1141","Balazs P. Vagvolgyi","0000-0001-9835-5165","doi:10.7281/T1/DX9DL8"
"1142","Eric S. Fortune","0000-0001-6447-5425","doi:10.7281/T1/DX9DL8"
"1143","Noah J. Cowan","0000-0003-2502-3770","doi:10.7281/T1/DX9DL8"
"1144","Eleftheria Koropouli","0000-0001-8537-4471","doi:10.7281/T1/OY2X8T"
"1145","Qiang Wang",NA,"doi:10.7281/T1/OY2X8T"
"1146","Rebeca Mejías","0000-0003-1936-7219","doi:10.7281/T1/OY2X8T"
"1147","Randal Hand",NA,"doi:10.7281/T1/OY2X8T"
"1148","Tao Wang",NA,"doi:10.7281/T1/OY2X8T"
"1149","David D. Ginty","0000-0001-9723-8530","doi:10.7281/T1/OY2X8T"
"1150","Alex L. Kolodkin","0000-0001-7562-5513","doi:10.7281/T1/OY2X8T"
"1151","Kevin W. Lewis","0000-0003-3412-803X","doi:10.7281/T1/VNEEJB"
"1152","Madison Turner","0000-0001-8061-8115","doi:10.7281/T1/VNEEJB"
"1153","Daniel Hanley",NA,"doi:10.7281/T1/CZDPSX"
"1154","Andrew Mould",NA,"doi:10.7281/T1/CZDPSX"
"1155","Natalie Ullman",NA,"doi:10.7281/T1/CZDPSX"
"1156","John Muschelli",NA,"doi:10.7281/T1/CZDPSX"
"1157","Erin A. Chung","0000-0003-1058-7370","doi:10.7281/T1JW8BSS"
"1158","Sodnomdargia (Anu) Avirmed",NA,"doi:10.7281/T1JW8BSS"
"1159","Ardie Bolanon Ermac",NA,"doi:10.7281/T1JW8BSS"
"1160","Daisy Kim",NA,"doi:10.7281/T1JW8BSS"
"1161","Yang-Sook Kim",NA,"doi:10.7281/T1JW8BSS"
"1162","Yoon Kyong Lee",NA,"doi:10.7281/T1JW8BSS"
"1163","Melody Liu",NA,"doi:10.7281/T1JW8BSS"
"1164","Nguyen Nam Thang",NA,"doi:10.7281/T1JW8BSS"
"1165","Debojyoti Biswas","0000-0003-4141-4034","doi:10.7281/T1/QS3QFT"
"1166","Andrew Lamperski","0000-0003-0383-1830","doi:10.7281/T1/QS3QFT"
"1167","Yu Yang","0009-0002-9512-5377","doi:10.7281/T1/QS3QFT"
"1168","Kathleen Hoffman",NA,"doi:10.7281/T1/QS3QFT"
"1169","John Guckenheimer","0000-0001-6655-7862","doi:10.7281/T1/QS3QFT"
"1170","Eric S. Fortune","0000-0001-6447-5425","doi:10.7281/T1/QS3QFT"
"1171","Noah J. Cowan","0000-0003-2502-3770","doi:10.7281/T1/QS3QFT"
"1172","Margaret R. Chow","0000-0002-4335-0903","doi:10.7281/T1/C4RVLS"
"1173","Celia Fernandez Brillet","0000-0002-1267-8156","doi:10.7281/T1/C4RVLS"
"1174","Kristin N. Hageman",NA,"doi:10.7281/T1/C4RVLS"
"1175","Dale C. Roberts","0000-0003-4328-0199","doi:10.7281/T1/C4RVLS"
"1176","Andrianna I. Ayiotis",NA,"doi:10.7281/T1/C4RVLS"
"1177","Razi M. Haque","0000-0003-0453-0300","doi:10.7281/T1/C4RVLS"
"1178","Charles C. Della Santina","0000-0002-0509-5200","doi:10.7281/T1/C4RVLS"
"1179","Qing Liu",NA,"doi:10.7281/T1/YZKNJ6"
"1180","Adam Kortylewski","0000-0002-9146-4403","doi:10.7281/T1/YZKNJ6"
"1181","Zhishuai Zhang",NA,"doi:10.7281/T1/YZKNJ6"
"1182","Zizhang Li",NA,"doi:10.7281/T1/YZKNJ6"
"1183","Mengqi Guo",NA,"doi:10.7281/T1/YZKNJ6"
"1184","Qihao Liu",NA,"doi:10.7281/T1/YZKNJ6"
"1185","Xiaoding Yuan",NA,"doi:10.7281/T1/YZKNJ6"
"1186","Jiteng Mu",NA,"doi:10.7281/T1/YZKNJ6"
"1187","Weichao Qiu",NA,"doi:10.7281/T1/YZKNJ6"
"1188","Alan L. Yuille","0000-0001-5207-9249","doi:10.7281/T1/YZKNJ6"
"1189","Diego Giraldo","0000-0002-6552-3297","doi:10.7281/T1/IVVFCM"
"1190","Stephanie Rankin-Turner","0000-0001-5210-1709","doi:10.7281/T1/IVVFCM"
"1191","Abel Corver","0000-0003-1431-9832","doi:10.7281/T1/IVVFCM"
"1192","Genevieve M. Tauxe",NA,"doi:10.7281/T1/IVVFCM"
"1193","Anne L. Gao",NA,"doi:10.7281/T1/IVVFCM"
"1194","Dorian M. Jackson",NA,"doi:10.7281/T1/IVVFCM"
"1195","Limonty Simubali",NA,"doi:10.7281/T1/IVVFCM"
"1196","Christopher Book",NA,"doi:10.7281/T1/IVVFCM"
"1197","Jennifer C. Stevenson",NA,"doi:10.7281/T1/IVVFCM"
"1198","Philip E. Thuma",NA,"doi:10.7281/T1/IVVFCM"
"1199","Rajiv C McCoy","0000-0003-0615-146X","doi:10.7281/T1/IVVFCM"
"1200","Andrew Gordus","0000-0002-5550-0286","doi:10.7281/T1/IVVFCM"
"1201","Monicah M. Mburu","0000-0001-8846-0615","doi:10.7281/T1/IVVFCM"
"1202","Edgar Simulundu","0000-0001-9423-0816","doi:10.7281/T1/IVVFCM"
"1203","Conor J. McMeniman","0000-0001-8502-8712","doi:10.7281/T1/IVVFCM"
"1204","Benjamin F Zaitchik","0000-0002-0698-0658","doi:10.7281/T1/XTJ1YP"
"1205","Asha K. Jordan","0000-0001-6703-9899","doi:10.7281/T1/1ECVB0"
"1206","Benjamin F. Zaitchik","0000-0002-0698-0658","doi:10.7281/T1/1ECVB0"
"1207","Anand Gnanadesikan","0000-0001-5784-1116","doi:10.7281/T1/1ECVB0"
"1208","Dongchul Kim","0000-0002-5659-1394","doi:10.7281/T1/1ECVB0"
"1209","Hamada S. Badr","0000-0002-9808-2344","doi:10.7281/T1/1ECVB0"
"1210","Abel Corver","0000-0003-1431-9832","doi:10.7281/T1/BMATHH"
"1211","Nicholas Wilkerson",NA,"doi:10.7281/T1/BMATHH"
"1212","Jeremiah Miller",NA,"doi:10.7281/T1/BMATHH"
"1213","Andrew Gordus","0000-0002-5550-0286","doi:10.7281/T1/BMATHH"
"1214","Francis Ferraro",NA,"doi:10.7281/T1/D06YVM"
"1215","Max Thomas",NA,"doi:10.7281/T1/D06YVM"
"1216","Matthew R. Gormley",NA,"doi:10.7281/T1/D06YVM"
"1217","Travis Wolfe","0000-0002-6045-9302","doi:10.7281/T1/D06YVM"
"1218","Craig Harman",NA,"doi:10.7281/T1/D06YVM"
"1219","Benjamin Van Durme",NA,"doi:10.7281/T1/D06YVM"
"1220","Sisi Jia","0000-0002-5877-5138","doi:10.7281/T1/CUEL0W"
"1221","Siew Cheng Phua","0000-0002-6786-8117","doi:10.7281/T1/CUEL0W"
"1222","Yuta Nihongaki","0000-0002-9818-9344","doi:10.7281/T1/CUEL0W"
"1223","Yizeng Li",NA,"doi:10.7281/T1/CUEL0W"
"1224","Michael Pacella",NA,"doi:10.7281/T1/CUEL0W"
"1225","Yi Li","0000-0001-7916-0741","doi:10.7281/T1/CUEL0W"
"1226","Adbul M. Mohammed",NA,"doi:10.7281/T1/CUEL0W"
"1227","Sean Sun","0000-0002-9077-7088","doi:10.7281/T1/CUEL0W"
"1228","Takanari Inoue","0000-0002-7957-7624","doi:10.7281/T1/CUEL0W"
"1229","Rebecca Schulman","0000-0003-4555-3162","doi:10.7281/T1/CUEL0W"
"1230","Samuel W. Schaffter","0000-0002-7259-7374","doi:10.7281/T1/UBSZF1"
"1231","Kuan-Lin Chen",NA,"doi:10.7281/T1/UBSZF1"
"1232","Jackson O’Brien","0000-0002-5221-2107","doi:10.7281/T1/UBSZF1"
"1233","Madeline Noble",NA,"doi:10.7281/T1/UBSZF1"
"1234","Arvind Murugan",NA,"doi:10.7281/T1/UBSZF1"
"1235","Rebecca Schulman","0000-0003-4555-3162","doi:10.7281/T1/UBSZF1"
"1236","Samuel W. Schaffter","0000-0002-7259-7374","doi:10.7281/T1/A9NKJ7"
"1237","Dominic Scalise","0000-0001-8218-1797","doi:10.7281/T1/A9NKJ7"
"1238","Terence M. Murphy",NA,"doi:10.7281/T1/A9NKJ7"
"1239","Anusha Patel",NA,"doi:10.7281/T1/A9NKJ7"
"1240","Rebecca Schulman","0000-0003-4555-3162","doi:10.7281/T1/A9NKJ7"
"1241","Patrick Beaudry","0000-0001-8587-2729","doi:10.7281/T1/HWU9TZ"
"1242","Dimitri Sverjensky",NA,"doi:10.7281/T1/HWU9TZ"
"1243","David M. Nataf","0000-0001-5825-4431","doi:10.7281/T1/CGBG4F"
"1244","Kevin C. Schlaufman","0000-0001-5761-6779","doi:10.7281/T1/CGBG4F"
"1245","Henrique Reggiani","0000-0001-6533-6179","doi:10.7281/T1/CGBG4F"
"1246","Isabel Hahn","0000-0003-4580-9893","doi:10.7281/T1/CGBG4F"
"1247","Cristina Recalde-Coronel","0000-0003-3984-895X","doi:10.7281/T1/SQJ7G0"
"1248","Benjamin F. Zaitchik","0000-0002-0698-0658","doi:10.7281/T1/SQJ7G0"
"1249","Yu Yang","0009-0002-9512-5377","doi:10.7281/T1/F5PD42"
"1250","Dominic G. Yared",NA,"doi:10.7281/T1/F5PD42"
"1251","Eric S. Fortune","0000-0001-6447-5425","doi:10.7281/T1/F5PD42"
"1252","Noah J. Cowan","0000-0003-2502-3770","doi:10.7281/T1/F5PD42"
"1253","Naomi A. Becker","0000-0003-0102-9713","doi:10.7281/T1/XFNORD"
"1254","Wendy R. Nelson","0000-0002-3047-0172","doi:10.7281/T1/XFNORD"
"1255","Joseph F. Browning-Hanson","0009-0001-3109-0796","doi:10.7281/T1/XFNORD"
"1256","James L. Crowley",NA,"doi:10.7281/T1/XFNORD"
"1257","Daniel R. Viete","0000-0001-5495-9370","doi:10.7281/T1/XFNORD"
"1258","Mason Song","0009-0001-1248-9590","doi:10.7281/T1/AOTRD6"
"1259","Robert Ivkov","0000-0002-2930-5276","doi:10.7281/T1/AOTRD6"
"1260","Preethi Korangath","0000-0002-6623-493X","doi:10.7281/T1/AOTRD6"
"1261","Hayden Carlton","0000-0002-2249-3067","doi:10.7281/T1/0HWVS1"
"1262","Nageshwar Arepally",NA,"doi:10.7281/T1/0HWVS1"
"1263","Sean Healy",NA,"doi:10.7281/T1/0HWVS1"
"1264","Anirudh Sharma","0000-0001-7942-8998","doi:10.7281/T1/0HWVS1"
"1265","Sarah Ptashnik",NA,"doi:10.7281/T1/0HWVS1"
"1266","Maureen Schickel",NA,"doi:10.7281/T1/0HWVS1"
"1267","Matt Newgren",NA,"doi:10.7281/T1/0HWVS1"
"1268","Patrick Goodwill",NA,"doi:10.7281/T1/0HWVS1"
"1269","Anilchandra Attaluri","0000-0003-0283-1927","doi:10.7281/T1/0HWVS1"
"1270","Robert Ivkov","0000-0002-2930-5276","doi:10.7281/T1/0HWVS1"
"1271","Brett M. O'Brien",NA,"doi:10.7281/T1/GTUUUG"
"1272","Gabriel Jiménez-Avalos","0000-0002-0221-3208","doi:10.7281/T1/GTUUUG"
"1273","Christian M. Kaiser",NA,"doi:10.7281/T1/GTUUUG"
"1274","Sarah A. Woodson","0000-0003-0170-1987","doi:10.7281/T1/GTUUUG"
"1275","Heonjoon Lee","0000-0001-5129-5740","doi:10.7281/T1/IRL0IE"
"1276","Tian Xie",NA,"doi:10.7281/T1/IRL0IE"
"1277","Byunghwa Kang","0009-0001-2615-3617","doi:10.7281/T1/IRL0IE"
"1278","Xinjie Yu",NA,"doi:10.7281/T1/IRL0IE"
"1279","Samuel W. Schaffter","0000-0002-7259-7374","doi:10.7281/T1/IRL0IE"
"1280","Rebecca Schulman","0000-0003-4555-3162","doi:10.7281/T1/IRL0IE"
"1281","Li-Eng Yu",NA,"doi:10.7281/T1/JDHWJN"
"1282","Elise N. White","0000-0002-1299-9646","doi:10.7281/T1/JDHWJN"
"1283","Sarah A. Woodson","0000-0003-0170-1987","doi:10.7281/T1/JDHWJN"
"1284","Philippe F.Y. Vincent","0000-0001-7712-7198","doi:10.7281/T1/VEORXP"
"1285","Eric D. Young","0000-0003-0334-408X","doi:10.7281/T1/VEORXP"
"1286","Albert S.B. Edge","0000-0001-8641-755X","doi:10.7281/T1/VEORXP"
"1287","Elisabeth Glowatzki","0000-0003-3135-658X","doi:10.7281/T1/VEORXP"
"1288","John E. Bond",NA,"doi:10.7281/T1/IZMSNX"
"1289","Alexander J. Yeh",NA,"doi:10.7281/T1/IZMSNX"
"1290","John R. Edison",NA,"doi:10.7281/T1/IZMSNX"
"1291","Michael A. Bevan","0000-0002-9368-4899","doi:10.7281/T1/IZMSNX"
"1292","Ruohong Shi","0000-0001-9163-5607","doi:10.7281/T1/WYN7FI"
"1293","Kuan-Lin Chen",NA,"doi:10.7281/T1/WYN7FI"
"1294","Joshua Fern",NA,"doi:10.7281/T1/WYN7FI"
"1295","Siming Deng","0000-0003-3111-8629","doi:10.7281/T1/WYN7FI"
"1296","Yixin Liu",NA,"doi:10.7281/T1/WYN7FI"
"1297","Dominic Scalise","0000-0001-8218-1797","doi:10.7281/T1/WYN7FI"
"1298","Qi Huang",NA,"doi:10.7281/T1/WYN7FI"
"1299","Noah J. Cowan","0000-0003-2502-3770","doi:10.7281/T1/WYN7FI"
"1300","David H. Gracias","0000-0003-2735-4725","doi:10.7281/T1/WYN7FI"
"1301","Rebecca Schulman","0000-0003-4555-3162","doi:10.7281/T1/WYN7FI"
"1302","Joshua Cole","0000-0002-4859-1298","doi:10.7281/T1/V4BATB"
"1303","Rebecca B. Schulman","0000-0003-4555-3162","doi:10.7281/T1/V4BATB"
"1304","Hsuan Liu","0000-0002-0806-7643","doi:10.7281/T1/FPN6MI"
"1305","Kathryn Shaw-Saliba","0000-0002-4396-2432","doi:10.7281/T1/FPN6MI"
"1306","Jason Westerbeck",NA,"doi:10.7281/T1/FPN6MI"
"1307","David Jacobs",NA,"doi:10.7281/T1/FPN6MI"
"1308","Katherine Fenstermacher","0000-0003-1139-3711","doi:10.7281/T1/FPN6MI"
"1309","Chia-Yu Chao",NA,"doi:10.7281/T1/FPN6MI"
"1310","Yu-Nong Gong","0000-0002-6799-1561","doi:10.7281/T1/FPN6MI"
"1311","Harrison Powell",NA,"doi:10.7281/T1/FPN6MI"
"1312","Zexu Ma",NA,"doi:10.7281/T1/FPN6MI"
"1313","Thomas Mehoke",NA,"doi:10.7281/T1/FPN6MI"
"1314","Amanda W. Ernlund","0000-0003-1113-4103","doi:10.7281/T1/FPN6MI"
"1315","Amanda Dziedzic",NA,"doi:10.7281/T1/FPN6MI"
"1316","Siddhant Vyas",NA,"doi:10.7281/T1/FPN6MI"
"1317","Jared Evans",NA,"doi:10.7281/T1/FPN6MI"
"1318","Lauren M. Sauer",NA,"doi:10.7281/T1/FPN6MI"
"1319","Richard E. Rothman",NA,"doi:10.7281/T1/FPN6MI"
"1320","Peter Thielen","0000-0003-1807-2785","doi:10.7281/T1/FPN6MI"
"1321","Kuan-Fu Chen",NA,"doi:10.7281/T1/FPN6MI"
"1322","Andrew Pekosz","0000-0003-3248-1761","doi:10.7281/T1/FPN6MI"
"1323","Jonah Bregstone",NA,"doi:10.7281/T1/OTISGL"
"1324","Sam Droege","0000-0003-4393-0403","doi:10.7281/T1/OTISGL"
"1325","Manu S. Madhav","0000-0001-5317-8492","doi:10.7281/T1/THLC8N"
"1326","Ravikrishnan P. Jayakumar","0000-0003-4321-6816","doi:10.7281/T1/THLC8N"
"1327","Brian Y. Li","0000-0002-3055-4202","doi:10.7281/T1/THLC8N"
"1328","Shahin G. Lashkari",NA,"doi:10.7281/T1/THLC8N"
"1329","Kelly Wright",NA,"doi:10.7281/T1/THLC8N"
"1330","Francesco Savelli","0000-0002-8588-0865","doi:10.7281/T1/THLC8N"
"1331","James J. Knierim","0000-0002-1796-2930","doi:10.7281/T1/THLC8N"
"1332","Noah J. Cowan","0000-0003-2502-3770","doi:10.7281/T1/THLC8N"
"1333","Feifei Wang",NA,"doi:10.7281/T1/XOL4BR"
"1334","Alan C. K. Cheung",NA,"doi:10.7281/T1/XOL4BR"
"1335","Amanda J. Neitzel","0000-0002-4676-9320","doi:10.7281/T1/XOL4BR"
"1336","Ching Sing Chai",NA,"doi:10.7281/T1/XOL4BR"
"1337","Wanshu Nie","0000-0003-3639-9570","doi:10.7281/T1/KOTDPY"
"1338","Sujay V. Kumar","0000-0001-8797-9482","doi:10.7281/T1/KOTDPY"
"1339","Augusto Getirana","0000-0001-9635-7220","doi:10.7281/T1/KOTDPY"
"1340","Long Zhao","0000-0002-8211-118X","doi:10.7281/T1/KOTDPY"
"1341","Melissa L. Wrzesien","0000-0003-4958-9234","doi:10.7281/T1/KOTDPY"
"1342","Goutam Konapala",NA,"doi:10.7281/T1/KOTDPY"
"1343","Shahryar K. Ahmad","0000-0002-9789-3137","doi:10.7281/T1/KOTDPY"
"1344","Kim A. Locke","0000-0001-9891-4801","doi:10.7281/T1/KOTDPY"
"1345","Thomas R. Holmes","0000-0002-4651-0079","doi:10.7281/T1/KOTDPY"
"1346","Bryant D. Loomis","0000-0002-9370-9160","doi:10.7281/T1/KOTDPY"
"1347","Matthew Rodell","0000-0003-0106-7437","doi:10.7281/T1/KOTDPY"
"1348","Isabel M. Jensen",NA,"doi:10.7281/T1/RE5GOK"
"1349","Vincent Clark","0000-0001-9707-8004","doi:10.7281/T1/RE5GOK"
"1350","Harper L. Kirby",NA,"doi:10.7281/T1/RE5GOK"
"1351","Netzahualcóyotl Arroyo-Currás","0000-0002-2740-6276","doi:10.7281/T1/RE5GOK"
"1352","David M. Jenkins",NA,"doi:10.7281/T1/RE5GOK"
"1353","Camille Wouters","0009-0001-1784-642X","doi:10.7281/T1/RDLYMJ"
"1354","Jaiprasath Sachithanandham","0000-0001-7086-2990","doi:10.7281/T1/RDLYMJ"
"1355","Elgin Akin","0000-0001-8824-8809","doi:10.7281/T1/RDLYMJ"
"1356","Lisa Pieterse",NA,"doi:10.7281/T1/RDLYMJ"
"1357","Amary Fall",NA,"doi:10.7281/T1/RDLYMJ"
"1358","Thao T. Truong",NA,"doi:10.7281/T1/RDLYMJ"
"1359","Jennifer Dien Bard",NA,"doi:10.7281/T1/RDLYMJ"
"1360","Rebecca Yee",NA,"doi:10.7281/T1/RDLYMJ"
"1361","David J. Sullivan","0000-0003-0319-0578","doi:10.7281/T1/RDLYMJ"
"1362","Heba H. Mostafa",NA,"doi:10.7281/T1/RDLYMJ"
"1363","Andrew Pekosz","0000-0003-3248-1761","doi:10.7281/T1/RDLYMJ"
