"","auth_id","ru_id","name"
"1",1,1,"Abdullah, Omar"
"2",2,2,"Adams, Nicholas"
"3",3,3,"Afify, Ali"
"4",4,4,"Agamaite, James A."
"5",5,5,"Ahm, Anne-Sofie C."
"6",6,6,"Ahmad, Shahryar K."
"7",7,7,"Akin, Elgin"
"8",8,8,"Al-Saloum, Noor"
"9",9,9,"Alexander, Clayton"
"10",10,10,"Ali, Hasmot"
"11",11,11,"Allard, Simon"
"12",12,12,"Allen, Mark B."
"13",13,13,"Amouzou, Agbessi"
"14",14,14,"Anderson, Carrie M."
"15",15,15,"Anieto, Nneoma Nonyelum"
"16",16,16,"Ankarali, Mustafa M."
"17",17,17,"Appel, Lawrence J."
"18",18,18,"Arend, Luke A."
"19",19,19,"Arepally, Nageshwar"
"20",20,20,"Arhinful,  Daniel"
"21",21,21,"Armand, Mehran"
"22",22,22,"Armanios, Mary"
"23",23,23,"Armitage, Norman P."
"24",24,24,"Arora-Williams, Keith"
"25",25,25,"Arroyo-Currás, Netzahualcóyotl"
"26",26,26,"Arsenault, Kristi R."
"27",27,27,"Attaluri, Anilchandra"
"28",28,28,"Avirmed, Sodnomdargia (Anu)"
"29",29,29,"Awantang, Grace"
"30",30,30,"Ayiotis, Andrianna I."
"31",31,31,"Babalola, Stella"
"32",32,32,"Badr, Hamada S."
"33",33,33,"Bagger, Jonatan I."
"34",34,34,"Bahl, Alexis"
"35",35,35,"Baik, Yeonsoo"
"36",36,36,"Baker, Kellan E."
"37",37,37,"Bakker, Arnold"
"38",38,38,"Ball, W.B."
"39",39,39,"Ball, William P."
"40",40,40,"Ballantyne, Christie M."
"41",41,41,"Ballou, Sydney"
"42",42,42,"Baltimore Police Department"
"43",43,43,"Banda, Benjamin"
"44",44,44,"Barbera-Lainez, Yolanda"
"45",45,45,"Bard, Jennifer Dien"
"46",46,46,"Barman, Ishan"
"47",47,47,"Barranta, Caelan"
"48",48,48,"Barrett, Brandon"
"49",49,49,"Barth, Erika"
"50",50,50,"Bastian, Amy J."
"51",51,51,"Basyal, Pragyashree S."
"52",52,52,"Baya, Banza"
"53",53,53,"Beauchene, Christine"
"54",54,54,"Beaudry, Patrick"
"55",55,55,"Becker, Naomi A."
"56",56,56,"Beer, Michael A."
"57",57,57,"Beltran-Villegas, Daniel J."
"58",58,58,"Bergaoui, Karim"
"59",59,59,"Berhane, Leah"
"60",60,60,"Bersoff-Matcha, Susan J."
"61",61,61,"Besar, Kalpana"
"62",62,62,"Bibic, Adnan"
"63",63,63,"Bindlish, Rajat"
"64",64,64,"Biswas, Debojyoti"
"65",65,65,"Black, Robert E."
"66",66,66,"Blair-Stanek, Andrew"
"67",67,67,"Bond, John E."
"68",68,68,"Bose, Vivek"
"69",69,69,"Bosley, Laura"
"70",70,70,"Boulay, Marc"
"71",71,71,"Bouwer, Edward J."
"72",72,72,"Brady, Eoghan"
"73",73,73,"Bragg, Arthur E."
"74",74,74,"Brbić, Maria"
"75",75,75,"Breault, Macauley S."
"76",76,76,"Bregstone, Jonah"
"77",77,77,"Brenner, Dana C."
"78",78,78,"Brittingham, Sarah"
"79",79,79,"Brooks, Bernard R."
"80",80,80,"Brovarone, Alberto Vitale"
"81",81,81,"Browning-Hanson, Joseph F."
"82",82,82,"Bryce, Jennifer"
"83",83,83,"Bu, Fanjun"
"84",84,84,"Buda, A.R."
"85",85,85,"Budavari, Tamas"
"86",86,86,"Budde, Ryan B."
"87",87,87,"Budoff, Matthew J."
"88",88,88,"Burd, Irina"
"89",89,89,"Burdick, Jason A."
"90",90,90,"Calhoun, Georgia"
"91",91,91,"Camden, Jon P."
"92",92,92,"Carlton, Hayden"
"93",93,93,"Carter, Anabel W."
"94",94,94,"Cebotaru, Valeriu"
"95",95,95,"Ceci, Doug"
"96",96,96,"Center for Human Nutrition"
"97",97,97,"Chai, Ching Sing"
"98",98,98,"Chang, Chia-Jung"
"99",99,99,"Chang, Hsien-Yen"
"100",100,100,"Chen, Ada Y."
"101",101,101,"Chen, Chih-Ting"
"102",102,102,"Chen, Kuan-Lin"
"103",103,103,"Chen, Lidong"
"104",104,104,"Chen, Nan"
"105",105,105,"Chen, Yanling"
"106",106,106,"Cheng, Bingquing"
"107",107,107,"Cheng, Yan"
"108",108,108,"Chernenok, Mariya"
"109",109,109,"Chessare, Caroline M."
"110",110,110,"Cheung, Alan Chi-keung"
"111",111,111,"Chib, Vikram S."
"112",112,112,"Chintan Environmental Research and Action Group"
"113",113,113,"Chiu, Arlene"
"114",114,114,"Cho, Kyoung-A"
"115",115,115,"Chongyu, Qu"
"116",116,116,"Chow, Margaret R."
"117",117,117,"Chow, Steven J."
"118",118,118,"Chung, Erin A."
"119",119,119,"Cinque, Gianfelice"
"120",120,120,"Cisse, Adama"
"121",121,121,"Clancy, Paulette"
"122",122,122,"Clark, Vincent"
"123",123,123,"Clarke, Robert"
"124",124,124,"Coderre, Emily L."
"125",125,125,"Coffin, Rachel"
"126",126,126,"Cohen, Gregory S."
"127",127,127,"Cornwell, Jeffrey"
"128",128,128,"Cosans, Cassandra L."
"129",129,129,"Courtney, Susan M."
"130",130,130,"Cowan,  Noah J."
"131",131,131,"Cox, Andrea L."
"132",132,132,"Crowley, James L."
"133",133,133,"Cui, Minming"
"134",134,134,"Cullen, Kathleen E."
"135",135,135,"Dailly-Ajavon, Patricia"
"136",136,136,"Damjanovic, Ana"
"137",137,137,"Daniel, Isabelle"
"138",138,138,"DeCoster, Mallory E."
"139",139,139,"Degefie, Tedbabe"
"140",140,140,"Della Santina, Charles C."
"141",141,141,"Delwiche, Kyle"
"142",142,142,"Demir, Alican"
"143",143,143,"Deng, Siming"
"144",144,144,"Dhakal, Santosh"
"145",145,145,"Dickinson, Laura E."
"146",146,146,"Dikeman, Dustin"
"147",147,147,"Dillow, Brandon"
"148",148,148,"Dixon, Eryn E."
"149",149,149,"Doiron, Jake"
"150",150,150,"Dominique, Nathaniel L."
"151",151,151,"Dosso, Abdul"
"152",152,152,"Dowdy, David W."
"153",153,153,"Droege, Sam"
"154",154,154,"Du, Chen"
"155",155,155,"Duan, Wenzhen"
"156",156,156,"Duckworth, Andrew R."
"157",157,157,"Dukhanin, Vadim"
"158",158,158,"Durant, Neal D."
"159",159,159,"Dziedzic, Amanda"
"160",160,160,"Eberle, Wolfgang"
"161",161,161,"Edge, Albert S.B."
"162",162,162,"Edwards, Tara D."
"163",163,163,"Eggen, Michael"
"164",164,164,"Ekowo, Lilian C."
"165",165,165,"Eldesouki, Raghda E."
"166",166,166,"Ellis, Hugh"
"167",167,167,"Elsey, Jacob"
"168",168,168,"Emeric, Erik"
"169",169,169,"Ermac, Ardie Bolanon"
"170",170,170,"Ernlund, Amanda W."
"171",171,171,"Escribano, Benjamin"
"172",172,172,"Evans, Jared"
"173",173,173,"Falk, Michael L."
"174",174,174,"Fall, Amary"
"175",175,175,"Fan, Huidong"
"176",176,176,"Fan, Xinhao"
"177",177,177,"Feed the Future Innovation Lab for Nutrition"
"178",178,178,"Fenstermacher, Katherine Z."
"179",179,179,"Fenwick, Axel"
"180",180,180,"Fern, Joshua"
"181",181,181,"Fernandez Brillet, Celia"
"182",182,182,"Ferraro, Francis"
"183",183,183,"Fitzgerald, Zachary B."
"184",184,184,"Flandinet, Laurène"
"185",185,185,"Foote, Jeremy"
"186",186,186,"Fortune, Eric S."
"187",187,187,"Fox-Talbot, Karen"
"188",188,188,"Frechette, Joelle"
"189",189,189,"Fuerst, Bernhard"
"190",190,190,"Gabrielson, Kathleen"
"191",191,191,"Gale, John T."
"192",192,192,"Ganley, Connor"
"193",193,193,"Gao, Anne L."
"194",194,194,"Gao, Cong"
"195",195,195,"García Villa, Anayeli"
"196",196,196,"Gautier, Thomas"
"197",197,197,"Gayme, Dennice F."
"198",198,198,"Gensbigler, Paul"
"199",199,199,"Gerecht, Sharon"
"200",200,200,"Getirana, Augusto"
"201",201,201,"Ghotbi, Reza"
"202",202,202,"Gidner, Sarah"
"203",203,203,"Ginty, David D."
"204",204,204,"Giraldo, Diego"
"205",205,205,"Glickman, Moshe"
"206",206,206,"Glowatzki, Elisabeth"
"207",207,207,"Gnanadesikan, Anand"
"208",208,208,"Gohlke, Julia M."
"209",209,209,"Golding, Hana"
"210",210,210,"Gomes, Maya L."
"211",211,211,"Gomes, Menandro"
"212",212,212,"Gong, Yu-Nong"
"213",213,213,"Gonzalez-Martinez, Jorge A."
"214",214,214,"Goodchild, Traci"
"215",215,215,"Goodwill, Patrick"
"216",216,216,"Gordon, Barry"
"217",217,217,"Gormley, Matthew R."
"218",218,218,"Gracias, David H."
"219",219,219,"Green, Ariel"
"220",220,220,"Grupp, Robert"
"221",221,221,"Grüttner, Cordula"
"222",222,222,"Gu, Junyao"
"223",223,223,"Guallar, Eliseo"
"224",224,224,"Guckenheimer, John"
"225",225,225,"Guiella, Georges"
"226",226,226,"Guo, Mengqi"
"227",227,227,"Guo, Xin"
"228",228,228,"Gutman, Julie"
"229",229,229,"Habi, Oumarou"
"230",230,230,"Hacker, Bradley R."
"231",231,231,"Hafez, Omar A."
"232",232,232,"Hageman, Kristin N."
"233",233,233,"Hahn, Isabel"
"234",234,234,"Haith, Adrian M."
"235",235,235,"Hall, Anthony S."
"236",236,236,"Hall, Grant"
"237",237,237,"Hamer, Jacob"
"238",238,238,"Hammond, Andrew"
"239",239,239,"Han, Jinfeng"
"240",240,240,"Hand, Randal"
"241",241,241,"Hanjaya-Putra, Donny"
"242",242,242,"Hanley, Daniel"
"243",243,243,"Hanson, Lavender E."
"244",244,244,"Hantsoo, Kalev G."
"245",245,245,"Haque, Razi M."
"246",246,246,"Harihar, Vinayak"
"247",247,247,"Harman, Ciaran J."
"248",248,248,"Harris, John A."
"249",249,249,"Hart, Joanna L."
"250",250,250,"Harvey, Steven A"
"251",251,251,"Hashem, Mohamed D."
"252",252,252,"Hazel, Elizabeth"
"253",253,253,"Hazra, Abheera"
"254",254,254,"He, Chao"
"255",255,255,"He, Yan"
"256",256,256,"Healy, Sean"
"257",257,257,"Heckbert, Susan R."
"258",258,258,"Hegeman, Rachel"
"259",259,259,"Heidkamp, Rebecca A."
"260",260,260,"Hemond, Harold"
"261",261,261,"Hendrickson, Zoé"
"262",262,262,"Herndon, Christopher N."
"263",263,263,"Hickman, Clara"
"264",264,264,"Higgins, John A."
"265",265,265,"Hill, Joseph A."
"266",266,266,"Hill, Kenneth H."
"267",267,267,"Hinault, Thomas"
"268",268,268,"Hinton, Amanda"
"269",269,269,"Ho, Chia Chi"
"270",270,270,"Ho, Lara S"
"271",271,271,"Hobbs, Benjamin F."
"272",272,272,"Hoffman, Christina"
"273",273,273,"Hoffman, Kathleen"
"274",274,274,"Hoffmann, Christopher J."
"275",275,275,"Holder, Chris"
"276",276,276,"Holmes, Thomas R."
"277",277,277,"Holst, Jens J."
"278",278,278,"Holzenberger, Nils"
"279",279,279,"Hoogeveen, Ron C."
"280",280,280,"Hopkins, Patrick E."
"281",281,281,"Hristova, Kalina"
"282",282,282,"Hu, Qin"
"283",283,283,"Hu, Yicheng"
"284",284,284,"Huang, Chien-Ming"
"285",285,285,"Huang, Jiyuan"
"286",286,286,"Hui, Li"
"287",287,287,"Hur, Jinhee"
"288",288,288,"Hussain Shuler, Marshall G."
"289",289,289,"Hutfless, Susan"
"290",290,290,"Hörst, Sarah M."
"291",291,291,"Inoue, Takanari"
"292",292,292,"Irazoqui, Pedro P."
"293",293,293,"Ireland, R. M."
"294",294,294,"Ireland, Robert M."
"295",295,295,"Isooba, David"
"296",296,296,"Ivkov, Robert"
"297",297,297,"Izenberg, Noam R."
"298",298,298,"Jackson, Susan T."
"299",299,299,"Jaffe, Andrew E."
"300",300,300,"Jang, Hyun-June"
"301",301,301,"Jani, Vivek P."
"302",302,302,"Jayakumar, Ravikrishnan P."
"303",303,303,"Jayaraman, Sahana"
"304",304,304,"Jedlicka, Anne"
"305",305,305,"Jefferis, Gregory S. X. E."
"306",306,306,"Jendrichovsky, Peter"
"307",307,307,"Jenkins, David M."
"308",308,308,"Jensen, Isabel M."
"309",309,309,"Ji, Yuyang"
"310",310,310,"Jia, Mengxuan"
"311",311,311,"Jia, Sisi"
"312",312,312,"Jia, Xiaoming"
"313",313,313,"Jiang, Nan"
"314",314,314,"Jiménez-Avalos, Gabriel"
"315",315,315,"Jin, Lu"
"316",316,316,"Johns Hopkins Center for a Livable Future"
"317",317,317,"Jones, Gareth"
"318",318,318,"Joos, Olga"
"319",319,319,"Jordan, Asha K."
"320",320,320,"Jumai’an, Eugenie"
"321",321,321,"KC, Angela"
"322",322,322,"Kaiser, Christian M."
"323",323,323,"Kale, Tejaswini"
"324",324,324,"Kamara, Diarra"
"325",325,325,"Kamath, Vidulata"
"326",326,326,"Kamoga, Caleb"
"327",327,327,"Kang, Byunghwa"
"328",328,328,"Kanold, Patrick"
"329",329,329,"Kanyuka, Mercy"
"330",330,330,"Kass, David A."
"331",331,331,"Katamba, Achilles"
"332",332,332,"Katz, Howard E."
"333",333,333,"Katz, Joanne"
"334",334,334,"Kavran, Jennifer M."
"335",335,335,"Ke, Suqi"
"336",336,336,"Keita, Maningbe"
"337",337,337,"Kelley, Christopher S."
"338",338,338,"Kempton, Eliza M.-R."
"339",339,339,"Kendall, Emily A."
"340",340,340,"Kenney, William F."
"341",341,341,"Khatry, Subarna K."
"342",342,342,"Khetan, Sudhir"
"343",343,343,"Kidanu, Aklilu"
"344",344,344,"Killeen, Benjamin"
"345",345,345,"Kim, Daisy"
"346",346,346,"Kim, Dongchul"
"347",347,347,"Kim, Grace E."
"348",348,348,"Kim, Yang-Sook"
"349",349,349,"Kirby, Harper L."
"350",350,350,"Kita, Kahori"
"351",351,351,"Kitonsa, Peter J."
"352",352,352,"Klausen, Rebekka S."
"353",353,353,"Klein, Eili Y."
"354",354,354,"Klein, Sabra L."
"355",355,355,"Klemm, Rolf"
"356",356,356,"Knierim, James J."
"357",357,357,"Knop, Filip K."
"358",358,358,"Koehler, Kirsten"
"359",359,359,"Koenker, Hannah"
"360",360,360,"Koffi, Alain"
"361",361,361,"Koirala, Nikesh"
"362",362,362,"Kolodkin, Alex L."
"363",363,363,"Konapala, Goutam"
"364",364,364,"Korangath, Preethi"
"365",365,365,"Koropouli, Eleftheria"
"366",366,366,"Kortylewski, Adam"
"367",367,367,"Koskinen, Tommi T."
"368",368,368,"Kothari, Ninad B"
"369",369,369,"Kouadio Ngnanda, Anne M."
"370",370,370,"Kouadio, Anne Marie"
"371",371,371,"Kra, Walter"
"372",372,372,"Kraemer, David"
"373",373,373,"Krasnow, Janice"
"374",374,374,"Krummey, Scott M."
"375",375,375,"Kumar, Sujay V."
"376",376,376,"Kusuma, Sravanti"
"377",377,377,"LaPenna, Kyle B."
"378",378,378,"Labrique, Alain B."
"379",379,379,"Lake, Cynthia"
"380",380,380,"Lama, Tsering P."
"381",381,381,"Lamberty, Zachary D."
"382",382,382,"Lamperski, Andrew"
"383",383,383,"Lashkari, Shahin G."
"384",384,384,"Ledoux, Kerry"
"385",385,385,"Lee, Emma M."
"386",386,386,"Lee, Heonjoon"
"387",387,387,"Lee, Taein"
"388",388,388,"Lee, Yoon Kyong"
"389",389,389,"Lefer, David"
"390",390,390,"Legesse, Hailemariam"
"391",391,391,"Levy, Dino"
"392",392,392,"Lewicky, Nan"
"393",393,393,"Lewis, Kevin"
"394",394,394,"Lewis, Nikole K."
"395",395,395,"Li, Brian Y."
"396",396,396,"Li, Hantian"
"397",397,397,"Li, Hongjie"
"398",398,398,"Li, Hui"
"399",399,399,"Li, Xintong"
"400",400,400,"Li, Yizeng"
"401",401,401,"Li, Yuguo"
"402",402,402,"Li, Zizhang"
"403",403,403,"Liang, Wu"
"404",404,404,"Lima, Joao A."
"405",405,405,"Lin, Chun-Chieh"
"406",406,406,"Liu, Hsuan"
"407",407,407,"Liu, Jie"
"408",408,408,"Liu, Melody"
"409",409,409,"Liu, Pang-Wei"
"410",410,410,"Liu, Qihao"
"411",411,411,"Liu, Yixin"
"412",412,412,"Livi, Kenneth J.T."
"413",413,413,"Locke, Kim A."
"414",414,414,"Long, Andrew"
"415",415,415,"Lonsdale, Mary C."
"416",416,416,"Lorah, Michelle M."
"417",417,417,"Lowetz, Christopher"
"418",418,418,"Lu, Chengchangfeng"
"419",419,419,"Lu, Hanzhang"
"420",420,420,"Luo, Yue"
"421",421,421,"Lurtz, Casey Marina"
"422",422,422,"Luthra, Aman"
"423",423,423,"Ma, Zexu"
"424",424,424,"MacDonald, Lauren"
"425",425,425,"Madan, Deepa"
"426",426,426,"Madhav, Manu S."
"427",427,427,"Magnuson, Thomas M."
"428",428,428,"Mahanama, Sarith P."
"429",429,429,"Malecka-Grajek, Ewelina"
"430",430,430,"Malinina, Alla"
"431",431,431,"Malkin, Sairah Y."
"432",432,432,"Mallalieu, Elizabeth C."
"433",433,433,"Manohar, Swetha"
"434",434,434,"Marinho, Paula"
"435",435,435,"Marley, Mark S."
"436",436,436,"Marlin-Bennett, Renée"
"437",437,437,"Marra, Steven"
"438",438,438,"Marsh, Andrew"
"439",439,439,"Marton, Tanya"
"440",440,440,"Mathur, Deepti"
"441",441,441,"Maxwell, R.M."
"442",442,442,"May, K. Patrick"
"443",443,443,"Mayarambakam, Sasikumar"
"444",444,444,"Maïga, Abdoulaye"
"445",445,445,"Małecka, Ewelina M."
"446",446,446,"Mburu, Monicah M."
"447",447,447,"McArthur, Benjamin"
"448",448,448,"McArthur, Kristen"
"449",449,449,"McCoy, Rajiv C"
"450",450,450,"McDonnell, Rachael"
"451",451,451,"McGarity, Micajah Z."
"452",452,452,"McGuiggan, Patricia"
"453",453,453,"McMeniman, Conor"
"454",454,454,"Mehoke, Thomas"
"455",455,455,"Mejías, Rebeca"
"456",456,456,"Mekonnen, Yared"
"457",457,457,"Melvin, Sophia J."
"458",458,458,"Men, Silu"
"459",459,459,"Meneveau, Charles"
"460",460,460,"Menuz, Karen"
"461",461,461,"Menzel, Molly E."
"462",462,462,"Merlis, Timothy M."
"463",463,463,"Meyers, Johan"
"464",464,464,"Michos, Erin D."
"465",465,465,"Miller III, Edgar R."
"466",466,466,"Miller, Jeremiah"
"467",467,467,"Miller, Nathan P."
"468",468,468,"Ming, Chen"
"469",469,469,"Mishra, Sumita"
"470",470,470,"Mittelstadt, Jonah"
"471",471,471,"Mladenova, Iliana E."
"472",472,472,"Mleme, Tiope"
"473",473,473,"Moats, Michelle"
"474",474,474,"Mocko, David M."
"475",475,475,"Mohammed, Adbul M."
"476",476,476,"Moore, Joel"
"477",477,477,"Moran, Sarah E."
"478",478,478,"Morgan, Stephen L."
"479",479,479,"Morley, Caroline V."
"480",480,480,"Morris, Paul"
"481",481,481,"Morris, Shaina"
"482",482,482,"Moses, Julianne I."
"483",483,483,"Moss, Cynthia F"
"484",484,484,"Mostafa, Heba H."
"485",485,485,"Mould, Andrew"
"486",486,486,"Moulton, Lawrence H."
"487",487,487,"Moura, Matthew E."
"488",488,488,"Mu, Jiteng"
"489",489,489,"Mueller, Timothy"
"490",490,490,"Mukherjee, Sudipta"
"491",491,491,"Mukhopadhyaya, Tushita"
"492",492,492,"Mukiibi, James"
"493",493,493,"Mullany, Luke C."
"494",494,494,"Munos, Melinda"
"495",495,495,"Munoz, Beatriz"
"496",496,496,"Munthali, Spy"
"497",497,497,"Murphy, Ryan"
"498",498,498,"Murphy, Terence M."
"499",499,499,"Murugan, Arvind"
"500",500,500,"Muschelli, John"
"501",501,501,"Mwaikambo, Lisa"
"502",502,502,"Nakasolya, Olga"
"503",503,503,"Nalutaaya, Annet"
"504",504,504,"Nataf, David M."
"505",505,505,"Naugle, Danielle"
"506",506,506,"Navab, Nassir"
"507",507,507,"Navari, Mahdi"
"508",508,508,"Ndumele, Chiadi E."
"509",509,509,"Needham, Dale M."
"510",510,510,"Neitzel, Amanda"
"511",511,511,"Nelson, Lyle L."
"512",512,512,"Neptune, Enid"
"513",513,513,"Nestadt, Paul"
"514",514,514,"Newgren, Matt"
"515",515,515,"Ngoy, Pascal"
"516",516,516,"Nie, Wanshu"
"517",517,517,"Niebur, Ernst"
"518",518,518,"Nihongaki, Yuta"
"519",519,519,"Ning, Xuejuan"
"520",520,520,"Noble, Madeline"
"521",521,521,"Norton, Julie M."
"522",522,522,"Oakes, Allison H."
"523",523,523,"Oh, Sean"
"524",524,524,"Oh, Seongshik"
"525",525,525,"Ohkubo, Saori"
"526",526,526,"Oppenheim, Ian M."
"527",527,527,"Orthous-Daunay, François-Régis"
"528",528,528,"Osmanski, Michael S."
"529",529,529,"Otake, Yoshito"
"530",530,530,"Outeda, Patricia"
"531",531,531,"Ouyang, Pamela"
"532",532,532,"Ozdogan, Mutlu"
"533",533,533,"O’Brien, Brett M."
"534",534,534,"O’Brien, Jackson"
"535",535,535,"O’Meara, Katie"
"536",536,536,"Pacella, Michael"
"537",537,537,"Pakpoor, Jina"
"538",538,538,"Palinkas, Cindy M."
"539",539,539,"Pally, Joel A."
"540",540,540,"Panda, Sayak Subhra"
"541",541,541,"Park, Abigail"
"542",542,542,"Park, Lois A."
"543",543,543,"Passey, Benjamin H."
"544",544,544,"Patel, Anusha"
"545",545,545,"Patinet, Sylvain"
"546",546,546,"Paulette Clancy"
"547",547,547,"Pearson, Luwei"
"548",548,548,"Pekosz, Andrew"
"549",549,549,"Pellegrini, Marta"
"550",550,550,"Pellitero, Miguel A."
"551",551,551,"Perin, Jamie L."
"552",552,552,"Peters-Lidard, Christa D."
"553",553,553,"Phua, Siew Cheng"
"554",554,554,"Pielage, Jan"
"555",555,555,"Pieterse, Lisa"
"556",556,556,"Pilgrim-Grayson, Catherine"
"557",557,557,"Plunkett, Evan"
"558",558,558,"Poonyagariyagorn, Hataya"
"559",559,559,"Post, Wendy S."
"560",560,560,"Powell, Harrison"
"561",561,561,"Pradal, Marie-Aude"
"562",562,562,"Preheim, Sarah"
"563",563,563,"Ptashnik, Sarah"
"564",564,564,"Qiao, Hualin"
"565",565,565,"Qiu, Weichao"
"566",566,566,"Rabiee, Anahita"
"567",567,567,"Radke, Michael J."
"568",568,568,"Ragen, Sarah"
"569",569,569,"Raj, Piyush"
"570",570,570,"Raji, Joshua"
"571",571,571,"Rand, Dannielle R."
"572",572,572,"Rankin-Turner, Stephanie"
"573",573,573,"Rao, Anirudh"
"574",574,574,"Recalde, Cristina"
"575",575,575,"Reggiani, Henrique"
"576",576,576,"Regué Sendrós, Oriol"
"577",577,577,"Reich, Daniel H."
"578",578,578,"Reiter, Jeremy F."
"579",579,579,"Richardson, Molly B."
"580",580,580,"Ricotta, Emily"
"581",581,581,"Ringlein, Grace"
"582",582,582,"Roberton, Timothy"
"583",583,583,"Roberts, Dale C."
"584",584,584,"Robinson, Karen A."
"585",585,585,"Robsky, Katherine"
"586",586,586,"Roca, Jorjethe"
"587",587,587,"Rodell, Matthew"
"588",588,588,"Rodgers, Margaret L."
"589",589,589,"Roni, Muntasir"
"590",590,590,"Rothman, Richard"
"591",591,591,"Rouven, Ziegler L."
"592",592,592,"Ruan, Dihui"
"593",593,593,"Russell, Thomas P."
"594",594,594,"Sachithanandham, Jaiprasath"
"595",595,595,"Sacré, Pierre"
"596",596,596,"Sakowski, Eric G."
"597",597,597,"Salehi, Maryam"
"598",598,598,"Salem, Ruwaida"
"599",599,599,"Sama, Denis Joel"
"600",600,600,"Sampson, Aaron"
"601",601,601,"Samuels, Jack"
"602",602,602,"San Soucie, John"
"603",603,603,"Sanchez, Ronald"
"604",604,604,"Sangho, Hamadou"
"605",605,605,"Sarma, Sridevi V."
"606",606,606,"Sarni, Samantha H."
"607",607,607,"Sauer, Lauren M."
"608",608,608,"Savelli, Francesco"
"609",609,609,"Scalise, Dominic"
"610",610,610,"Schaffter, Samuel W."
"611",611,611,"Schickel, Maureen"
"612",612,612,"Schlaufman, Kevin C."
"613",613,613,"Schlegel, Philipp"
"614",614,614,"Schratz, Kristen E."
"615",615,615,"Schulman, Rebecca"
"616",616,616,"Schulze, Kerry J."
"617",617,617,"Schweitzer, Michael A."
"618",618,618,"Scott, Anna A"
"619",619,619,"Scott, Richard K."
"620",620,620,"Sebree, Joshua A."
"621",621,621,"Secor, Maeve"
"622",622,622,"Sefati, Shahin"
"623",623,623,"Segal, Jodi B."
"624",624,624,"Seifert-Ahanda, Kim"
"625",625,625,"Selinski, Joanne"
"626",626,626,"Sen, Aditi"
"627",627,627,"Serigano, Joseph"
"628",628,628,"Seviour, William J. M."
"629",629,629,"Seward, Gareth G. E."
"630",630,630,"Shaear, Mohammad"
"631",631,631,"Shah, Sanjiv J."
"632",632,632,"Shaikh, Saijuddin"
"633",633,633,"Shapiro, Carl R."
"634",634,634,"Shapiro, Jenna"
"635",635,635,"Sharma, Anirudh"
"636",636,636,"Sharma, Kavita"
"637",637,637,"Shaver, Alexander"
"638",638,638,"Shaw, Bryan"
"639",639,639,"Shaw-Saliba, Kathryn"
"640",640,640,"Shen, Yu-I"
"641",641,641,"Shepard, Grant"
"642",642,642,"Shi, Ruohong"
"643",643,643,"Shi, Wei"
"644",644,644,"Shilling-Scrivo, Kelson"
"645",645,645,"Shin, Y.K."
"646",646,646,"Shrestha, Binod"
"647",647,647,"Shuler, Marshall"
"648",648,648,"Simane, Belay"
"649",649,649,"Simubali, Limonty"
"650",650,650,"Simulundu, Edgar"
"651",651,651,"Singh, Arun L."
"652",652,652,"Slavin, Robert"
"653",653,653,"Smith, Emily F."
"654",654,654,"Song, Jian"
"655",655,655,"Song, Yunjia"
"656",656,656,"Sow, Fatimata"
"657",657,657,"Speller, Cassidy M."
"658",658,658,"St Clair, Laura A."
"659",659,659,"Stamper, Sarah A."
"660",660,660,"Stebe, Kathleen J."
"661",661,661,"Steele, Kimberly E."
"662",662,662,"Steenbergen, Charles"
"663",663,663,"Steinhardt, Laura"
"664",664,664,"Stevenson, Jennifer C."
"665",665,665,"Stoerkel, Sophie"
"666",666,666,"Stuphorn, Veit"
"667",667,667,"Subramanya, Vinita"
"668",668,668,"Sullivan, David J."
"669",669,669,"Sutton, Erin E."
"670",670,670,"Sverjensky, Dimitri A."
"671",671,671,"Swanson, Nicholas J."
"672",672,672,"Tafesse, Mengistu"
"673",673,673,"Tam, Yvonne"
"674",674,674,"Tanwar, Swati"
"675",675,675,"Tao, Jessica J."
"676",676,676,"Task, Darya"
"677",677,677,"Tauxe, Genevieve M."
"678",678,678,"Taylor, André D."
"679",679,679,"Taylor, Russell"
"680",680,680,"Teply, Melissa L."
"681",681,681,"Thaddeus, Sereen"
"682",682,682,"Thang, Nguyen Nam"
"683",683,683,"Thielen, Peter"
"684",684,684,"Thomas, Jordan"
"685",685,685,"Thompson, Jacob"
"686",686,686,"Thon, Susanna M."
"687",687,687,"Thorne-Lyman, Andrew L."
"688",688,688,"Thuma, Philip E."
"689",689,689,"Tibbels, Natalie"
"690",690,690,"Tielsch, James M."
"691",691,691,"Tiendrebeogo, Adama"
"692",692,692,"Tiernan, Emma"
"693",693,693,"To, An"
"694",694,694,"Tobin, Mark J."
"695",695,695,"Toso, Michael"
"696",696,696,"Tovar, John D."
"697",697,697,"Trainer, Melissa G."
"698",698,698,"Tran, Thao"
"699",699,699,"Tripp, Katherine W."
"700",700,700,"Truitt, Rachel"
"701",701,701,"Truong, Thao T."
"702",702,702,"Tsao, Joanna"
"703",703,703,"Tung, Monica"
"704",704,704,"Turnbull, Alison E."
"705",705,705,"Turner, Madison"
"706",706,706,"Ullman, Natalie"
"707",707,707,"Unberath, Mathias"
"708",708,708,"Usher, Marius"
"709",709,709,"Uyanik, Ismail"
"710",710,710,"Vagvolgyi, Balazs P."
"711",711,711,"Vaidya, Dhananjay"
"712",712,712,"Valenti, Jeff A."
"713",713,713,"Van Durme, Benjamin"
"714",714,714,"Van Lith, Lynn"
"715",715,715,"Van Natta, Mark L."
"716",716,716,"Varadhan, Ravi"
"717",717,717,"Vasher, Scott T."
"718",718,718,"Victora, Cesar G."
"719",719,719,"Viete, Daniel R."
"720",720,720,"Villsbøll, Tina"
"721",721,721,"Vincent, Philippe F.Y."
"722",722,722,"Vo, Elaine"
"723",723,723,"Vuitton, Véronique"
"724",724,724,"Vulpe, Alina"
"725",725,725,"Vyas, Siddhant"
"726",726,726,"Wadhawan, Amar R."
"727",727,727,"Wagner, Justine"
"728",728,728,"Walston, Jeremy"
"729",729,729,"Wang, Feifei"
"730",730,730,"Wang, Geoffrey, M."
"731",731,731,"Wang, Mengdi"
"732",732,732,"Wang, Mingxuan"
"733",733,733,"Wang, Shugong"
"734",734,734,"Wang, Suwei"
"735",735,735,"Wang, Xiaoqin"
"736",736,736,"Watnick, Terry"
"737",737,737,"Waugh, Darryn W."
"738",738,738,"Weerasinghe, Anna"
"739",739,739,"Wei, Zhiliang"
"740",740,740,"Weingartner, Kyler A."
"741",741,741,"Welling, Paul A."
"742",742,742,"West Jr., Keith P."
"743",743,743,"West, Sheila"
"744",744,744,"Westbrook, Reyhan"
"745",745,745,"Westerbeck, Jason"
"746",746,746,"White, Elise N."
"747",747,747,"Wilkerson, Nicholas"
"748",748,748,"Williams, Michael T."
"749",749,749,"Williford, Jonathan R."
"750",750,750,"Wilson, Emily"
"751",751,751,"Wilson, Lisa M."
"752",752,752,"Wilusz, D.C."
"753",753,753,"Witcoff, Alison"
"754",754,754,"Wohlgemuth, Melville J"
"755",755,755,"Wolf, Risa M."
"756",756,756,"Wolfe, Travis"
"757",757,757,"Wolters, Cédric"
"758",758,758,"Wondmagegn, Wudyalew"
"759",759,759,"Wong, G. William"
"760",760,760,"Woodson, Sarah A."
"761",761,761,"Woodward, Owen M."
"762",762,762,"Wouters, Camille"
"763",763,763,"Wright, Kelly"
"764",764,764,"Wrzesien, Melissa L."
"765",765,765,"Wu, Jinling"
"766",766,766,"Wu, Lee S.-F."
"767",767,767,"Wu, Liang"
"768",768,768,"Wu, Yao"
"769",769,769,"Wyngaard, Aurelien"
"770",770,770,"Wysocki, Vicki H."
"771",771,771,"Xia, Meng"
"772",772,772,"Xie, Tian"
"773",773,773,"Xu, Jiadi"
"774",774,774,"Yang, Chun-Ting"
"775",775,775,"Yang, Huang"
"776",776,776,"Yared, Dominic G."
"777",777,777,"Yee, Derek"
"778",778,778,"Yee, Jane"
"779",779,779,"Yee, Rebecca"
"780",780,780,"Yeh, Alexander J."
"781",781,781,"Yelle, Roger V."
"782",782,782,"Yin, Anna"
"783",783,783,"Ying, Wendy"
"784",784,784,"Yu, Junsheng"
"785",785,785,"Yu, Xinting"
"786",786,786,"Yuan, Xiaoding"
"787",787,787,"Yuille, Alan L."
"788",788,788,"Zaeh, Sandra E."
"789",789,789,"Zaitchik, Ben"
"790",790,790,"Zamora, Ryan A."
"791",791,791,"Zapata-Mercado, Elmer"
"792",792,792,"Zha, Yuanting"
"793",793,793,"Zhang, Hao"
"794",794,794,"Zhang, Qingyang"
"795",795,795,"Zhang, Yue"
"796",796,796,"Zhao, Di"
"797",797,797,"Zhao, Xingang"
"798",798,798,"Zhong, Zhizhi"
"799",799,799,"Zhou, Jiawang"
"800",800,800,"Zhou, Yifan"
"801",801,801,"Zhou, Zongwei"
"802",802,802,"Zhuang, Tengteng"
"803",803,803,"Zimmet, Amanda M."
"804",804,804,"deFilippi, Christopher R."
"805",805,805,"van Boetzelaer, Elburg W"
"806",806,806,"von der Heydt, Rüdiger"
