"","name","int_id","address"
"1","Department of Sociology, Johns Hopkins University, Baltimore, MD, USA",1,"561 Magna Boulevard, Lincoln, Maryland"
"2","Department of Material Science and Engineering, Johns Hopkins University, Baltimore, MD, USA",2,"997 Pharetra Road, Burlington, Virginia"
"3","Department of Materials Science and Engineering; Department of Chemistry, Johns Hopkins University, Baltimore, MD, USA",3,"321 Habitasse Street, Lincoln, New York"
"4","Department of Neuroscience, Johns Hopkins University, Baltimore, MD 21218",4,"153 Netus Boulevard, Burlington, California"
"5","Department of Biomedical Engineering, Johns Hopkins University, Baltimore, MD, USA",5,"74 Vestibulum Road, Newton, Maryland"
"6","School of Earth and Ocean Sciences, University of Victoria, Victoria, British Columbia, Canada",6,"228 Suscipit Boulevard, Newton, Virginia"
"7","Science Applications International Corporation, McLean, Virginia, USA",7,"146 Tempor Lane, Lincoln, New York"
"8","Department of Molecular Microbiology and Immunology, Johns Hopkins University, Baltimore, MD, USA",8,"634 Felis Boulevard, Burlington, California"
"9","Department of Infectious Disease, Johns Hopkins University, Baltimore, MD, USA",9,"49 Fermentum Road, Colchester, Maryland"
"10","The JiVitA Project, Gaibandha, Bangladesh",10,"128 Felis Road, Lincoln, Virginia"
"11","Department of Earth Sciences, Durham University, Durham, UK",11,"303 Fusce Boulevard, Lincoln, New York"
"12","Department of International Health, Johns Hopkins University, Baltimore, MD, USA",12,"24 Vivamus Street, Burlington, California"
"13","Planetary Systems Laboratory, NASA Goddard Space Flight Center, Greenbelt, MD, USA",13,"839 Ut Street, Newton, Maryland"
"14","The Challenge Initiative, Nigeria Hub, Johns Hopkins Center for Communication Programs, Abuja, Nigeria",14,"356 Erat Lane, Lincoln, Virginia"
"15","Department of Mechanical Engineering, Johns Hopkins University, Baltimore, MD, USA",15,"601 Magnis Boulevard, Portland, New York"
"16","Middle East Technical University, Department of Electrical Engineering",16,"165 Ultrices Road, Lincoln, California"
"17","Division of General Internal Medicine, Johns Hopkins School of Medicine, Baltimore, MD, USA; Department of Epidemiology, Johns Hopkins Bloomberg School of Public Health, Baltimore, MD, USA; Welch Center for Prevention, Epidemiology, and Clinical Research, Johns Hopkins University, Baltimore, MD, USA",17,"622 Tellus Lane, Newton, Maryland"
"18","Laboratory for Computational Sensing and Robotics, Johns Hopkins University, Baltimore, MD, USA",18,"532 Netus Boulevard, Lincoln, Virginia"
"19","Department of Mechanical Engineering, University of Maryland Baltimore County, Baltimore, MD, USA",19,"410 Sed Street, Portland, New York"
"20","Ghana Country PI",20,"882 Euismod Street, Newton, California"
"21","Department of Physics and Astronomy, Johns Hopkins University, Baltimore, MD, USA",21,"879 Sagittis Boulevard, Portland, Maryland"
"22","Department of Environmental Health and Engineering, Johns Hopkins University, Baltimore, MD, USA",22,"899 Tincidunt Lane, Lincoln, Virginia"
"23","Department of Psychological and Brain Sciences, Johns Hopkins University, Baltimore, MD, USA",23,"297 Condimentum Lane, Newton, New York"
"24","Chemistry-Biology Interface Program, Johns Hopkins University, Baltimore, MD, USA",24,"601 Fermentum Boulevard, Colchester, California"
"25","Hydrological Sciences Laboratory, NASA Goddard Space Flight Center, Greenbelt, MD, USA",25,"283 Venenatis Road, Newton, Maryland"
"26","National Aeronautics and Space Administration Goddard Space Flight Center, Greenbelt, Maryland",26,"932 Dui Street, Colchester, Virginia"
"27","Graduate School of International Studies, Korea University",27,"997 Sodales Boulevard, Portland, New York"
"28","Johns Hopkins University, Center for Communication Programs, Baltimore, MD, USA",28,"991 Interdum Street, Newton, California"
"29","Johns Hopkins University Center for Communication Programs, Abidjan, Côte d’Ivoire",29,"621 Ornare Street, Newton, Maryland"
"30","Department of Earth and Planetary Sciences, Johns Hopkins University, Baltimore, MD, USA",30,"517 Curae Street, Newton, Virginia"
"31","Center for Clinical Metabolic Research, Gentofte Hospital, University of Copenhagen, Hellerup, Denmark",31,"212 Montes Road, Lincoln, New York"
"32","Department of Epidemiology, Johns Hopkins University, Baltimore, MD, USA",32,"930 Quis Lane, Portland, California"
"33","Department of Epidemiology, Bloomberg School of Public Health, Johns Hopkins University, Baltimore, MD",33,"860 Malesuada Lane, Portland, Maryland"
"34","Department of Health Policy and Management, Johns Hopkins University, Baltimore, MD, USA",34,"872 Sodales Lane, Burlington, Virginia"
"35","Environmental Health and Engineering, Johns Hopkins University",35,"259 Parturient Street, Lincoln, New York"
"36","Department of Medicine, Baylor College of Medicine, Houston, TX, USA",36,"314 Velit Road, Portland, California"
"37","Physiology and Neurobiology Department, University of Connecticut, Mansfield, CT, USA",37,"481 Sagittis Road, Newton, Maryland"
"38","City of Baltimore, Maryland",38,"298 Egestas Boulevard, Colchester, Virginia"
"39","National Statistical Office, Zomba, Malawi",39,"24 Non Boulevard, Lincoln, New York"
"40","International Rescue Committee, New York, New York, USA",40,"158 Pretium Boulevard, Newton, California"
"41","Department of Pathology and Laboratory Medicine, Children’s Hospital Los Angeles, Los Angeles, CA, USA; Keck School of Medicine, University of Southern California, Los Angeles, CA, USA",41,"299 Suspendisse Road, Portland, Maryland"
"42","Southwest Research Institute, Boulder, CO, USA",42,"911 Metus Boulevard, Portland, Virginia"
"43","Kennedy Krieger Institute, Baltimore, MD, USA",43,"406 Pellentesque Road, Colchester, New York"
"44","Johns Hopkins University, Baltimore, MD, USA",44,"314 Nisl Lane, Portland, California"
"45","Johns Hopkins University School of Medicine, Outcomes After Critical Illness and Surgery Group, Division of Pulmonary and Critical Care Medicine, Department of Epidemiology, Baltimore, MD",45,"648 At Boulevard, Burlington, Maryland"
"46","Institut National de la Statistique et de la Démographie, Ouagadougou, Ouagadougou, Burkina Faso",46,"292 Sociosqu Road, Colchester, Virginia"
"47","Neuromedical Control Systems Laboratory, Institute for Computational Medicine, Department                                         of Biomedical Engineering, Johns Hopkins University, Baltimore, MD, USA",47,"836 Dui Lane, Lincoln, New York"
"48","Department of Chemical and Biomolecular Engineering, Johns Hopkins University, Baltimore, MD, USA",48,"982 Venenatis Road, Colchester, California"
"49","ACQUATEC Solutions, Dubai Technology Entrepreneur Campus (DTEC), Dubai Silicon Oasis, Dubai, UAE",49,"146 Gravida Street, Burlington, Maryland"
"50","Division of Urology, Obstetrics, and Gynecology; Office of Rare Diseases, Pediatrics, Urologic and Reproductive Medicine; Office of New Drugs; Center for Drug Evaluation and Research; U.S. Food and Drug Administration, Silver Spring, MD, USA",50,"621 Ornare Lane, Lincoln, Virginia"
"51","Office of Women’s Health, U.S. Food and Drug Administration, Silver Spring, MD, USA",51,"348 Diam Road, Newton, New York"
"52","F. M. Kirby Research Center for Functional Brain Imaging, Kennedy Krieger Research Institute, Baltimore, MD, USA.",52,"197 Nulla Street, Burlington, California"
"53","Department of Electrical and Computer Engineering, Johns Hopkins University, Baltimore, MD, USA",53,"516 Sollicitudin Lane, Colchester, Maryland"
"54","Johns Hopkins University, Computer Science; University of Maryland, School of Law",54,"226 Etiam Boulevard, Portland, Virginia"
"55","Department of Computer Science, Johns Hopkins University, Baltimore, MD, USA",55,"504 Nisl Lane, Burlington, New York"
"56","Center for Scientific Review, National Institutes of Health, Bethesda, MD, USA",56,"946 Mattis Road, Lincoln, California"
"57","Department of Computer Science Cornell University Ithaca, NY, USA",57,"355 Parturient Lane, Colchester, Maryland"
"58","Picower Institute for Learning & Memory, Massachusetts Institute of Technology, Cambridge, MA, USA",58,"984 Rhoncus Boulevard, Portland, Virginia"
"59","Department of Applied Mathematics and Statistics, Johns Hopkins University, Baltimore, MD, USA",59,"727 Sed Road, Burlington, New York"
"60","FHI 360, Durham, NC, USA",60,"945 Auctor Lane, Burlington, California"
"61","Laboratory of Computational Biology, National Heart, Lung and Blood Institute, National Institutes of Health, Bethesda, MD, USA",61,"245 Facilisis Street, Colchester, Maryland"
"62","Department of Biological, Geological and Environmental Sciences, Alma Mater Studiorum, University of Bologna, Bologna, Italy",62,"922 Arcu Lane, Lincoln, Virginia"
"63","Pasture Systems and Watershed Management Research Unit, Agricultural Research Service, U.S. Department of Agriculture, University Park, PA",63,"626 Platea Boulevard, Newton, New York"
"64","University of California Los Angeles Medical Center, Los Angeles, CA, USA",64,"262 Mauris Street, Newton, California"
"65","Department of Obstetrics, Gynecology and Reproductive Sciences, University of Maryland, Baltimore, MD, USA",65,"390 Duis Lane, Burlington, Maryland"
"66","Department of Bioengineering, University of Pennsylvania, Philadelphia, PA, USA",66,"130 Ultricies Road, Colchester, Virginia"
"67","Department of Biomedical Engineering, Johns Hopkins University; Kavli Neuroscience Discovery Institute, Johns Hopkins University; Baltimore, MD 21205, USA",67,"372 Ultrices Street, Burlington, New York"
"68","Department of Chemistry and Biochemistry, University of Northern Iowa, Cedar Falls, IA, USA",68,"3 Curae Street, Portland, California"
"69","Department of Radiation Oncology and Molecular Radiation Sciences, Johns Hopkins University, Baltimore, MD, USA",69,"374 Et Street, Newton, Maryland"
"70","Johns Hopkins University, Department of Earth and Planetary Sciences",70,"405 Dictum Boulevard, Portland, Virginia"
"71","The Solomon H. Snyder Department of Neuroscience, Johns Hopkins University, Baltimore, Maryland, USA",71,"770 Mi Lane, Portland, New York"
"72","Department of Pediatrics, Johns Hopkins University School of Medicine, Baltimore, MD, USA",72,"870 Nec Road, Lincoln, California"
"73","Department of Curriculum and Instruction, The Chinese University of Hong Kong, Hong Kong, China",73,"698 Placerat Street, Burlington, Maryland"
"74","Clinical Informatics and Medical Statistics Research Center, Chang Gung University, Taoyuan, Taiwan",74,"650 Faucibus Lane, Newton, Virginia"
"75","Johns Hopkins University Bloomberg School of Public Health",75,"40 Cubilia Road, Newton, New York"
"76","Chinese Academy of Sciences, Shanghai Institute of Ceramics, State Key Laboratory of High Performance Ceramics and Superfine Microstructures",76,"517 Varius Street, Newton, California"
"77","Department of Chemical & Environmental Engineering, Yale University, New Haven, CT, USA",77,"33 Sodales Lane, Portland, Maryland"
"78","Outcomes After Critical Illness and Surgery Group, Johns Hopkins University, Baltimore, MD, USA",78,"945 Porttitor Street, Colchester, Virginia"
"79","Department of Educational Administration and Policy, Faculty of Education, The Chinese University of Hong Kong, Hong Kong, China",79,"103 Molestie Lane, Colchester, New York"
"80","None",80,"228 Dignissim Lane, Lincoln, California"
"81","The Center for Hearing and Balance, Johns Hopkins University, Baltimore, MD, USA; Department of Otolaryngology Head and Neck Surgery, Johns Hopkins University, Baltimore, MD, USA",81,"109 Mollis Road, Burlington, Maryland"
"82","Diamond Light Source, Harwell Science and Innovation Campus, Didcot, UK",82,"329 Dui Lane, Colchester, Virginia"
"83","The Hormel Institute, University of Minnesota, Austin, MN, USA",83,"669 Est Street, Portland, New York"
"84","Medical Intensive Care Unit, Johns Hopkins Hospital, Baltimore, MD, USA",84,"76 Mus Boulevard, Lincoln, California"
"85","Horn Point Laboratory, University of Maryland Center for Environmental Science, Cambridge, MD, USA",85,"980 Netus Lane, Portland, Maryland"
"86","Johns Hopkins University, Materials Science and Engineering",86,"777 Suscipit Lane, Lincoln, Virginia"
"87","Department of Mechanical Engineering, Johns Hopkins University, Baltimore, MD, USA; Laboratory for Computational Sensing and Robotics (LCSR), Johns Hopkins University, Baltimore, MD, USA",87,"491 Vitae Lane, Lincoln, New York"
"88","Department of Geosciences, Princeton University, Princeton, NJ, USA",88,"547 Rhoncus Lane, Burlington, California"
"89","Department of Medicine, Johns Hopkins University, Baltimore, MD, USA",89,"733 Nulla Boulevard, Portland, Maryland"
"90","Laboratory of Geology of Lyon: Earth, Planets, Environment, Claude Bernard University Lyon 1, Villeurbanne, France",90,"16 Aenean Road, Colchester, Virginia"
"91","Department of Mechanical and Aerospace Engineering, University of Virginia, Charlottesville, VA, USA",91,"357 Tristique Street, Colchester, New York"
"92","University of Virginia, Mechanical and Aerospace Engineering",92,"732 Turpis Boulevard, Lincoln, California"
"93","United Nations Children’s Fund (UNICEF) Ethiopia Country Office, Addis Ababa, Ethiopia",93,"248 Vehicula Street, Portland, Maryland"
"94","Department of Otolaryngology–Head and Neck Surgery, Johns Hopkins University, Baltimore, MD, USA",94,"325 Scelerisque Lane, Burlington, Virginia"
"95","Massachusetts Institute of Technology and Harvard University",95,"988 Porta Street, Burlington, New York"
"96","Pulmonary and Critical Care Medicine, Johns Hopkins School of Medicine, Baltimore, MD",96,"630 Diam Boulevard, Burlington, California"
"97","Cardiovascular Center of Excellence, Louisiana State University Health Science Center, New Orleans, Louisiana, USA",97,"642 Felis Lane, Burlington, Maryland"
"98","Center for Communication Programs-Côte d’Ivoire, Johns Hopkins University, Abidjan, Côte d’Ivoire",98,"82 Ac Street, Newton, Virginia"
"99","US Geological Survey Patuxent Wildlife Research Center, Laurel, MD, USA",99,"920 Cursus Road, Lincoln, New York"
"100","Geosyntec Consultants, Columbia, MD, USA",100,"881 Purus Street, Lincoln, California"
"101","Imec, Leuven, Belgium",101,"914 Ullamcorper Boulevard, Burlington, Maryland"
"102","Department of Otolaryngology, Harvard Medical School, Boston, MD, USA; Eaton-Peabody Laboratory, Massachusetts Eye and Ear, Boston, Massachusetts, USA; Program in Speech and Hearing Bioscience and Technology, Harvard Medical School, Boston, Massachusetts, USA; Harvard Stem Cell Institute, Cambridge, Massachusetts, USA.",102,"325 Odio Boulevard, Portland, Virginia"
"103","Center for Sustainability and the Global Environment (SAGE), University of Wisconsin-Madison, Madison, WI, USA",103,"622 Aptent Road, Portland, New York"
"104","Zanvyl Krieger Mind/Brain Institute, Johns Hopkins University, Baltimore, Maryland, USA",104,"360 Felis Lane, Burlington, California"
"105","Research and Exploratory Development Department, Johns Hopkins University Applied Physics Laboratory, Laurel, MD, USA",105,"951 Rutrum Boulevard, Lincoln, Maryland"
"106","Department of Biology, University of Kaiserslautern, Kaiserslautern, Germany",106,"296 Pellentesque Boulevard, Portland, Virginia"
"107","Materials Science and Engineering; Chemistry, Johns Hopkins University",107,"149 Luctus Lane, Portland, New York"
"108","Friedman School of Nutrition Science and Policy, Tufts University, Boston, MA, USA",108,"996 Tellus Street, Burlington, California"
"109","Department of of Cardiology, Johns Hopkins University, Baltimore, MD, USA",109,"569 Nulla Street, Colchester, Maryland"
"110","Department of Medicine, Northwestern University, Chicago, IL, USA",110,"100 Lacinia Lane, Lincoln, Virginia"
"111","Université Grenoble Alpes, CNRS, CNES, IPAG, 38000 Grenoble, France",111,"999 Sociosqu Road, Portland, New York"
"112","Department of Microbiology, University of Alabama at Birmingham, Birmingham, AL, USA",112,"298 Ligula Lane, Burlington, California"
"113","Department of Earth & Planetary Sciences, Johns Hopkins University, Baltimore, MD, USA; Space Exploration Sector, Johns Hopkins Applied Physics Laboratory, Laurel, MD, USA",113,"402 Et Lane, Portland, Maryland"
"114","Department of Biological Sciences, New Jersey Institute of Technology, Newark, NJ",114,"91 Purus Street, Lincoln, Virginia"
"115","New Jersey Institute of Technology, Federated Department of Biological Sciences",115,"781 Suscipit Boulevard, Portland, New York"
"116","3.	Federated Department of Biological Sciences, New Jersey Institute of Technology, Newark, NJ, USA",116,"181 Habitasse Road, Burlington, California"
"117","DIXI Neurolab, Inc., Stone Mountain, GA, USA",117,"54 Consequat Street, Burlington, Maryland"
"118","Department of Analytics and Operations, National University of Singapore, Queenstown, Singapore",118,"851 Venenatis Boulevard, Lincoln, Virginia"
"119","LATMOS (Laboratoire Atmosphères, Milieux, Observations Spatiales), Guyancourt, France",119,"288 Nascetur Street, Lincoln, New York"
"120","LATMOS, Guyancourt, France",120,"720 Commodo Boulevard, Colchester, California"
"121","Department of Vascular Surgery, HELIOS Klinikum Munchen West, Munich, Germany",121,"758 Luctus Boulevard, Lincoln, Maryland"
"122","Department of Neurobiology, Howard Hughes Medical Institute, Harvard Medical School, Boston, MA, USA",122,"60 Viverra Road, Newton, Virginia"
"123","Department of Psychology, Tel Aviv University, Tel Aviv, Israel",123,"285 Commodo Boulevard, Newton, New York"
"124","Virginia Polytechnic Institute and State University Department of Population Health Sciences",124,"849 Montes Lane, Newton, California"
"125","Division of Viral Products, Center of Biologics Evaluation and Research, U.S. Food and Drug Administration, Silver Spring, MD, USA",125,"620 Lacus Boulevard, Burlington, Maryland"
"126","Graduate School of Asia-Pacific Studies, Waseda University, Tokyo, Japan",126,"969 Ut Road, Portland, Virginia"
"127","Research Center for Emerging Viral Infections, Chang Gung University, Taoyuan, Taiwan",127,"377 Vivamus Boulevard, Burlington, New York"
"128","Smidt Heart Institute, Cedars-Sinai Medical Center, Los Angeles, CA, USA",128,"853 Lacus Boulevard, Lincoln, California"
"129","Magnetic Insight Inc., Alameda, CA, USA",129,"638 Eu Boulevard, Burlington, Maryland"
"130","Department of Chemical and Biomolecular Engineering, Johns Hopkins University, Baltimore, MD, USA; Laboratory for Computational Sensing and Robotics (LCSR), Johns Hopkins University, Baltimore, MD, USA; Center for MicroPhysiological Systems (MPS), Johns Hopkins University, Baltimore, MD, USA; Department of Oncology, Johns Hopkins School of Medicine, Baltimore, MD, USA; Sidney Kimmel Comprehensive Cancer Center (SKCCC), Johns Hopkins School of Medicine, Baltimore, MD, USA; Department of Materials Science and Engineering, Johns Hopkins University, Baltimore, MD, USA; Department of Chemistry, Johns Hopkins University, Baltimore, MD, USA.",130,"427 Ultrices Street, Colchester, Virginia"
"131","Micromod Partikeltechnologie GmbH, Rostock, Germany",131,"442 In Road, Portland, New York"
"132","Department of Astronomy, Cornell University, Ithaca, NY, USA",132,"112 Metus Lane, Colchester, California"
"133","Institut Supérieur des Sciences de la Population, University of Ouagadougou, Ouagadougou, Burkina Faso",133,"584 Habitasse Street, Newton, Maryland"
"134","Department of Computer Science, Beihang University, Beijing, China",134,"285 Ullamcorper Boulevard, Newton, Virginia"
"135","Center for Disease Control, Atlanta, GA, USA",135,"951 Nunc Road, Colchester, New York"
"136","Niger Country PI",136,"934 Penatibus Street, Lincoln, California"
"137","Department of Earth Science, University of California, Santa Barbara, Santa Barbara, CA, USA",137,"513 Nulla Road, Newton, Maryland"
"138","Yale School of Medicine, New Haven, CT, USA",138,"141 Sociosqu Boulevard, Portland, Virginia"
"139","Department of Physics and Astronomy, Pomona College, Claremont, CA, USA; The Observatories of the Carnegie Institution for Science, Santa Barbara, CA, USA",139,"718 Integer Road, Newton, New York"
"140","Johns Hopkins University, School of Medicine, Brain Injury Outcomes Division",140,"901 Mauris Street, Burlington, California"
"141","Lawrence Livermore National Laboratory, Livermore, CA , USA",141,"969 Diam Road, Colchester, Maryland"
"142","Division of Pulmonary, Allergy, and Critical Care Medicine, University of Pennsylvania, Philadelphia, PA, USA",142,"311 Non Street, Burlington, Virginia"
"143","Cleveland Clinic, Department of Medicine, Cleveland, OH, USA",143,"912 Nibh Road, Burlington, New York"
"144","Cardiovascular Health Research Unit and Department of Epidemiology, University of Washington, Seattle, WA, USA",144,"474 Mauris Lane, Portland, California"
"145","Department of Obstetrics and Gynecology, University of Washington, Seattle, WA, USA",145,"811 Ac Boulevard, Colchester, Maryland"
"146","Maryland Institute College of Art, Baltimore, MD, USA",146,"554 Varius Road, Newton, Virginia"
"147","Division of Cardiology, University of Texas Southwestern Medical Center, Dallas, TX, USA",147,"42 Risus Lane, Colchester, New York"
"148","U1077 INSERM-EPHE-UNICAEN, Caen, France",148,"760 Laoreet Road, Newton, California"
"149","University of Caen, Normandy, France",149,"865 Quisque Road, Colchester, Maryland"
"150","International Rescue Committee, Panthou, South Sudan",150,"251 Dictum Street, Lincoln, Virginia"
"151","Department of Mathematics and Statistics, University of Maryland, Baltimore County, Baltimore, MD, USA",151,"441 Sed Boulevard, Portland, New York"
"152","Johns Hopkins University School of Medicine, Baltimore, Maryland, USA",152,"669 Etiam Lane, Portland, California"
"153","Macha Research Trust, Choma District, Zambia",153,"25 Velit Road, Burlington, Maryland"
"154","Department of Biomedical Sciences, University of Copenhagen, Copenhagen, Denmark",154,"883 Rutrum Lane, Burlington, Virginia"
"155","Polymer Science and Engineering, University of Massachusetts, Amherst; Materials Science Division, Lawrence Berkeley National Laboratory",155,"703 Euismod Boulevard, Burlington, New York"
"156","Department of Polymer Science and Engineering, University of Massachusetts, Amherst, MA, USA; Materials Sciences Division, Lawrence Berkeley National Laboratory, Berkeley, CA, USA",156,"544 Convallis Street, Colchester, California"
"157","Department of Medicine, St Elizabeth Youngstown Hospital, Youngstown, OH, USA",157,"849 A Road, Newton, Maryland"
"158","Uganda Tuberculosis Implementation Research Consortium, Makerere University, College of Health Sciences, Kampala, Uganda",158,"238 Platea Boulevard, Colchester, Virginia"
"159","Department of Radiation Oncology and Molecular Radiation Sciences, Johns Hopkins University, Baltimore, MD, USA; Department of Oncology, Johns Hopkins University, Baltimore, MD, USA; Department of Mechanical Engineering, Johns Hopkins University, Baltimore, MD, USA; Department of Materials Science and Engineering, Johns Hopkins University, Baltimore, MD, USA",159,"526 Quam Street, Newton, New York"
"160","Applied Physics Laboratory, Johns Hopkins University, Baltimore, MD, USA",160,"623 Imperdiet Lane, Colchester, California"
"161","Department of Economic History and International Relations, Stockholm University, Stockholm, SE",161,"262 Faucibus Street, Lincoln, Maryland"
"162","MRC Laboratory of Molecular Biology, University of Cambridge, Cambridge, GB",162,"504 Varius Lane, Lincoln, Virginia"
"163","Kavli Neuroscience Discovery Institute, Johns Hopkins University, Baltimore, MD, USA",163,"943 Potenti Boulevard, Portland, New York"
"164","Department of Chemistry, University of Tennessee, Knoxville, TN, USA",164,"299 Gravida Road, Portland, California"
"165","Materials Sciences Division, Lawrence Berkeley National Laboratory, Berkeley, CA, USA",165,"446 Inceptos Street, Newton, Maryland"
"166","Department of Biology, Johns Hopkins University, Baltimore, MD, USA; Bijvoet Center for Biomolecular Research, Utrecht University, Utrecht, The Netherlands",166,"933 Venenatis Road, Burlington, Virginia"
"167","Institute for Nanobiotechnology, Johns Hopkins University, Baltimore, MD, USA",167,"720 Sodales Lane, Lincoln, New York"
"168","Department of Biomedical Engineering; Solomon H. Snyder Department of Neuroscience, Johns Hopkins University, Baltimore, MD, USA; Department of Biology, University of Maryland, College Park, MD, USA",168,"369 Ultrices Boulevard, Newton, California"
"169","Uganda Tuberculosis Implementation Research Consortium and Department of Medicine, College of Health Sciences, Makerere University, Upper Mulago Hill, Kampala, Uganda",169,"512 Massa Street, Portland, Maryland"
"170","Department of Medicine, Clinical Epidemiology and Biostatistics Unit, College of Health Sciences, Makerere University, Kampala, Uganda",170,"758 Fringilla Lane, Colchester, Virginia"
"171","Department of Materials Science and Engineering, Johns Hopkins University, Baltimore, MD, USA; Shanghai Institute of Ceramics, Chinese Academy of Sciences, Shanghai, China",171,"369 Sodales Road, Portland, New York"
"172","Department of Astronomy, University of Maryland, College Park, MD, USA",172,"754 Risus Street, Colchester, California"
"173","Division of Infectious Diseases and Center for Tuberculosis Research, Department of Medicine, Johns Hopkins University",173,"799 Curae Street, Portland, Maryland"
"174","Johns Hopkins School of Medicine, Baltimore, Maryland, USA",174,"930 Viverra Boulevard, Colchester, Virginia"
"175","Land Use and Environmental Change Institute, University of Florida, Gainesville, FL, USA",175,"862 Viverra Boulevard, Colchester, New York"
"176","Duke Global Health Institute, Duke University",176,"224 Accumsan Street, Lincoln, California"
"177","Nepal Nutrition Intervention Project-Sarlahi, Kathmandu, Nepal",177,"774 Morbi Road, Burlington, Maryland"
"178","Ethiopia Country PI",178,"214 Sociis Lane, Newton, Virginia"
"179","Department of Political Science, JHU",179,"294 Rutrum Boulevard, Burlington, New York"
"180","NASA Goddard Space Flight Center, Greenbelt, MD, USA",180,"607 Vel Road, Lincoln, California"
"181","Asiatic Research Institute, Korea University",181,"518 Magna Road, Newton, Maryland"
"182","Mind and Brain Institute, Johns Hopkins University, Baltimore, MD, USA",182,"852 Faucibus Lane, Newton, Virginia"
"183","Department of Physics and Astronomy, Rutgers, The State University of New Jersey, Piscataway, NJ, USA",183,"764 Neque Road, Portland, New York"
"184","Pacific Northwest National Laboratory, Richland, WA, USA",184,"783 Torquent Boulevard, Burlington, California"
"185","Lunar and Planetary Laboratory, University of Arizona, Tucson, AZ, USA",185,"546 Risus Street, Lincoln, Maryland"
"186","Sociology Department, Félix Houphouët-Boigny University in Cocody, Abidjan, Côte d’Ivoire",186,"426 Vel Street, Lincoln, Virginia"
"187","Sociology Department, Alassane Ouattra University, Bouaké, Côte d’Ivoire",187,"471 Massa Lane, Burlington, New York"
"188","Center for Research and Reform in Education, School of Education, Johns Hopkins University, Baltimore, Maryland, USA",188,"188 Lectus Boulevard, Portland, California"
"189","Division of Pulmonary and Critical Care Medicine, Johns Hopkins University, Baltimore, MD, USA",189,"254 Nunc Street, Portland, Maryland"
"190","Department of Biology, Standford University, Los Altos, CA, USA",190,"268 Phasellus Road, Burlington, Virginia"
"191","Institute of Cyber-Systems and Control, Zhejiang University, Hangzhou, China",191,"640 Nostra Street, Colchester, New York"
"192","Department of Pathology and Laboratory Medicine, Dartmouth-Hitchcock Medical Center, Lebanon, NH, USA",192,"410 Felis Street, Lincoln, California"
"193","Department of Electrical Engineering, City University of Hong Kong, Kowloon, Hong Kong",193,"41 Fringilla Lane, Portland, Maryland"
"194","Science Systems and Applications Inc., Lanham, MD, USA",194,"193 Curae Lane, Portland, Virginia"
"195","U.S. Geological Survey, MD-DE-DC Water Science Center, Baltimore, MD, USA",195,"578 Litora Lane, Burlington, New York"
"196","Center for Nanoscale Systems, Harvard University, Cambridge, MA, USA",196,"824 Nunc Lane, Colchester, California"
"197","Department of Anthropology and Sociology, Kalamazoo College, Kalamazoo, MI, USA",197,"664 Tincidunt Road, Newton, Maryland"
"198","Department of History, Idaho State University, Pocatello, ID, USA",198,"98 Blandit Street, Colchester, Virginia"
"199","School of Biomedical Engineering, Djavad Mowafaghian Centre for Brain Health, University of British Columbia, BC, Canada",199,"537 Netus Boulevard, Colchester, New York"
"200","The Challenge Initiative for Healthy Cities, India Hub, Population Services International, Delhi, India",200,"348 Cras Street, Portland, California"
"201","Hydrologic Science and Engineering Program, Integrated GroundWater Modeling Center, Geology and Geological Engineering, Colorado School of Mines, Golden, CO",201,"107 Habitasse Lane, Lincoln, Maryland"
"202","Department of Surgery and Perioperative Care, Dell Medical School, University of Texas, Austin, TX, USA",202,"317 Maecenas Street, Portland, Virginia"
"203","Water, Climate Change & Resilience Program, International Water Management Institute-Rome Office, Rome, Italy",203,"958 Arcu Boulevard, Burlington, New York"
"204","Department of Physiology, University of Seville, Seville, Spain",204,"14 Scelerisque Boulevard, Newton, California"
"205","Mela Research PLC, Addis Ababa, Ethiopia",205,"162 Hac Road, Burlington, Maryland"
"206","Department of Atmospheric and Oceanic Sciences, University of California, Los Angles, CA, USA",206,"636 Netus Lane, Colchester, Virginia"
"207","Department of Mechanical Engineering, Katholieke Universiteit Leuven, Celestijnenlaan, Leuven, Belgium",207,"706 A Lane, Colchester, New York"
"208","Division of General Internal Medicine, Johns Hopkins School of Medicine, Baltimore, MD, USA; Welch Center for Prevention, Epidemiology, and Clinical Research, Johns Hopkins University, Baltimore, MD, USA",208,"607 At Boulevard, Burlington, California"
"209","Institute of International and Comparative Education, Faculty of Education, East China Normal University, Shanghai, China",209,"544 Nullam Road, Burlington, Maryland"
"210","Department of Biomedical Engineering & Solomon H. Snyder Department of Neuroscience, Johns Hopkins University, Baltimore, MD, USA",210,"923 Curabitur Lane, Burlington, Virginia"
"211","USDA Foreign Agricultural Service, Washington, DC, USA",211,"906 Lacus Boulevard, Lincoln, New York"
"212","Malawi Country PI",212,"697 Porttitor Street, Newton, California"
"213","Departments of Biology and Chemistry and Biochemistry, Florida International University, Miami, FL",213,"796 Ligula Street, Newton, Maryland"
"214","Department of Astronomy, the University of Texas at Austin, Austin, TX, USA",214,"630 Lobortis Road, Burlington, Virginia"
"215","Space Science Institute, Boulder, CO, USA",215,"37 Odio Road, Colchester, New York"
"216","Global Disease Epidemiology and Control, Johns Hopkins University, Baltimore, MD, USA",216,"138 Ridiculus Boulevard, Lincoln, California"
"217","Chintan Environmental Research and Action Group, New Delhi, India",217,"369 Nec Lane, Lincoln, Maryland"
"218","Department of Physics, Astronomy, and Geosciences, Towson University, Towson, MD, USA",218,"773 Mi Street, Lincoln, Virginia"
"219","Johns Hopkins Medicine Wilmer Eye Institute",219,"547 Cum Lane, Colchester, New York"
"220","Chancellor College, University of Malawi, Zomba, Malawi",220,"78 Cubilia Road, Newton, California"
"221","Auris Health, Inc., Redwood City, CA, USA",221,"526 Litora Street, Portland, Maryland"
"222","Our Lady of Lourdes High School, Poughkeepsie, New York, USA",222,"668 Nulla Boulevard, Lincoln, Virginia"
"223","Department of Physics, University of Chicago, Chicago, IL, USA",223,"890 Class Street, Portland, New York"
"224","The Challenge Initiative, Johns Hopkins Center for Communication Programs, Baltimore, MD, USA",224,"97 Accumsan Lane, Newton, California"
"225","Earth System Science Interdisciplinary Center, University of Maryland, College Park, Maryland, USA",225,"741 Feugiat Street, Colchester, Maryland"
"226","Outcomes After Critical Illness and Surgery Group, Division of Pulmonary and Critical Care Medicine, Department of Physical Medicine and Rehabilitation, School of Medicine, John Hopkins University, Baltimore, MD, USA.",226,"483 Sollicitudin Lane, Portland, Virginia"
"227","Department of Earth Sciences, Carleton University, 1125 Colonel By Drive, Ottawa, Ontario, Canada",227,"182 Arcu Road, Newton, New York"
"228","International Rescue Committee, Kalemie, Democratic Republic of the Congo",228,"474 Magnis Boulevard, Portland, California"
"229","Graduate School of Information Science, Nara Institute of Science and Technology, Ikoma, Nara, Japan",229,"127 Rhoncus Boulevard, Colchester, Maryland"
"230","Department of Earth and Environmental Sciences, University of Michigan, Ann Arbor, MI, USA",230,"799 Sociosqu Road, Colchester, Virginia"
"231","PMMH, CNRS, ESPCI Paris, Université PSL, Sorbonne Université, Université de Paris, Paris, France",231,"493 Torquent Lane, Colchester, New York"
"232","Department of Education, Languages, Intercultures, Literatures and Psychology, University of Florence, Florence, Italy",232,"555 Est Boulevard, Portland, California"
"233","Department of Physical and Analytical Chemistry, University of Oviedo, Oviedo, Spain",233,"692 Venenatis Boulevard, Newton, Maryland"
"234","Earth Science Division, NASA Goddard Space Flight Center, Greenbelt, Maryland, USA",234,"506 Phasellus Road, Lincoln, Virginia"
"235","Physics and Astronomy, Johns Hopkins University",235,"992 Viverra Boulevard, Portland, New York"
"236","Materialise NV, Leuven, Belgium",236,"337 Taciti Road, Burlington, California"
"237","Department of Chemistry & Chemical Biology Rutgers University, Rutgers, NJ, USA",237,"955 Mollis Road, Lincoln, Maryland"
"238","Department of Internal Medicine, Yale School of Medicine, Yale University, New Haven, CT, USA",238,"539 Tortor Street, Newton, Virginia"
"239","School of Oceanography, University of Washington, Seattle, WA, USA",239,"542 Nostra Boulevard, Colchester, New York"
"240","Medstar Washington Hospital, Washington, DC, USA",240,"180 Vivamus Lane, Colchester, California"
"241","Earth and Planetary Sciences, Johns Hopkins University",241,"868 Enim Road, Portland, Maryland"
"242","Gemini Observatory, La Serena, Chile; The Observatories of the Carnegie Institution for Science, Santa Barbara, CA, USA",242,"212 Nascetur Boulevard, Portland, Virginia"
"243","independent scholar, Barcelona, Spain",243,"587 Vehicula Lane, Portland, New York"
"244","Department of Biochemistry and Biophysics, University of California,  San Francisco, CA, USA",244,"977 Fames Lane, Lincoln, California"
"245","University of Alabama at Birmingham Division of Preventive Medicine",245,"201 Faucibus Lane, Lincoln, Maryland"
"246","University of Pennsylvania Department of Physics & Astronomy",246,"401 Vestibulum Road, Lincoln, Virginia"
"247","Department of Electrical Engineering and Computer Science, University of Liège, Liège, Belgium",247,"62 Vestibulum Road, Burlington, New York"
"248","Department of Material Science and Engineering, Rutgers, The State University of New Jersey, Piscataway, NJ, USA",248,"269 Curabitur Lane, Lincoln, California"
"249","The Challenge Initiative, East Africa Hub, Jhpiego, Kampala, Uganda",249,"991 Nam Road, Lincoln, Maryland"
"250","Woods Hole Oceanographic Institution Applied Ocean Physics & Engineering",250,"382 Per Boulevard, Portland, Virginia"
"251","Institute for Computational Medicine, Biomedical Engineering Department, Johns Hopkins University, Baltimore, MD, USA",251,"124 Quisque Lane, Portland, New York"
"252","Department of Neuroscience, Developmental and Regenerative Biology, The University of Texas at San Antonio, San Antonio, TX, USA",252,"63 Fusce Street, Colchester, California"
"253","Department of Chemical and Biomolecular Engineering, Johns Hopkins University, Baltimore, MD, USA; Department of Computer Science, Johns Hopkins University, Baltimore, MD, USA; Department of Chemistry, Johns Hopkins University, Baltimore, MD, USA",253,"561 Cras Street, Burlington, Maryland"
"254","National Institute of Standards and Technology, Gaithersburg, MD, USA",254,"573 Venenatis Boulevard, Burlington, Virginia"
"255","Department of Zoology, Cambridge University, Cambridge, GB",255,"628 Velit Boulevard, Portland, New York"
"256","Department of Chemical and Biomolecular Engineering, Johns Hopkins University, Baltimore, MD, USA; Laboratory for Computational Sensing and Robotics (LCSR), Johns Hopkins University, Baltimore, MD, USA; Department of Chemistry, Johns Hopkins University, Baltimore, MD, USA; Department of Computer Science, Johns Hopkins University, Baltimore, MD, USA",256,"769 Vivamus Lane, Lincoln, California"
"257","School of Mathematics and Statistics, University of St Andrews, St Andrews, United Kingdom",257,"913 Magnis Lane, Newton, Maryland"
"258","Division of General Internal Medicine, Johns Hopkins University, Baltimore, MD, USA",258,"929 Dignissim Boulevard, Colchester, Virginia"
"259","United States Agency for International Development, Washington, D.C., USA",259,"540 Sagittis Boulevard, Burlington, New York"
"260","Formally Johns Hopkins University",260,"2 Nisi Road, Lincoln, California"
"261","Department of Psychiatry and Behavioral Health, Ann and Robert H. Lurie Children's Hospital of Chicago, Chicago, IL, USA; Department of Psychiatry and Behavioral Sciences, Northwestern University, Chicago, IL, USA",261,"671 Vivamus Street, Portland, Maryland"
"262","Department of Biology; Department of Anatomy and Neurobiology, University of Maryland, College Park, MD, USA",262,"648 Sed Lane, Colchester, Virginia"
"263","PoSHAN Study Team, Johns Hopkins University, Kathmandu, Nepal",263,"127 Pulvinar Road, Colchester, New York"
"264","Center for Environment and Development, Addis Ababa University, Addis Ababa, Ethiopia",264,"208 Est Road, Newton, California"
"265","College of Development Studies, Addis Ababa University, Addis Ababa, Ethiopia",265,"771 Praesent Boulevard, Colchester, Maryland"
"266","Division of Pediatric Palliative Medicine, Prisma Health Children’s Hopsital – Upstate, University of South Carolina School of Medicine – Greenville, Greenville, SC",266,"741 Donec Lane, Lincoln, Virginia"
"267","Department of Global Disease Epidemiology and Control, Johns Hopkins University, Baltimore, MD, USA",267,"269 Tincidunt Road, Newton, New York"
"268","The Challenge Initiative, Francophone West Africa Hub, IntraHealth International, Dakar, Senegal",268,"12 Est Boulevard, Portland, California"
"269","Department of Epidemiology, Emory University, Atlanta, GA, USA",269,"705 Semper Boulevard, Portland, Maryland"
"270","ABH Services PLC, Addis Ababa, Ethiopia",270,"670 Vivamus Road, Lincoln, Virginia"
"271","Memorial Sloan Kettering Cancer Center, New York, NY, USA",271,"563 Ridiculus Street, Portland, New York"
"272","Division of Geriatrics, Gerontology, and Palliative Medicine, Department of Internal Medicine, University of Nebraska Medical Center, Omaha, NE",272,"444 Netus Boulevard, Burlington, California"
"273","Baltimore Polytechnic Institute, Baltimore, MD, USA",273,"863 Netus Road, Burlington, Maryland"
"274","Department of Global Health, George Washington University, Washington, DC, USA",274,"677 Porta Boulevard, Colchester, Virginia"
"275","Australian Synchrotron, Clayton, Victoria, Australia",275,"559 Morbi Road, Burlington, New York"
"276","Department of Laboratory Medicine and Pathology, University of Washington, Seattle, WA, USA; Department of Pathology and Laboratory Medicine, Children’s Hospital Los Angeles, Los Angeles, CA, USA",276,"824 Ut Boulevard, Burlington, California"
"277","School of Medicine, Johns Hopkins University, Baltimore, MD, USA",277,"198 Arcu Boulevard, Newton, Maryland"
"278","Division of Pulmonary and Critical Care Medicine, School of Medicine; Department of Epidemiology, School of Public Health, John Hopkins University, Baltimore, MD",278,"912 Porttitor Lane, Portland, Virginia"
"279","Space Telescope Science Institute, Baltimore, MD, USA",279,"10 Laoreet Road, Lincoln, New York"
"280","University of Pelotas, Pelotas, Brazil",280,"967 Suspendisse Lane, Newton, California"
"281","Institut de Planétologie et d’Astrophysique de Grenoble, Université Grenoble Alpes, CNRS, Grenoble, France",281,"255 Ullamcorper Street, Lincoln, Maryland"
"282","Arcadis U.S. Inc., Hanover, MD, USA",282,"201 Blandit Street, Burlington, Virginia"
"283","Division of Geriatrics, Johns Hopkins School of Medicine, Baltimore, MD",283,"745 In Road, Lincoln, New York"
"284","Applied Research Associates Inc., Raleigh, NC, USA",284,"921 Habitant Lane, Burlington, California"
"285","Atlantic Veterinary College, University of Prince Edward Island, Charlottetown, PE, Canada",285,"515 Nibh Street, Burlington, Maryland"
"286","Netherlands Institute of Neuroscience, Amsterdam, Netherlands",286,"850 Rutrum Street, Lincoln, Virginia"
"287","Department of Natural Sciences, University of Maryland Eastern Shore, Princess Anne, MD, USA",287,"181 Natoque Street, Colchester, New York"
"288","Department of Electrical Engineering, Stanford University, Stanford, California, CA, USA",288,"751 Vivamus Lane, Portland, California"
"289","School of Optoelectronic Information, University of Electronic Science and Technology of China, Chengdu, China",289,"284 Magna Lane, Newton, Maryland"
"290","NVIDIA, Vanderbilt University, Redmond, WA, USA",290,"764 Placerat Lane, Colchester, Virginia"
"291","University of Virginia",291,"463 Vulputate Lane, Lincoln, New York"
"292","Inova Heart and Vascular Institute, Falls Church, VA, USA",292,"605 Ante Boulevard, Lincoln, California"
"293","Department of Neuroscience, Zanvyl Krieger Mind/Brain Institute, Johns Hopkins University, Baltimore, MD, USA",293,"313 Mus Lane, Lincoln, Maryland"
