"","ru_id","auth_id","name","privilege","pw_hash"
"1",1,1,"Abdullah, Omar","write","proin1992"
"2",2,2,"Adams, Nicholas","read","gravida4128"
"3",3,3,"Afify, Ali","write","nostra9182"
"4",4,4,"Agamaite, James A.","read","feugiat407"
"5",5,5,"Ahm, Anne-Sofie C.","write","magna4267"
"6",6,6,"Ahmad, Shahryar K.","read","tempor3587"
"7",7,7,"Akin, Elgin","read","fringilla7125"
"8",8,8,"Al-Saloum, Noor","read","maecenas9921"
"9",9,9,"Alexander, Clayton","write","praesent1437"
"10",10,10,"Ali, Hasmot","write","accumsan2839"
"11",11,11,"Allard, Simon","read","est4317"
"12",12,12,"Allen, Mark B.","write","sociosqu9761"
"13",13,13,"Amouzou, Agbessi","write","platea9822"
"14",14,14,"Anderson, Carrie M.","read","facilisi151"
"15",15,15,"Anieto, Nneoma Nonyelum","read","magna8887"
"16",16,16,"Ankarali, Mustafa M.","read","bibendum7395"
"17",17,17,"Appel, Lawrence J.","read","nascetur5441"
"18",18,18,"Arend, Luke A.","read","nam2702"
"19",19,19,"Arepally, Nageshwar","read","suscipit8190"
"20",20,20,"Arhinful,  Daniel","write","viverra1217"
"21",21,21,"Armand, Mehran","read","aliquet8588"
"22",22,22,"Armanios, Mary","read","volutpat5084"
"23",23,23,"Armitage, Norman P.","write","egestas3429"
"24",24,24,"Arora-Williams, Keith","write","nulla5860"
"25",25,25,"Arroyo-Currás, Netzahualcóyotl","read","vestibulum3351"
"26",26,26,"Arsenault, Kristi R.","read","montes2814"
"27",27,27,"Attaluri, Anilchandra","read","euismod6603"
"28",28,28,"Avirmed, Sodnomdargia (Anu)","write","cum7854"
"29",29,29,"Awantang, Grace","read","lacus7712"
"30",30,30,"Ayiotis, Andrianna I.","write","tortor2454"
"31",31,31,"Babalola, Stella","write","tempus8242"
"32",32,32,"Badr, Hamada S.","write","sociosqu7993"
"33",33,33,"Bagger, Jonatan I.","read","venenatis8266"
"34",34,34,"Bahl, Alexis","read","habitasse1736"
"35",35,35,"Baik, Yeonsoo","write","suscipit7793"
"36",36,36,"Baker, Kellan E.","read","mi3928"
"37",37,37,"Bakker, Arnold","read","justo7918"
"38",38,38,"Ball, W.B.","write","interdum2082"
"39",39,39,"Ball, William P.","write","phasellus5686"
"40",40,40,"Ballantyne, Christie M.","write","class1751"
"41",41,41,"Ballou, Sydney","write","justo7843"
"42",42,42,"Baltimore Police Department","write","suspendisse2719"
"43",43,43,"Banda, Benjamin","read","habitant4451"
"44",44,44,"Barbera-Lainez, Yolanda","write","morbi3922"
"45",45,45,"Bard, Jennifer Dien","read","praesent4933"
"46",46,46,"Barman, Ishan","write","mollis2496"
"47",47,47,"Barranta, Caelan","read","vestibulum4543"
"48",48,48,"Barrett, Brandon","read","tempus6323"
"49",49,49,"Barth, Erika","read","lacus9362"
"50",50,50,"Bastian, Amy J.","read","primis5354"
"51",51,51,"Basyal, Pragyashree S.","read","sociis7440"
"52",52,52,"Baya, Banza","write","class2673"
"53",53,53,"Beauchene, Christine","read","magnis6862"
"54",54,54,"Beaudry, Patrick","write","neque8757"
"55",55,55,"Becker, Naomi A.","read","suspendisse9524"
"56",56,56,"Beer, Michael A.","write","ac8162"
"57",57,57,"Beltran-Villegas, Daniel J.","write","primis4566"
"58",58,58,"Bergaoui, Karim","read","molestie8154"
"59",59,59,"Berhane, Leah","read","tristique1014"
"60",60,60,"Bersoff-Matcha, Susan J.","write","potenti8153"
"61",61,61,"Besar, Kalpana","write","lacinia1550"
"62",62,62,"Bibic, Adnan","read","dignissim5194"
"63",63,63,"Bindlish, Rajat","write","senectus7258"
"64",64,64,"Biswas, Debojyoti","write","nullam3075"
"65",65,65,"Black, Robert E.","write","quisque2643"
"66",66,66,"Blair-Stanek, Andrew","write","sapien9510"
"67",67,67,"Bond, John E.","write","ullamcorper3816"
"68",68,68,"Bose, Vivek","read","sagittis7265"
"69",69,69,"Bosley, Laura","read","himenaeos6509"
"70",70,70,"Boulay, Marc","read","habitasse4770"
"71",71,71,"Bouwer, Edward J.","read","mi9447"
"72",72,72,"Brady, Eoghan","read","facilisis5551"
"73",73,73,"Bragg, Arthur E.","write","massa2853"
"74",74,74,"Brbić, Maria","read","ut3109"
"75",75,75,"Breault, Macauley S.","write","vel1428"
"76",76,76,"Bregstone, Jonah","write","faucibus3456"
"77",77,77,"Brenner, Dana C.","write","vulputate415"
"78",78,78,"Brittingham, Sarah","write","etiam2439"
"79",79,79,"Brooks, Bernard R.","read","dignissim7469"
"80",80,80,"Brovarone, Alberto Vitale","read","taciti367"
"81",81,81,"Browning-Hanson, Joseph F.","write","justo2319"
"82",82,82,"Bryce, Jennifer","write","aliquam8904"
"83",83,83,"Bu, Fanjun","write","erat5090"
"84",84,84,"Buda, A.R.","read","nascetur9081"
"85",85,85,"Budavari, Tamas","read","ullamcorper2853"
"86",86,86,"Budde, Ryan B.","read","neque9039"
"87",87,87,"Budoff, Matthew J.","write","ut403"
"88",88,88,"Burd, Irina","read","vestibulum6062"
"89",89,89,"Burdick, Jason A.","read","curae6834"
"90",90,90,"Calhoun, Georgia","read","senectus574"
"91",91,91,"Camden, Jon P.","read","hac6226"
"92",92,92,"Carlton, Hayden","write","lobortis4293"
"93",93,93,"Carter, Anabel W.","read","phasellus2922"
"94",94,94,"Cebotaru, Valeriu","write","curabitur5960"
"95",95,95,"Ceci, Doug","write","montes4287"
"96",96,96,"Center for Human Nutrition","write","fringilla8737"
"97",97,97,"Chai, Ching Sing","read","primis5299"
"98",98,98,"Chang, Chia-Jung","write","curae6584"
"99",99,99,"Chang, Hsien-Yen","read","leo4185"
"100",100,100,"Chen, Ada Y.","read","luctus8021"
"101",101,101,"Chen, Chih-Ting","write","purus2078"
"102",102,102,"Chen, Kuan-Lin","read","ornare5039"
"103",103,103,"Chen, Lidong","read","lacus1419"
"104",104,104,"Chen, Nan","write","ullamcorper311"
"105",105,105,"Chen, Yanling","read","at7744"
"106",106,106,"Cheng, Bingquing","write","augue180"
"107",107,107,"Cheng, Yan","read","viverra5042"
"108",108,108,"Chernenok, Mariya","read","nullam3081"
"109",109,109,"Chessare, Caroline M.","write","dui2431"
"110",110,110,"Cheung, Alan Chi-keung","write","bibendum1490"
"111",111,111,"Chib, Vikram S.","write","inceptos3235"
"112",112,112,"Chintan Environmental Research and Action Group","read","magna9280"
"113",113,113,"Chiu, Arlene","read","et8809"
"114",114,114,"Cho, Kyoung-A","write","congue9562"
"115",115,115,"Chongyu, Qu","write","volutpat167"
"116",116,116,"Chow, Margaret R.","read","netus5099"
"117",117,117,"Chow, Steven J.","read","nibh9477"
"118",118,118,"Chung, Erin A.","write","rutrum6197"
"119",119,119,"Cinque, Gianfelice","read","nullam1463"
"120",120,120,"Cisse, Adama","read","venenatis9522"
"121",121,121,"Clancy, Paulette","read","enim1745"
"122",122,122,"Clark, Vincent","write","tincidunt3954"
"123",123,123,"Clarke, Robert","read","donec712"
"124",124,124,"Coderre, Emily L.","write","mattis5804"
"125",125,125,"Coffin, Rachel","read","fringilla2826"
"126",126,126,"Cohen, Gregory S.","write","euismod6105"
"127",127,127,"Cornwell, Jeffrey","read","lobortis3724"
"128",128,128,"Cosans, Cassandra L.","read","rutrum8534"
"129",129,129,"Courtney, Susan M.","write","non3154"
"130",130,130,"Cowan,  Noah J.","write","vel9725"
"131",131,131,"Cox, Andrea L.","write","tellus9127"
"132",132,132,"Crowley, James L.","read","suspendisse3303"
"133",133,133,"Cui, Minming","write","scelerisque1954"
"134",134,134,"Cullen, Kathleen E.","write","nisi236"
"135",135,135,"Dailly-Ajavon, Patricia","write","mi2111"
"136",136,136,"Damjanovic, Ana","read","penatibus8172"
"137",137,137,"Daniel, Isabelle","write","ut1527"
"138",138,138,"DeCoster, Mallory E.","read","lobortis2838"
"139",139,139,"Degefie, Tedbabe","write","platea9167"
"140",140,140,"Della Santina, Charles C.","read","risus1630"
"141",141,141,"Delwiche, Kyle","read","vel6988"
"142",142,142,"Demir, Alican","write","sociosqu9164"
"143",143,143,"Deng, Siming","write","scelerisque3938"
"144",144,144,"Dhakal, Santosh","read","nam661"
"145",145,145,"Dickinson, Laura E.","read","sapien2614"
"146",146,146,"Dikeman, Dustin","write","a537"
"147",147,147,"Dillow, Brandon","read","egestas8055"
"148",148,148,"Dixon, Eryn E.","write","nullam4606"
"149",149,149,"Doiron, Jake","write","congue5361"
"150",150,150,"Dominique, Nathaniel L.","write","duis2255"
"151",151,151,"Dosso, Abdul","write","suspendisse2457"
"152",152,152,"Dowdy, David W.","write","hendrerit5381"
"153",153,153,"Droege, Sam","read","curae4389"
"154",154,154,"Du, Chen","read","tristique717"
"155",155,155,"Duan, Wenzhen","write","convallis5591"
"156",156,156,"Duckworth, Andrew R.","read","leo608"
"157",157,157,"Dukhanin, Vadim","read","bibendum7740"
"158",158,158,"Durant, Neal D.","write","nunc602"
"159",159,159,"Dziedzic, Amanda","write","felis6543"
"160",160,160,"Eberle, Wolfgang","read","fames9530"
"161",161,161,"Edge, Albert S.B.","read","eros3525"
"162",162,162,"Edwards, Tara D.","write","sodales4457"
"163",163,163,"Eggen, Michael","write","ante5555"
"164",164,164,"Ekowo, Lilian C.","write","pulvinar8946"
"165",165,165,"Eldesouki, Raghda E.","write","sed3988"
"166",166,166,"Ellis, Hugh","write","imperdiet6027"
"167",167,167,"Elsey, Jacob","read","feugiat8051"
"168",168,168,"Emeric, Erik","read","tincidunt9292"
"169",169,169,"Ermac, Ardie Bolanon","read","montes545"
"170",170,170,"Ernlund, Amanda W.","read","etiam7613"
"171",171,171,"Escribano, Benjamin","write","sociosqu4469"
"172",172,172,"Evans, Jared","read","auctor9791"
"173",173,173,"Falk, Michael L.","read","condimentum1107"
"174",174,174,"Fall, Amary","write","erat7410"
"175",175,175,"Fan, Huidong","write","risus1060"
"176",176,176,"Fan, Xinhao","read","potenti1560"
"177",177,177,"Feed the Future Innovation Lab for Nutrition","read","justo2739"
"178",178,178,"Fenstermacher, Katherine Z.","write","elementum3099"
"179",179,179,"Fenwick, Axel","write","ante1546"
"180",180,180,"Fern, Joshua","read","ridiculus8733"
"181",181,181,"Fernandez Brillet, Celia","write","arcu722"
"182",182,182,"Ferraro, Francis","write","lacus3799"
"183",183,183,"Fitzgerald, Zachary B.","read","ultrices5173"
"184",184,184,"Flandinet, Laurène","read","non7771"
"185",185,185,"Foote, Jeremy","read","vulputate2055"
"186",186,186,"Fortune, Eric S.","write","sodales6346"
"187",187,187,"Fox-Talbot, Karen","read","mauris7110"
"188",188,188,"Frechette, Joelle","read","pharetra1147"
"189",189,189,"Fuerst, Bernhard","write","nunc5955"
"190",190,190,"Gabrielson, Kathleen","read","pellentesque1070"
"191",191,191,"Gale, John T.","write","dictumst689"
"192",192,192,"Ganley, Connor","write","nec4580"
"193",193,193,"Gao, Anne L.","write","eu8"
"194",194,194,"Gao, Cong","read","ligula2622"
"195",195,195,"García Villa, Anayeli","read","taciti7687"
"196",196,196,"Gautier, Thomas","write","mauris7360"
"197",197,197,"Gayme, Dennice F.","read","at7584"
"198",198,198,"Gensbigler, Paul","write","maecenas9157"
"199",199,199,"Gerecht, Sharon","read","quis6023"
"200",200,200,"Getirana, Augusto","write","congue7693"
"201",201,201,"Ghotbi, Reza","write","hendrerit6014"
"202",202,202,"Gidner, Sarah","read","nostra5202"
"203",203,203,"Ginty, David D.","read","pharetra1419"
"204",204,204,"Giraldo, Diego","write","parturient3865"
"205",205,205,"Glickman, Moshe","read","fames5647"
"206",206,206,"Glowatzki, Elisabeth","read","pretium3197"
"207",207,207,"Gnanadesikan, Anand","write","gravida2665"
"208",208,208,"Gohlke, Julia M.","write","enim9561"
"209",209,209,"Golding, Hana","write","quis7550"
"210",210,210,"Gomes, Maya L.","write","nullam1310"
"211",211,211,"Gomes, Menandro","write","venenatis607"
"212",212,212,"Gong, Yu-Nong","read","commodo3015"
"213",213,213,"Gonzalez-Martinez, Jorge A.","write","fermentum1711"
"214",214,214,"Goodchild, Traci","read","nunc3573"
"215",215,215,"Goodwill, Patrick","read","molestie2171"
"216",216,216,"Gordon, Barry","read","suscipit7124"
"217",217,217,"Gormley, Matthew R.","write","inceptos100"
"218",218,218,"Gracias, David H.","write","sem1004"
"219",219,219,"Green, Ariel","write","curabitur7614"
"220",220,220,"Grupp, Robert","read","netus3140"
"221",221,221,"Grüttner, Cordula","write","ullamcorper3280"
"222",222,222,"Gu, Junyao","read","molestie2852"
"223",223,223,"Guallar, Eliseo","write","suspendisse2652"
"224",224,224,"Guckenheimer, John","write","nullam8231"
"225",225,225,"Guiella, Georges","read","elementum9800"
"226",226,226,"Guo, Mengqi","write","libero6933"
"227",227,227,"Guo, Xin","write","auctor1436"
"228",228,228,"Gutman, Julie","read","sociis8910"
"229",229,229,"Habi, Oumarou","read","aliquet6050"
"230",230,230,"Hacker, Bradley R.","read","class746"
"231",231,231,"Hafez, Omar A.","write","sapien1311"
"232",232,232,"Hageman, Kristin N.","write","vitae4478"
"233",233,233,"Hahn, Isabel","read","aliquam5709"
"234",234,234,"Haith, Adrian M.","write","sociosqu5805"
"235",235,235,"Hall, Anthony S.","read","id4984"
"236",236,236,"Hall, Grant","write","justo9333"
"237",237,237,"Hamer, Jacob","read","cubilia7567"
"238",238,238,"Hammond, Andrew","read","conubia294"
"239",239,239,"Han, Jinfeng","write","ullamcorper2126"
"240",240,240,"Hand, Randal","write","tellus1179"
"241",241,241,"Hanjaya-Putra, Donny","write","volutpat1743"
"242",242,242,"Hanley, Daniel","read","cursus6411"
"243",243,243,"Hanson, Lavender E.","read","facilisi3002"
"244",244,244,"Hantsoo, Kalev G.","read","et2271"
"245",245,245,"Haque, Razi M.","write","mauris1643"
"246",246,246,"Harihar, Vinayak","read","praesent6406"
"247",247,247,"Harman, Ciaran J.","write","aliquam492"
"248",248,248,"Harris, John A.","write","urna5110"
"249",249,249,"Hart, Joanna L.","read","conubia1482"
"250",250,250,"Harvey, Steven A","read","proin6574"
"251",251,251,"Hashem, Mohamed D.","read","pretium2240"
"252",252,252,"Hazel, Elizabeth","write","a7029"
"253",253,253,"Hazra, Abheera","read","a8799"
"254",254,254,"He, Chao","read","blandit9093"
"255",255,255,"He, Yan","read","tempus6304"
"256",256,256,"Healy, Sean","write","platea4348"
"257",257,257,"Heckbert, Susan R.","read","sociis3674"
"258",258,258,"Hegeman, Rachel","read","gravida4629"
"259",259,259,"Heidkamp, Rebecca A.","read","montes8905"
"260",260,260,"Hemond, Harold","write","laoreet7546"
"261",261,261,"Hendrickson, Zoé","write","dignissim9224"
"262",262,262,"Herndon, Christopher N.","write","penatibus6012"
"263",263,263,"Hickman, Clara","write","netus4098"
"264",264,264,"Higgins, John A.","read","vestibulum8013"
"265",265,265,"Hill, Joseph A.","write","semper681"
"266",266,266,"Hill, Kenneth H.","read","feugiat5143"
"267",267,267,"Hinault, Thomas","read","nulla4727"
"268",268,268,"Hinton, Amanda","write","venenatis7117"
"269",269,269,"Ho, Chia Chi","read","ante7233"
"270",270,270,"Ho, Lara S","read","placerat3053"
"271",271,271,"Hobbs, Benjamin F.","write","habitant5779"
"272",272,272,"Hoffman, Christina","write","vel8458"
"273",273,273,"Hoffman, Kathleen","read","vehicula8720"
"274",274,274,"Hoffmann, Christopher J.","read","viverra465"
"275",275,275,"Holder, Chris","read","odio9290"
"276",276,276,"Holmes, Thomas R.","write","etiam4813"
"277",277,277,"Holst, Jens J.","write","at8563"
"278",278,278,"Holzenberger, Nils","read","facilisis2044"
"279",279,279,"Hoogeveen, Ron C.","write","sem776"
"280",280,280,"Hopkins, Patrick E.","read","maecenas4786"
"281",281,281,"Hristova, Kalina","write","massa1721"
"282",282,282,"Hu, Qin","read","phasellus4560"
"283",283,283,"Hu, Yicheng","read","cum8813"
"284",284,284,"Huang, Chien-Ming","write","accumsan5412"
"285",285,285,"Huang, Jiyuan","read","molestie158"
"286",286,286,"Hui, Li","write","venenatis1365"
"287",287,287,"Hur, Jinhee","write","class9119"
"288",288,288,"Hussain Shuler, Marshall G.","read","conubia3460"
"289",289,289,"Hutfless, Susan","read","curae7557"
"290",290,290,"Hörst, Sarah M.","write","tristique5516"
"291",291,291,"Inoue, Takanari","read","ullamcorper8251"
"292",292,292,"Irazoqui, Pedro P.","write","fusce2923"
"293",293,293,"Ireland, R. M.","write","nostra9756"
"294",294,294,"Ireland, Robert M.","write","mi767"
"295",295,295,"Isooba, David","write","ultricies3341"
"296",296,296,"Ivkov, Robert","write","inceptos3202"
"297",297,297,"Izenberg, Noam R.","read","cursus3324"
"298",298,298,"Jackson, Susan T.","read","et3147"
"299",299,299,"Jaffe, Andrew E.","read","vulputate4929"
"300",300,300,"Jang, Hyun-June","write","ut2271"
"301",301,301,"Jani, Vivek P.","read","egestas6238"
"302",302,302,"Jayakumar, Ravikrishnan P.","read","sollicitudin3224"
"303",303,303,"Jayaraman, Sahana","write","quam1528"
"304",304,304,"Jedlicka, Anne","write","quis908"
"305",305,305,"Jefferis, Gregory S. X. E.","write","mattis4797"
"306",306,306,"Jendrichovsky, Peter","read","fusce3373"
"307",307,307,"Jenkins, David M.","write","sapien9495"
"308",308,308,"Jensen, Isabel M.","read","cursus561"
"309",309,309,"Ji, Yuyang","read","hendrerit5687"
"310",310,310,"Jia, Mengxuan","write","venenatis5173"
"311",311,311,"Jia, Sisi","read","orci3121"
"312",312,312,"Jia, Xiaoming","read","dui2300"
"313",313,313,"Jiang, Nan","read","pulvinar7409"
"314",314,314,"Jiménez-Avalos, Gabriel","write","potenti5250"
"315",315,315,"Jin, Lu","read","auctor4311"
"316",316,316,"Johns Hopkins Center for a Livable Future","write","vivamus949"
"317",317,317,"Jones, Gareth","write","a6551"
"318",318,318,"Joos, Olga","read","etiam2247"
"319",319,319,"Jordan, Asha K.","read","lectus9389"
"320",320,320,"Jumai’an, Eugenie","read","odio5116"
"321",321,321,"KC, Angela","write","orci3072"
"322",322,322,"Kaiser, Christian M.","write","morbi9131"
"323",323,323,"Kale, Tejaswini","write","euismod2262"
"324",324,324,"Kamara, Diarra","read","a1328"
"325",325,325,"Kamath, Vidulata","read","dictum4995"
"326",326,326,"Kamoga, Caleb","read","imperdiet8487"
"327",327,327,"Kang, Byunghwa","read","ad4153"
"328",328,328,"Kanold, Patrick","read","tellus2123"
"329",329,329,"Kanyuka, Mercy","write","laoreet655"
"330",330,330,"Kass, David A.","write","eget9821"
"331",331,331,"Katamba, Achilles","write","lacus4626"
"332",332,332,"Katz, Howard E.","write","litora505"
"333",333,333,"Katz, Joanne","write","donec6341"
"334",334,334,"Kavran, Jennifer M.","read","conubia8200"
"335",335,335,"Ke, Suqi","write","habitasse6016"
"336",336,336,"Keita, Maningbe","write","dapibus9812"
"337",337,337,"Kelley, Christopher S.","read","nostra5009"
"338",338,338,"Kempton, Eliza M.-R.","read","duis2897"
"339",339,339,"Kendall, Emily A.","write","orci3997"
"340",340,340,"Kenney, William F.","write","in7694"
"341",341,341,"Khatry, Subarna K.","write","volutpat5971"
"342",342,342,"Khetan, Sudhir","write","ante1804"
"343",343,343,"Kidanu, Aklilu","read","phasellus9177"
"344",344,344,"Killeen, Benjamin","read","himenaeos6580"
"345",345,345,"Kim, Daisy","write","lacinia4588"
"346",346,346,"Kim, Dongchul","write","quam6057"
"347",347,347,"Kim, Grace E.","read","rutrum5567"
"348",348,348,"Kim, Yang-Sook","read","purus9798"
"349",349,349,"Kirby, Harper L.","read","eget2088"
"350",350,350,"Kita, Kahori","write","varius8062"
"351",351,351,"Kitonsa, Peter J.","read","commodo3895"
"352",352,352,"Klausen, Rebekka S.","write","porttitor7572"
"353",353,353,"Klein, Eili Y.","read","tempor6979"
"354",354,354,"Klein, Sabra L.","read","sodales5751"
"355",355,355,"Klemm, Rolf","read","venenatis4149"
"356",356,356,"Knierim, James J.","read","magna3122"
"357",357,357,"Knop, Filip K.","write","sapien9364"
"358",358,358,"Koehler, Kirsten","read","sodales9175"
"359",359,359,"Koenker, Hannah","write","cursus475"
"360",360,360,"Koffi, Alain","write","natoque2634"
"361",361,361,"Koirala, Nikesh","read","hac1519"
"362",362,362,"Kolodkin, Alex L.","write","parturient3274"
"363",363,363,"Konapala, Goutam","write","accumsan907"
"364",364,364,"Korangath, Preethi","read","etiam1726"
"365",365,365,"Koropouli, Eleftheria","read","sapien3789"
"366",366,366,"Kortylewski, Adam","read","volutpat2166"
"367",367,367,"Koskinen, Tommi T.","write","donec1749"
"368",368,368,"Kothari, Ninad B","read","sodales3017"
"369",369,369,"Kouadio Ngnanda, Anne M.","write","netus5416"
"370",370,370,"Kouadio, Anne Marie","read","arcu1176"
"371",371,371,"Kra, Walter","write","metus6257"
"372",372,372,"Kraemer, David","read","hendrerit9671"
"373",373,373,"Krasnow, Janice","read","morbi8575"
"374",374,374,"Krummey, Scott M.","read","netus7764"
"375",375,375,"Kumar, Sujay V.","write","vestibulum5819"
"376",376,376,"Kusuma, Sravanti","read","iaculis1966"
"377",377,377,"LaPenna, Kyle B.","write","enim4565"
"378",378,378,"Labrique, Alain B.","write","fusce7085"
"379",379,379,"Lake, Cynthia","read","ultricies4372"
"380",380,380,"Lama, Tsering P.","read","augue8860"
"381",381,381,"Lamberty, Zachary D.","write","inceptos903"
"382",382,382,"Lamperski, Andrew","write","eu4578"
"383",383,383,"Lashkari, Shahin G.","write","bibendum7385"
"384",384,384,"Ledoux, Kerry","read","mi8666"
"385",385,385,"Lee, Emma M.","write","ullamcorper544"
"386",386,386,"Lee, Heonjoon","read","dictumst2539"
"387",387,387,"Lee, Taein","write","a9919"
"388",388,388,"Lee, Yoon Kyong","write","dictumst4106"
"389",389,389,"Lefer, David","write","vestibulum8464"
"390",390,390,"Legesse, Hailemariam","read","libero4327"
"391",391,391,"Levy, Dino","write","magna2991"
"392",392,392,"Lewicky, Nan","read","purus8324"
"393",393,393,"Lewis, Kevin","read","phasellus9725"
"394",394,394,"Lewis, Nikole K.","read","accumsan8877"
"395",395,395,"Li, Brian Y.","read","phasellus928"
"396",396,396,"Li, Hantian","write","gravida7525"
"397",397,397,"Li, Hongjie","read","ornare8084"
"398",398,398,"Li, Hui","write","facilisis9326"
"399",399,399,"Li, Xintong","write","cras2049"
"400",400,400,"Li, Yizeng","write","felis5349"
"401",401,401,"Li, Yuguo","read","et6970"
"402",402,402,"Li, Zizhang","write","ullamcorper3674"
"403",403,403,"Liang, Wu","write","integer3787"
"404",404,404,"Lima, Joao A.","read","aliquam9125"
"405",405,405,"Lin, Chun-Chieh","write","euismod9956"
"406",406,406,"Liu, Hsuan","read","penatibus5119"
"407",407,407,"Liu, Jie","write","ante2206"
"408",408,408,"Liu, Melody","read","aptent9775"
"409",409,409,"Liu, Pang-Wei","write","urna5456"
"410",410,410,"Liu, Qihao","read","dui7678"
"411",411,411,"Liu, Yixin","read","sem5220"
"412",412,412,"Livi, Kenneth J.T.","write","fusce7203"
"413",413,413,"Locke, Kim A.","read","aliquet7329"
"414",414,414,"Long, Andrew","read","dapibus7061"
"415",415,415,"Lonsdale, Mary C.","read","pretium1499"
"416",416,416,"Lorah, Michelle M.","read","senectus311"
"417",417,417,"Lowetz, Christopher","write","iaculis8675"
"418",418,418,"Lu, Chengchangfeng","write","fusce3108"
"419",419,419,"Lu, Hanzhang","write","fermentum9298"
"420",420,420,"Luo, Yue","write","justo5713"
"421",421,421,"Lurtz, Casey Marina","read","eu6231"
"422",422,422,"Luthra, Aman","read","nunc4396"
"423",423,423,"Ma, Zexu","read","platea4092"
"424",424,424,"MacDonald, Lauren","write","lacus2991"
"425",425,425,"Madan, Deepa","read","etiam9810"
"426",426,426,"Madhav, Manu S.","write","mi1979"
"427",427,427,"Magnuson, Thomas M.","read","molestie5684"
"428",428,428,"Mahanama, Sarith P.","write","facilisi8127"
"429",429,429,"Malecka-Grajek, Ewelina","write","ac8506"
"430",430,430,"Malinina, Alla","read","curabitur9805"
"431",431,431,"Malkin, Sairah Y.","read","ridiculus7937"
"432",432,432,"Mallalieu, Elizabeth C.","read","molestie6616"
"433",433,433,"Manohar, Swetha","read","turpis4033"
"434",434,434,"Marinho, Paula","write","duis2394"
"435",435,435,"Marley, Mark S.","read","aliquet3836"
"436",436,436,"Marlin-Bennett, Renée","write","diam3879"
"437",437,437,"Marra, Steven","write","per2067"
"438",438,438,"Marsh, Andrew","read","lobortis1017"
"439",439,439,"Marton, Tanya","read","vulputate3180"
"440",440,440,"Mathur, Deepti","write","cras6892"
"441",441,441,"Maxwell, R.M.","write","molestie978"
"442",442,442,"May, K. Patrick","read","duis6840"
"443",443,443,"Mayarambakam, Sasikumar","write","a8860"
"444",444,444,"Maïga, Abdoulaye","read","suscipit6829"
"445",445,445,"Małecka, Ewelina M.","read","fames846"
"446",446,446,"Mburu, Monicah M.","write","magnis9201"
"447",447,447,"McArthur, Benjamin","read","facilisis4455"
"448",448,448,"McArthur, Kristen","write","a159"
"449",449,449,"McCoy, Rajiv C","write","erat8039"
"450",450,450,"McDonnell, Rachael","write","sapien9223"
"451",451,451,"McGarity, Micajah Z.","write","natoque4537"
"452",452,452,"McGuiggan, Patricia","read","torquent4850"
"453",453,453,"McMeniman, Conor","read","et3885"
"454",454,454,"Mehoke, Thomas","write","proin8196"
"455",455,455,"Mejías, Rebeca","read","euismod8790"
"456",456,456,"Mekonnen, Yared","read","a5559"
"457",457,457,"Melvin, Sophia J.","read","id201"
"458",458,458,"Men, Silu","write","augue2344"
"459",459,459,"Meneveau, Charles","read","vestibulum4358"
"460",460,460,"Menuz, Karen","read","phasellus289"
"461",461,461,"Menzel, Molly E.","read","varius3085"
"462",462,462,"Merlis, Timothy M.","read","suscipit9032"
"463",463,463,"Meyers, Johan","write","auctor4334"
"464",464,464,"Michos, Erin D.","write","mollis5658"
"465",465,465,"Miller III, Edgar R.","write","porttitor385"
"466",466,466,"Miller, Jeremiah","read","felis3232"
"467",467,467,"Miller, Nathan P.","read","a9057"
"468",468,468,"Ming, Chen","write","leo7366"
"469",469,469,"Mishra, Sumita","read","tristique7724"
"470",470,470,"Mittelstadt, Jonah","write","donec2268"
"471",471,471,"Mladenova, Iliana E.","write","mauris2082"
"472",472,472,"Mleme, Tiope","read","eleifend7645"
"473",473,473,"Moats, Michelle","write","cum9483"
"474",474,474,"Mocko, David M.","write","phasellus5888"
"475",475,475,"Mohammed, Adbul M.","read","duis1996"
"476",476,476,"Moore, Joel","read","at7617"
"477",477,477,"Moran, Sarah E.","write","est4937"
"478",478,478,"Morgan, Stephen L.","read","volutpat6212"
"479",479,479,"Morley, Caroline V.","write","congue3798"
"480",480,480,"Morris, Paul","write","nam8738"
"481",481,481,"Morris, Shaina","write","nullam5464"
"482",482,482,"Moses, Julianne I.","read","porta8424"
"483",483,483,"Moss, Cynthia F","write","cum1824"
"484",484,484,"Mostafa, Heba H.","write","lobortis829"
"485",485,485,"Mould, Andrew","write","auctor2120"
"486",486,486,"Moulton, Lawrence H.","write","sagittis7616"
"487",487,487,"Moura, Matthew E.","read","vestibulum879"
"488",488,488,"Mu, Jiteng","read","aenean6835"
"489",489,489,"Mueller, Timothy","read","dictumst8660"
"490",490,490,"Mukherjee, Sudipta","read","magnis7761"
"491",491,491,"Mukhopadhyaya, Tushita","read","per4103"
"492",492,492,"Mukiibi, James","read","duis2639"
"493",493,493,"Mullany, Luke C.","read","feugiat1004"
"494",494,494,"Munos, Melinda","read","congue9637"
"495",495,495,"Munoz, Beatriz","write","tempus955"
"496",496,496,"Munthali, Spy","read","curae4441"
"497",497,497,"Murphy, Ryan","read","venenatis1343"
"498",498,498,"Murphy, Terence M.","write","odio8797"
"499",499,499,"Murugan, Arvind","read","id5844"
"500",500,500,"Muschelli, John","write","est9113"
"501",501,501,"Mwaikambo, Lisa","write","tempus2776"
"502",502,502,"Nakasolya, Olga","read","sapien1211"
"503",503,503,"Nalutaaya, Annet","write","ad5562"
"504",504,504,"Nataf, David M.","write","tincidunt7403"
"505",505,505,"Naugle, Danielle","read","cursus7677"
"506",506,506,"Navab, Nassir","write","nullam7193"
"507",507,507,"Navari, Mahdi","read","metus5163"
"508",508,508,"Ndumele, Chiadi E.","write","orci9771"
"509",509,509,"Needham, Dale M.","read","arcu6643"
"510",510,510,"Neitzel, Amanda","read","vulputate7662"
"511",511,511,"Nelson, Lyle L.","write","velit1927"
"512",512,512,"Neptune, Enid","write","nulla5165"
"513",513,513,"Nestadt, Paul","write","volutpat825"
"514",514,514,"Newgren, Matt","read","aptent2468"
"515",515,515,"Ngoy, Pascal","write","pulvinar1862"
"516",516,516,"Nie, Wanshu","write","gravida3952"
"517",517,517,"Niebur, Ernst","read","sed5720"
"518",518,518,"Nihongaki, Yuta","write","vitae9"
"519",519,519,"Ning, Xuejuan","write","dapibus7274"
"520",520,520,"Noble, Madeline","write","auctor6947"
"521",521,521,"Norton, Julie M.","read","suscipit4934"
"522",522,522,"Oakes, Allison H.","write","tincidunt7292"
"523",523,523,"Oh, Sean","read","erat3286"
"524",524,524,"Oh, Seongshik","write","cum3"
"525",525,525,"Ohkubo, Saori","write","placerat698"
"526",526,526,"Oppenheim, Ian M.","read","pretium9775"
"527",527,527,"Orthous-Daunay, François-Régis","write","aptent5152"
"528",528,528,"Osmanski, Michael S.","write","nam5388"
"529",529,529,"Otake, Yoshito","write","pretium8273"
"530",530,530,"Outeda, Patricia","write","tempus2234"
"531",531,531,"Ouyang, Pamela","write","bibendum2759"
"532",532,532,"Ozdogan, Mutlu","read","consequat6856"
"533",533,533,"O’Brien, Brett M.","write","cras4048"
"534",534,534,"O’Brien, Jackson","write","suscipit9595"
"535",535,535,"O’Meara, Katie","read","in554"
"536",536,536,"Pacella, Michael","write","leo3872"
"537",537,537,"Pakpoor, Jina","write","quis7491"
"538",538,538,"Palinkas, Cindy M.","write","nec8125"
"539",539,539,"Pally, Joel A.","write","consequat2713"
"540",540,540,"Panda, Sayak Subhra","read","nullam3883"
"541",541,541,"Park, Abigail","read","tortor2173"
"542",542,542,"Park, Lois A.","write","risus6601"
"543",543,543,"Passey, Benjamin H.","read","risus3973"
"544",544,544,"Patel, Anusha","write","est235"
"545",545,545,"Patinet, Sylvain","write","leo611"
"546",546,546,"Paulette Clancy","write","nunc9462"
"547",547,547,"Pearson, Luwei","read","nisl142"
"548",548,548,"Pekosz, Andrew","write","ultrices3056"
"549",549,549,"Pellegrini, Marta","write","tristique9811"
"550",550,550,"Pellitero, Miguel A.","read","dapibus3868"
"551",551,551,"Perin, Jamie L.","write","curae9915"
"552",552,552,"Peters-Lidard, Christa D.","read","risus9022"
"553",553,553,"Phua, Siew Cheng","read","cursus5205"
"554",554,554,"Pielage, Jan","read","sem486"
"555",555,555,"Pieterse, Lisa","write","lectus9221"
"556",556,556,"Pilgrim-Grayson, Catherine","read","vitae1686"
"557",557,557,"Plunkett, Evan","read","blandit6418"
"558",558,558,"Poonyagariyagorn, Hataya","write","semper6682"
"559",559,559,"Post, Wendy S.","write","massa4551"
"560",560,560,"Powell, Harrison","write","sapien2902"
"561",561,561,"Pradal, Marie-Aude","write","vitae6510"
"562",562,562,"Preheim, Sarah","read","eleifend1792"
"563",563,563,"Ptashnik, Sarah","write","pretium26"
"564",564,564,"Qiao, Hualin","write","ligula5028"
"565",565,565,"Qiu, Weichao","write","nibh6521"
"566",566,566,"Rabiee, Anahita","read","ad2221"
"567",567,567,"Radke, Michael J.","read","faucibus309"
"568",568,568,"Ragen, Sarah","write","euismod4609"
"569",569,569,"Raj, Piyush","read","vehicula510"
"570",570,570,"Raji, Joshua","write","ut2458"
"571",571,571,"Rand, Dannielle R.","read","leo9405"
"572",572,572,"Rankin-Turner, Stephanie","read","eros4990"
"573",573,573,"Rao, Anirudh","read","pretium2799"
"574",574,574,"Recalde, Cristina","read","libero7913"
"575",575,575,"Reggiani, Henrique","write","morbi3619"
"576",576,576,"Regué Sendrós, Oriol","read","massa2626"
"577",577,577,"Reich, Daniel H.","read","integer4309"
"578",578,578,"Reiter, Jeremy F.","read","ultrices7846"
"579",579,579,"Richardson, Molly B.","read","montes6291"
"580",580,580,"Ricotta, Emily","read","rhoncus2736"
"581",581,581,"Ringlein, Grace","write","sed9613"
"582",582,582,"Roberton, Timothy","read","habitant6650"
"583",583,583,"Roberts, Dale C.","write","fusce6537"
"584",584,584,"Robinson, Karen A.","write","ut5657"
"585",585,585,"Robsky, Katherine","read","ridiculus8421"
"586",586,586,"Roca, Jorjethe","read","tristique3534"
"587",587,587,"Rodell, Matthew","write","pharetra7960"
"588",588,588,"Rodgers, Margaret L.","read","himenaeos2411"
"589",589,589,"Roni, Muntasir","read","parturient2705"
"590",590,590,"Rothman, Richard","read","purus6915"
"591",591,591,"Rouven, Ziegler L.","write","cum3826"
"592",592,592,"Ruan, Dihui","read","turpis3630"
"593",593,593,"Russell, Thomas P.","write","sapien6521"
"594",594,594,"Sachithanandham, Jaiprasath","read","congue6025"
"595",595,595,"Sacré, Pierre","write","augue3361"
"596",596,596,"Sakowski, Eric G.","read","semper1616"
"597",597,597,"Salehi, Maryam","read","aenean7871"
"598",598,598,"Salem, Ruwaida","write","neque8597"
"599",599,599,"Sama, Denis Joel","read","ante3816"
"600",600,600,"Sampson, Aaron","read","auctor3998"
"601",601,601,"Samuels, Jack","write","id3128"
"602",602,602,"San Soucie, John","read","nam2857"
"603",603,603,"Sanchez, Ronald","write","maecenas6135"
"604",604,604,"Sangho, Hamadou","read","sem9658"
"605",605,605,"Sarma, Sridevi V.","write","cras4177"
"606",606,606,"Sarni, Samantha H.","read","hendrerit5066"
"607",607,607,"Sauer, Lauren M.","write","iaculis4733"
"608",608,608,"Savelli, Francesco","read","leo6148"
"609",609,609,"Scalise, Dominic","read","montes9151"
"610",610,610,"Schaffter, Samuel W.","write","habitasse6915"
"611",611,611,"Schickel, Maureen","write","ac4422"
"612",612,612,"Schlaufman, Kevin C.","write","ultricies2714"
"613",613,613,"Schlegel, Philipp","write","iaculis7531"
"614",614,614,"Schratz, Kristen E.","read","primis2430"
"615",615,615,"Schulman, Rebecca","read","nisl7838"
"616",616,616,"Schulze, Kerry J.","write","hendrerit2093"
"617",617,617,"Schweitzer, Michael A.","read","pellentesque389"
"618",618,618,"Scott, Anna A","write","purus2440"
"619",619,619,"Scott, Richard K.","read","dignissim1017"
"620",620,620,"Sebree, Joshua A.","write","ut1282"
"621",621,621,"Secor, Maeve","write","sapien4005"
"622",622,622,"Sefati, Shahin","read","aliquam1780"
"623",623,623,"Segal, Jodi B.","write","penatibus7377"
"624",624,624,"Seifert-Ahanda, Kim","write","nullam3740"
"625",625,625,"Selinski, Joanne","read","fermentum880"
"626",626,626,"Sen, Aditi","read","curabitur9374"
"627",627,627,"Serigano, Joseph","write","dis9879"
"628",628,628,"Seviour, William J. M.","read","euismod2047"
"629",629,629,"Seward, Gareth G. E.","write","odio8273"
"630",630,630,"Shaear, Mohammad","read","hac3349"
"631",631,631,"Shah, Sanjiv J.","read","ultricies3864"
"632",632,632,"Shaikh, Saijuddin","read","commodo8763"
"633",633,633,"Shapiro, Carl R.","write","urna596"
"634",634,634,"Shapiro, Jenna","read","iaculis6474"
"635",635,635,"Sharma, Anirudh","read","sociis1342"
"636",636,636,"Sharma, Kavita","write","per7681"
"637",637,637,"Shaver, Alexander","write","nulla9649"
"638",638,638,"Shaw, Bryan","write","interdum5560"
"639",639,639,"Shaw-Saliba, Kathryn","read","fringilla5936"
"640",640,640,"Shen, Yu-I","write","donec6574"
"641",641,641,"Shepard, Grant","read","laoreet3939"
"642",642,642,"Shi, Ruohong","write","risus2735"
"643",643,643,"Shi, Wei","write","porttitor4029"
"644",644,644,"Shilling-Scrivo, Kelson","write","accumsan5720"
"645",645,645,"Shin, Y.K.","write","massa8089"
"646",646,646,"Shrestha, Binod","write","phasellus2554"
"647",647,647,"Shuler, Marshall","write","dictumst6124"
"648",648,648,"Simane, Belay","read","dis5364"
"649",649,649,"Simubali, Limonty","write","fusce5834"
"650",650,650,"Simulundu, Edgar","read","lacus5951"
"651",651,651,"Singh, Arun L.","write","praesent3907"
"652",652,652,"Slavin, Robert","write","vitae9591"
"653",653,653,"Smith, Emily F.","write","vitae7127"
"654",654,654,"Song, Jian","read","enim6749"
"655",655,655,"Song, Yunjia","read","penatibus1601"
"656",656,656,"Sow, Fatimata","read","odio5581"
"657",657,657,"Speller, Cassidy M.","write","lectus4896"
"658",658,658,"St Clair, Laura A.","write","platea2445"
"659",659,659,"Stamper, Sarah A.","read","cras1115"
"660",660,660,"Stebe, Kathleen J.","read","nulla6611"
"661",661,661,"Steele, Kimberly E.","write","tempus3475"
"662",662,662,"Steenbergen, Charles","read","conubia4021"
"663",663,663,"Steinhardt, Laura","write","curabitur8758"
"664",664,664,"Stevenson, Jennifer C.","write","auctor4144"
"665",665,665,"Stoerkel, Sophie","read","sociosqu8871"
"666",666,666,"Stuphorn, Veit","read","euismod7490"
"667",667,667,"Subramanya, Vinita","read","viverra4952"
"668",668,668,"Sullivan, David J.","write","mi3712"
"669",669,669,"Sutton, Erin E.","write","eleifend6247"
"670",670,670,"Sverjensky, Dimitri A.","write","aliquam3591"
"671",671,671,"Swanson, Nicholas J.","read","odio9814"
"672",672,672,"Tafesse, Mengistu","write","dignissim5012"
"673",673,673,"Tam, Yvonne","read","vehicula2570"
"674",674,674,"Tanwar, Swati","write","nullam5956"
"675",675,675,"Tao, Jessica J.","write","tortor4523"
"676",676,676,"Task, Darya","write","aenean174"
"677",677,677,"Tauxe, Genevieve M.","write","euismod4056"
"678",678,678,"Taylor, André D.","read","torquent7570"
"679",679,679,"Taylor, Russell","read","facilisis955"
"680",680,680,"Teply, Melissa L.","read","aliquam888"
"681",681,681,"Thaddeus, Sereen","read","sociosqu9482"
"682",682,682,"Thang, Nguyen Nam","write","fringilla9122"
"683",683,683,"Thielen, Peter","read","venenatis4385"
"684",684,684,"Thomas, Jordan","read","etiam9790"
"685",685,685,"Thompson, Jacob","read","metus6379"
"686",686,686,"Thon, Susanna M.","read","lectus9790"
"687",687,687,"Thorne-Lyman, Andrew L.","read","pulvinar8477"
"688",688,688,"Thuma, Philip E.","read","malesuada5282"
"689",689,689,"Tibbels, Natalie","write","nascetur2414"
"690",690,690,"Tielsch, James M.","read","tempus5501"
"691",691,691,"Tiendrebeogo, Adama","write","nascetur9513"
"692",692,692,"Tiernan, Emma","read","in1679"
"693",693,693,"To, An","read","vel5832"
"694",694,694,"Tobin, Mark J.","write","fusce8313"
"695",695,695,"Toso, Michael","write","ut1441"
"696",696,696,"Tovar, John D.","write","semper5107"
"697",697,697,"Trainer, Melissa G.","read","ac6026"
"698",698,698,"Tran, Thao","read","duis5255"
"699",699,699,"Tripp, Katherine W.","write","sociosqu6227"
"700",700,700,"Truitt, Rachel","read","enim4182"
"701",701,701,"Truong, Thao T.","read","tincidunt6066"
"702",702,702,"Tsao, Joanna","write","quis4611"
"703",703,703,"Tung, Monica","write","augue5725"
"704",704,704,"Turnbull, Alison E.","write","semper1327"
"705",705,705,"Turner, Madison","read","primis7611"
"706",706,706,"Ullman, Natalie","read","urna3184"
"707",707,707,"Unberath, Mathias","write","urna4942"
"708",708,708,"Usher, Marius","write","euismod6507"
"709",709,709,"Uyanik, Ismail","read","proin5676"
"710",710,710,"Vagvolgyi, Balazs P.","read","molestie9730"
"711",711,711,"Vaidya, Dhananjay","read","luctus1636"
"712",712,712,"Valenti, Jeff A.","write","in5779"
"713",713,713,"Van Durme, Benjamin","write","venenatis5369"
"714",714,714,"Van Lith, Lynn","read","mus2425"
"715",715,715,"Van Natta, Mark L.","read","lacus4145"
"716",716,716,"Varadhan, Ravi","read","dis228"
"717",717,717,"Vasher, Scott T.","write","magnis2788"
"718",718,718,"Victora, Cesar G.","read","consequat2554"
"719",719,719,"Viete, Daniel R.","read","consequat2902"
"720",720,720,"Villsbøll, Tina","read","eu6862"
"721",721,721,"Vincent, Philippe F.Y.","read","nullam4009"
"722",722,722,"Vo, Elaine","write","libero682"
"723",723,723,"Vuitton, Véronique","read","ligula6848"
"724",724,724,"Vulpe, Alina","read","quis3264"
"725",725,725,"Vyas, Siddhant","read","id580"
"726",726,726,"Wadhawan, Amar R.","read","nunc3677"
"727",727,727,"Wagner, Justine","read","rhoncus7403"
"728",728,728,"Walston, Jeremy","read","litora7770"
"729",729,729,"Wang, Feifei","write","nec3331"
"730",730,730,"Wang, Geoffrey, M.","read","porttitor6196"
"731",731,731,"Wang, Mengdi","write","cras4028"
"732",732,732,"Wang, Mingxuan","write","parturient7493"
"733",733,733,"Wang, Shugong","write","nisl2024"
"734",734,734,"Wang, Suwei","read","augue9741"
"735",735,735,"Wang, Xiaoqin","write","nam9274"
"736",736,736,"Watnick, Terry","write","condimentum8195"
"737",737,737,"Waugh, Darryn W.","write","mauris1955"
"738",738,738,"Weerasinghe, Anna","write","sapien5364"
"739",739,739,"Wei, Zhiliang","write","commodo3785"
"740",740,740,"Weingartner, Kyler A.","write","auctor8683"
"741",741,741,"Welling, Paul A.","write","eget1352"
"742",742,742,"West Jr., Keith P.","write","nulla9141"
"743",743,743,"West, Sheila","read","vehicula2382"
"744",744,744,"Westbrook, Reyhan","write","sed3688"
"745",745,745,"Westerbeck, Jason","write","commodo2173"
"746",746,746,"White, Elise N.","read","est5520"
"747",747,747,"Wilkerson, Nicholas","write","mollis4041"
"748",748,748,"Williams, Michael T.","read","ornare6729"
"749",749,749,"Williford, Jonathan R.","read","himenaeos2384"
"750",750,750,"Wilson, Emily","write","quis6734"
"751",751,751,"Wilson, Lisa M.","read","in6595"
"752",752,752,"Wilusz, D.C.","write","rhoncus615"
"753",753,753,"Witcoff, Alison","write","tristique72"
"754",754,754,"Wohlgemuth, Melville J","write","ante5590"
"755",755,755,"Wolf, Risa M.","write","sem1668"
"756",756,756,"Wolfe, Travis","read","vestibulum5129"
"757",757,757,"Wolters, Cédric","write","convallis9757"
"758",758,758,"Wondmagegn, Wudyalew","read","laoreet5681"
"759",759,759,"Wong, G. William","write","sociis5573"
"760",760,760,"Woodson, Sarah A.","read","vitae6699"
"761",761,761,"Woodward, Owen M.","read","mattis5104"
"762",762,762,"Wouters, Camille","read","fermentum3659"
"763",763,763,"Wright, Kelly","write","accumsan2298"
"764",764,764,"Wrzesien, Melissa L.","write","nulla2097"
"765",765,765,"Wu, Jinling","write","elementum8109"
"766",766,766,"Wu, Lee S.-F.","write","nibh6029"
"767",767,767,"Wu, Liang","read","tempus9614"
"768",768,768,"Wu, Yao","write","lacus6358"
"769",769,769,"Wyngaard, Aurelien","write","curae2910"
"770",770,770,"Wysocki, Vicki H.","read","penatibus6709"
"771",771,771,"Xia, Meng","write","inceptos7822"
"772",772,772,"Xie, Tian","read","potenti7881"
"773",773,773,"Xu, Jiadi","write","dictum4514"
"774",774,774,"Yang, Chun-Ting","write","sodales6829"
"775",775,775,"Yang, Huang","read","consequat6484"
"776",776,776,"Yared, Dominic G.","read","himenaeos9211"
"777",777,777,"Yee, Derek","write","ac6739"
"778",778,778,"Yee, Jane","write","curabitur2772"
"779",779,779,"Yee, Rebecca","read","primis1468"
"780",780,780,"Yeh, Alexander J.","write","semper2102"
"781",781,781,"Yelle, Roger V.","read","fusce6437"
"782",782,782,"Yin, Anna","read","magna9356"
"783",783,783,"Ying, Wendy","read","aptent9627"
"784",784,784,"Yu, Junsheng","write","placerat5312"
"785",785,785,"Yu, Xinting","write","mus1521"
"786",786,786,"Yuan, Xiaoding","read","interdum3514"
"787",787,787,"Yuille, Alan L.","write","mauris8163"
"788",788,788,"Zaeh, Sandra E.","write","enim1496"
"789",789,789,"Zaitchik, Ben","read","sapien8690"
"790",790,790,"Zamora, Ryan A.","read","mi1893"
"791",791,791,"Zapata-Mercado, Elmer","write","nisl4201"
"792",792,792,"Zha, Yuanting","write","taciti2592"
"793",793,793,"Zhang, Hao","write","et9484"
"794",794,794,"Zhang, Qingyang","write","ac3978"
"795",795,795,"Zhang, Yue","read","dignissim1123"
"796",796,796,"Zhao, Di","read","bibendum7368"
"797",797,797,"Zhao, Xingang","write","vivamus9710"
"798",798,798,"Zhong, Zhizhi","read","senectus2015"
"799",799,799,"Zhou, Jiawang","read","tellus3324"
"800",800,800,"Zhou, Yifan","write","netus418"
"801",801,801,"Zhou, Zongwei","read","eleifend9051"
"802",802,802,"Zhuang, Tengteng","write","cursus9591"
"803",803,803,"Zimmet, Amanda M.","read","sapien8719"
"804",804,804,"deFilippi, Christopher R.","read","phasellus8175"
"805",805,805,"van Boetzelaer, Elburg W","read","et2297"
"806",806,806,"von der Heydt, Rüdiger","write","porttitor5889"
"807",807,NA,"Euismod","read","mi26"
"808",808,NA,"Iaculis","read","integer2364"
"809",809,NA,"Tellus","write","nunc6438"
"810",810,NA,"Lacus","read","pulvinar6420"
"811",811,NA,"Sociis","read","cras9815"
"812",812,NA,"Porta","write","turpis8891"
"813",813,NA,"Euismod","read","elementum7470"
"814",814,NA,"Primis","read","scelerisque1308"
"815",815,NA,"Etiam","read","laoreet8816"
"816",816,NA,"Cubilia","read","iaculis9941"
"817",817,NA,"Interdum","write","maecenas7246"
"818",818,NA,"Nec","write","hac2515"
"819",819,NA,"Mauris","read","ridiculus5882"
"820",820,NA,"Ut","read","nullam5968"
"821",821,NA,"Nunc","read","vestibulum46"
"822",822,NA,"Consequat","write","morbi4977"
"823",823,NA,"Tempor","read","interdum2490"
"824",824,NA,"Parturient","write","blandit2369"
"825",825,NA,"Odio","write","himenaeos2474"
"826",826,NA,"Purus","write","risus1007"
"827",827,NA,"Elementum","read","faucibus2411"
"828",828,NA,"Mauris","read","dictum772"
"829",829,NA,"Curae","write","morbi7860"
"830",830,NA,"Urna","write","ligula5032"
"831",831,NA,"Nullam","read","pharetra2434"
"832",832,NA,"Aenean","read","magnis4385"
"833",833,NA,"Ultrices","write","nulla5305"
"834",834,NA,"Molestie","read","bibendum6428"
"835",835,NA,"Nisi","read","velit1113"
"836",836,NA,"Accumsan","write","porta2767"
"837",837,NA,"Fusce","write","erat4725"
"838",838,NA,"Enim","read","justo8461"
"839",839,NA,"Cubilia","write","fusce1343"
"840",840,NA,"Tortor","read","eros8573"
"841",841,NA,"Erat","read","vestibulum6990"
"842",842,NA,"Sem","read","pulvinar6562"
"843",843,NA,"Suscipit","write","mi2912"
"844",844,NA,"Fusce","write","imperdiet6381"
"845",845,NA,"Ridiculus","write","cubilia7856"
"846",846,NA,"Dui","write","blandit8245"
"847",847,NA,"In","read","nisl4020"
"848",848,NA,"Sociis","write","risus185"
"849",849,NA,"Nullam","write","fames3748"
"850",850,NA,"Molestie","write","dis3797"
"851",851,NA,"Ad","read","integer343"
"852",852,NA,"Natoque","write","cum5828"
"853",853,NA,"Tempor","read","tempus563"
"854",854,NA,"Parturient","write","suspendisse8613"
"855",855,NA,"Aliquam","read","sodales8356"
"856",856,NA,"Quisque","read","risus3162"
"857",857,NA,"Pulvinar","read","at5505"
"858",858,NA,"Penatibus","read","hendrerit9897"
"859",859,NA,"Accumsan","write","mollis6969"
"860",860,NA,"Pharetra","write","fermentum8600"
"861",861,NA,"Sollicitudin","write","imperdiet8721"
"862",862,NA,"Ac","write","dictumst2070"
"863",863,NA,"Netus","write","aptent3640"
"864",864,NA,"Rutrum","read","nisl1154"
"865",865,NA,"Eleifend","write","sagittis2208"
"866",866,NA,"Aenean","read","ultrices847"
"867",867,NA,"Dignissim","read","tincidunt8125"
"868",868,NA,"Nibh","read","suspendisse5022"
"869",869,NA,"Nullam","read","justo3492"
"870",870,NA,"Lacinia","write","purus680"
"871",871,NA,"Torquent","write","lobortis8531"
"872",872,NA,"Lectus","write","sem6441"
"873",873,NA,"Aptent","read","eu2302"
"874",874,NA,"Donec","read","gravida6329"
"875",875,NA,"Class","read","est9602"
"876",876,NA,"Neque","read","auctor4160"
"877",877,NA,"Inceptos","read","volutpat5323"
"878",878,NA,"Pharetra","write","egestas1654"
"879",879,NA,"Pulvinar","read","commodo2040"
"880",880,NA,"Luctus","write","mi442"
"881",881,NA,"Taciti","read","eu2442"
"882",882,NA,"Ornare","write","purus9573"
"883",883,NA,"Sociis","read","dictumst1170"
"884",884,NA,"Inceptos","read","vehicula5709"
"885",885,NA,"Nunc","write","hendrerit1876"
"886",886,NA,"Nisi","write","ac4787"
"887",887,NA,"Eleifend","read","aliquet435"
"888",888,NA,"Sollicitudin","read","libero8952"
"889",889,NA,"Fringilla","write","pretium858"
"890",890,NA,"Nec","read","cum8778"
"891",891,NA,"Enim","read","nullam2135"
"892",892,NA,"Sociis","write","hendrerit9454"
"893",893,NA,"Mi","write","gravida4893"
"894",894,NA,"Augue","write","justo909"
"895",895,NA,"Felis","write","sociis5697"
"896",896,NA,"Maecenas","read","rhoncus7243"
"897",897,NA,"Dictumst","write","consequat7677"
"898",898,NA,"Habitant","write","arcu6139"
"899",899,NA,"Dapibus","write","maecenas7310"
"900",900,NA,"Lobortis","read","turpis5336"
"901",901,NA,"Nulla","read","penatibus1323"
"902",902,NA,"Platea","write","etiam2725"
"903",903,NA,"Magnis","read","dictum308"
"904",904,NA,"Praesent","read","luctus3805"
"905",905,NA,"Vestibulum","read","cursus8472"
"906",906,NA,"Orci","write","volutpat6673"
"907",907,NA,"Justo","read","habitasse6619"
"908",908,NA,"Dapibus","write","volutpat2344"
"909",909,NA,"Varius","read","enim9594"
"910",910,NA,"A","write","mollis4280"
"911",911,NA,"Scelerisque","write","magnis4552"
"912",912,NA,"Quis","read","netus798"
"913",913,NA,"Fermentum","read","varius2480"
"914",914,NA,"Semper","write","rhoncus9106"
"915",915,NA,"Erat","read","in3558"
"916",916,NA,"Enim","write","faucibus7478"
"917",917,NA,"Enim","read","dignissim839"
"918",918,NA,"Nam","read","curabitur1244"
"919",919,NA,"Torquent","write","imperdiet671"
"920",920,NA,"Cum","write","dapibus8432"
"921",921,NA,"Pellentesque","write","mus2454"
"922",922,NA,"Dictumst","write","ultrices2100"
"923",923,NA,"Lobortis","read","tellus3115"
"924",924,NA,"Bibendum","write","quam5116"
"925",925,NA,"Odio","read","gravida5537"
"926",926,NA,"Aliquam","write","potenti1987"
"927",927,NA,"Volutpat","read","faucibus286"
"928",928,NA,"Erat","read","id624"
"929",929,NA,"Ut","write","eros9476"
"930",930,NA,"Ornare","write","pharetra7798"
"931",931,NA,"Ornare","write","orci5316"
"932",932,NA,"Dictum","write","vitae1156"
"933",933,NA,"Ultrices","write","rutrum421"
"934",934,NA,"Montes","read","tincidunt3214"
"935",935,NA,"Aliquam","write","pellentesque4852"
"936",936,NA,"Egestas","read","cubilia5091"
"937",937,NA,"Morbi","read","himenaeos6615"
"938",938,NA,"Aliquam","read","sagittis1801"
"939",939,NA,"Magna","write","interdum6231"
"940",940,NA,"Blandit","write","donec9415"
"941",941,NA,"Dis","write","convallis6550"
"942",942,NA,"Venenatis","write","habitasse5691"
"943",943,NA,"Auctor","write","tellus3030"
"944",944,NA,"Primis","read","aliquet7074"
"945",945,NA,"Tempor","write","sociosqu8231"
"946",946,NA,"Elementum","write","facilisis9190"
"947",947,NA,"Id","read","cras1014"
"948",948,NA,"Feugiat","write","iaculis7028"
"949",949,NA,"Taciti","write","fames4178"
"950",950,NA,"Nascetur","read","condimentum6206"
"951",951,NA,"Cum","read","nascetur3793"
"952",952,NA,"Molestie","write","turpis4509"
"953",953,NA,"Nostra","read","proin8331"
"954",954,NA,"Habitasse","read","ultricies5168"
"955",955,NA,"Bibendum","write","mi9286"
"956",956,NA,"Ultrices","write","ad9345"
"957",957,NA,"Posuere","write","torquent6507"
"958",958,NA,"Morbi","read","dapibus5484"
"959",959,NA,"Dictumst","read","ad2006"
"960",960,NA,"Tempus","write","aliquam323"
"961",961,NA,"Rutrum","read","dis340"
"962",962,NA,"Cursus","write","cubilia2275"
"963",963,NA,"Pharetra","write","tortor2768"
"964",964,NA,"Duis","read","orci6739"
"965",965,NA,"Rutrum","write","dui8506"
"966",966,NA,"Ornare","write","ornare2770"
"967",967,NA,"Aenean","write","sed5282"
"968",968,NA,"Donec","write","augue9900"
"969",969,NA,"Libero","read","inceptos6290"
"970",970,NA,"Bibendum","write","erat1963"
"971",971,NA,"Tincidunt","write","elementum2195"
"972",972,NA,"Porta","read","tempus1341"
"973",973,NA,"Nam","write","sollicitudin5184"
"974",974,NA,"Pretium","read","vitae2086"
"975",975,NA,"Dictum","read","quam9466"
"976",976,NA,"Erat","write","posuere9453"
"977",977,NA,"Lobortis","write","ac3858"
"978",978,NA,"Curae","read","pharetra3846"
"979",979,NA,"Diam","write","sodales6884"
"980",980,NA,"Nec","write","vulputate673"
"981",981,NA,"Laoreet","read","euismod3386"
"982",982,NA,"Senectus","write","sociis7757"
"983",983,NA,"Hac","read","cubilia3205"
"984",984,NA,"Augue","read","nascetur797"
"985",985,NA,"Praesent","read","natoque62"
"986",986,NA,"Posuere","read","tempus7884"
"987",987,NA,"Hendrerit","write","elementum9111"
"988",988,NA,"Euismod","read","nunc591"
"989",989,NA,"Habitasse","write","et154"
"990",990,NA,"Penatibus","write","ac8050"
"991",991,NA,"A","read","dapibus4125"
"992",992,NA,"Senectus","write","penatibus4108"
"993",993,NA,"Ullamcorper","write","nam8090"
"994",994,NA,"Cursus","read","cras3602"
"995",995,NA,"Ac","write","sapien2107"
"996",996,NA,"Tristique","read","vivamus6771"
"997",997,NA,"Ridiculus","write","curabitur2472"
"998",998,NA,"Pretium","read","tincidunt7743"
"999",999,NA,"Accumsan","write","porttitor2304"
"1000",1000,NA,"Augue","read","dignissim5332"
