"","u_ID","email"
"1",1,"euismod@email.com"
"2",2,"iaculis@email.com"
"3",3,"tellus@email.com"
"4",4,"lacus@email.com"
"5",5,"sociis@email.com"
"6",6,"porta@email.com"
"7",7,"euismod@email.com"
"8",8,"primis@email.com"
"9",9,"etiam@email.com"
"10",10,"cubilia@email.com"
"11",11,"interdum@email.com"
"12",12,"nec@email.com"
"13",13,"mauris@email.com"
"14",14,"ut@email.com"
"15",15,"nunc@email.com"
"16",16,"consequat@email.com"
"17",17,"tempor@email.com"
"18",18,"parturient@email.com"
"19",19,"odio@email.com"
"20",20,"purus@email.com"
"21",21,"elementum@email.com"
"22",22,"mauris@email.com"
"23",23,"curae@email.com"
"24",24,"urna@email.com"
"25",25,"nullam@email.com"
"26",26,"aenean@email.com"
"27",27,"ultrices@email.com"
"28",28,"molestie@email.com"
"29",29,"nisi@email.com"
"30",30,"accumsan@email.com"
"31",31,"fusce@email.com"
"32",32,"enim@email.com"
"33",33,"cubilia@email.com"
"34",34,"tortor@email.com"
"35",35,"erat@email.com"
"36",36,"sem@email.com"
"37",37,"suscipit@email.com"
"38",38,"fusce@email.com"
"39",39,"ridiculus@email.com"
"40",40,"dui@email.com"
"41",41,"in@email.com"
"42",42,"sociis@email.com"
"43",43,"nullam@email.com"
"44",44,"molestie@email.com"
"45",45,"ad@email.com"
"46",46,"natoque@email.com"
"47",47,"tempor@email.com"
"48",48,"parturient@email.com"
"49",49,"aliquam@email.com"
"50",50,"quisque@email.com"
"51",51,"pulvinar@email.com"
"52",52,"penatibus@email.com"
"53",53,"accumsan@email.com"
"54",54,"pharetra@email.com"
"55",55,"sollicitudin@email.com"
"56",56,"ac@email.com"
"57",57,"netus@email.com"
"58",58,"rutrum@email.com"
"59",59,"eleifend@email.com"
"60",60,"aenean@email.com"
"61",61,"dignissim@email.com"
"62",62,"nibh@email.com"
"63",63,"nullam@email.com"
"64",64,"lacinia@email.com"
"65",65,"torquent@email.com"
"66",66,"lectus@email.com"
"67",67,"aptent@email.com"
"68",68,"donec@email.com"
"69",69,"class@email.com"
"70",70,"neque@email.com"
"71",71,"inceptos@email.com"
"72",72,"pharetra@email.com"
"73",73,"pulvinar@email.com"
"74",74,"luctus@email.com"
"75",75,"taciti@email.com"
"76",76,"ornare@email.com"
"77",77,"sociis@email.com"
"78",78,"inceptos@email.com"
"79",79,"nunc@email.com"
"80",80,"nisi@email.com"
"81",81,"eleifend@email.com"
"82",82,"sollicitudin@email.com"
"83",83,"fringilla@email.com"
"84",84,"nec@email.com"
"85",85,"enim@email.com"
"86",86,"sociis@email.com"
"87",87,"mi@email.com"
"88",88,"augue@email.com"
"89",89,"felis@email.com"
"90",90,"maecenas@email.com"
"91",91,"dictumst@email.com"
"92",92,"habitant@email.com"
"93",93,"dapibus@email.com"
"94",94,"lobortis@email.com"
"95",95,"nulla@email.com"
"96",96,"platea@email.com"
"97",97,"magnis@email.com"
"98",98,"praesent@email.com"
"99",99,"vestibulum@email.com"
"100",100,"orci@email.com"
"101",101,"justo@email.com"
"102",102,"dapibus@email.com"
"103",103,"varius@email.com"
"104",104,"a@email.com"
"105",105,"scelerisque@email.com"
"106",106,"quis@email.com"
"107",107,"fermentum@email.com"
"108",108,"semper@email.com"
"109",109,"erat@email.com"
"110",110,"enim@email.com"
"111",111,"enim@email.com"
"112",112,"nam@email.com"
"113",113,"torquent@email.com"
"114",114,"cum@email.com"
"115",115,"pellentesque@email.com"
"116",116,"dictumst@email.com"
"117",117,"lobortis@email.com"
"118",118,"bibendum@email.com"
"119",119,"odio@email.com"
"120",120,"aliquam@email.com"
"121",121,"volutpat@email.com"
"122",122,"erat@email.com"
"123",123,"ut@email.com"
"124",124,"ornare@email.com"
"125",125,"ornare@email.com"
"126",126,"dictum@email.com"
"127",127,"ultrices@email.com"
"128",128,"montes@email.com"
"129",129,"aliquam@email.com"
"130",130,"egestas@email.com"
"131",131,"morbi@email.com"
"132",132,"aliquam@email.com"
"133",133,"magna@email.com"
"134",134,"blandit@email.com"
"135",135,"dis@email.com"
"136",136,"venenatis@email.com"
"137",137,"auctor@email.com"
"138",138,"primis@email.com"
"139",139,"tempor@email.com"
"140",140,"elementum@email.com"
"141",141,"id@email.com"
"142",142,"feugiat@email.com"
"143",143,"taciti@email.com"
"144",144,"nascetur@email.com"
"145",145,"cum@email.com"
"146",146,"molestie@email.com"
"147",147,"nostra@email.com"
"148",148,"habitasse@email.com"
"149",149,"bibendum@email.com"
"150",150,"ultrices@email.com"
"151",151,"posuere@email.com"
"152",152,"morbi@email.com"
"153",153,"dictumst@email.com"
"154",154,"tempus@email.com"
"155",155,"rutrum@email.com"
"156",156,"cursus@email.com"
"157",157,"pharetra@email.com"
"158",158,"duis@email.com"
"159",159,"rutrum@email.com"
"160",160,"ornare@email.com"
"161",161,"aenean@email.com"
"162",162,"donec@email.com"
"163",163,"libero@email.com"
"164",164,"bibendum@email.com"
"165",165,"tincidunt@email.com"
"166",166,"porta@email.com"
"167",167,"nam@email.com"
"168",168,"pretium@email.com"
"169",169,"dictum@email.com"
"170",170,"erat@email.com"
"171",171,"lobortis@email.com"
"172",172,"curae@email.com"
"173",173,"diam@email.com"
"174",174,"nec@email.com"
"175",175,"laoreet@email.com"
"176",176,"senectus@email.com"
"177",177,"hac@email.com"
"178",178,"augue@email.com"
"179",179,"praesent@email.com"
"180",180,"posuere@email.com"
"181",181,"hendrerit@email.com"
"182",182,"euismod@email.com"
"183",183,"habitasse@email.com"
"184",184,"penatibus@email.com"
"185",185,"a@email.com"
"186",186,"senectus@email.com"
"187",187,"ullamcorper@email.com"
"188",188,"cursus@email.com"
"189",189,"ac@email.com"
"190",190,"tristique@email.com"
"191",191,"ridiculus@email.com"
"192",192,"pretium@email.com"
"193",193,"accumsan@email.com"
"194",194,"augue@email.com"
"195",195,"auctor@email.com"
"196",196,"tortor@email.com"
"197",197,"facilisis@email.com"
"198",198,"morbi@email.com"
"199",199,"ut@email.com"
"200",200,"etiam@email.com"
"201",201,"feugiat@email.com"
"202",202,"semper@email.com"
"203",203,"arcu@email.com"
"204",204,"tellus@email.com"
"205",205,"accumsan@email.com"
"206",206,"luctus@email.com"
"207",207,"cursus@email.com"
"208",208,"mollis@email.com"
"209",209,"fringilla@email.com"
"210",210,"magna@email.com"
"211",211,"pharetra@email.com"
"212",212,"habitasse@email.com"
"213",213,"netus@email.com"
"214",214,"vestibulum@email.com"
"215",215,"suscipit@email.com"
"216",216,"tempor@email.com"
"217",217,"felis@email.com"
"218",218,"fermentum@email.com"
"219",219,"felis@email.com"
"220",220,"fusce@email.com"
"221",221,"vivamus@email.com"
"222",222,"ut@email.com"
"223",223,"erat@email.com"
"224",224,"magnis@email.com"
"225",225,"ultrices@email.com"
"226",226,"tellus@email.com"
"227",227,"netus@email.com"
"228",228,"sed@email.com"
"229",229,"euismod@email.com"
"230",230,"sagittis@email.com"
"231",231,"tincidunt@email.com"
"232",232,"condimentum@email.com"
"233",233,"fermentum@email.com"
"234",234,"venenatis@email.com"
"235",235,"dui@email.com"
"236",236,"sodales@email.com"
"237",237,"interdum@email.com"
"238",238,"ornare@email.com"
"239",239,"curae@email.com"
"240",240,"montes@email.com"
"241",241,"quis@email.com"
"242",242,"malesuada@email.com"
"243",243,"sodales@email.com"
"244",244,"parturient@email.com"
"245",245,"velit@email.com"
"246",246,"sagittis@email.com"
"247",247,"egestas@email.com"
"248",248,"non@email.com"
"249",249,"pretium@email.com"
"250",250,"suspendisse@email.com"
"251",251,"metus@email.com"
"252",252,"pellentesque@email.com"
"253",253,"nisl@email.com"
"254",254,"at@email.com"
"255",255,"sociosqu@email.com"
"256",256,"dui@email.com"
"257",257,"venenatis@email.com"
"258",258,"gravida@email.com"
"259",259,"ornare@email.com"
"260",260,"diam@email.com"
"261",261,"nulla@email.com"
"262",262,"sollicitudin@email.com"
"263",263,"etiam@email.com"
"264",264,"nisl@email.com"
"265",265,"mattis@email.com"
"266",266,"parturient@email.com"
"267",267,"rhoncus@email.com"
"268",268,"sed@email.com"
"269",269,"auctor@email.com"
"270",270,"facilisis@email.com"
"271",271,"arcu@email.com"
"272",272,"platea@email.com"
"273",273,"mauris@email.com"
"274",274,"duis@email.com"
"275",275,"ultricies@email.com"
"276",276,"ultrices@email.com"
"277",277,"curae@email.com"
"278",278,"et@email.com"
"279",279,"dictum@email.com"
"280",280,"mi@email.com"
"281",281,"nec@email.com"
"282",282,"placerat@email.com"
"283",283,"faucibus@email.com"
"284",284,"cubilia@email.com"
"285",285,"varius@email.com"
"286",286,"sodales@email.com"
"287",287,"porttitor@email.com"
"288",288,"molestie@email.com"
"289",289,"dignissim@email.com"
"290",290,"mollis@email.com"
"291",291,"dui@email.com"
"292",292,"est@email.com"
"293",293,"mus@email.com"
"294",294,"netus@email.com"
"295",295,"suscipit@email.com"
"296",296,"vitae@email.com"
"297",297,"rhoncus@email.com"
"298",298,"nulla@email.com"
"299",299,"aenean@email.com"
"300",300,"tristique@email.com"
"301",301,"turpis@email.com"
"302",302,"vehicula@email.com"
"303",303,"scelerisque@email.com"
"304",304,"porta@email.com"
"305",305,"diam@email.com"
"306",306,"felis@email.com"
"307",307,"ac@email.com"
"308",308,"cursus@email.com"
"309",309,"purus@email.com"
"310",310,"ullamcorper@email.com"
"311",311,"odio@email.com"
"312",312,"aptent@email.com"
"313",313,"felis@email.com"
"314",314,"rutrum@email.com"
"315",315,"pellentesque@email.com"
"316",316,"luctus@email.com"
"317",317,"tellus@email.com"
"318",318,"nulla@email.com"
"319",319,"lacinia@email.com"
"320",320,"sociosqu@email.com"
"321",321,"ligula@email.com"
"322",322,"et@email.com"
"323",323,"purus@email.com"
"324",324,"suscipit@email.com"
"325",325,"habitasse@email.com"
"326",326,"consequat@email.com"
"327",327,"venenatis@email.com"
"328",328,"nascetur@email.com"
"329",329,"commodo@email.com"
"330",330,"luctus@email.com"
"331",331,"viverra@email.com"
"332",332,"commodo@email.com"
"333",333,"montes@email.com"
"334",334,"lacus@email.com"
"335",335,"ut@email.com"
"336",336,"vivamus@email.com"
"337",337,"lacus@email.com"
"338",338,"eu@email.com"
"339",339,"ultrices@email.com"
"340",340,"in@email.com"
"341",341,"metus@email.com"
"342",342,"habitasse@email.com"
"343",343,"ullamcorper@email.com"
"344",344,"nunc@email.com"
"345",345,"penatibus@email.com"
"346",346,"nulla@email.com"
"347",347,"sociosqu@email.com"
"348",348,"integer@email.com"
"349",349,"mauris@email.com"
"350",350,"diam@email.com"
"351",351,"non@email.com"
"352",352,"nibh@email.com"
"353",353,"mauris@email.com"
"354",354,"ac@email.com"
"355",355,"varius@email.com"
"356",356,"risus@email.com"
"357",357,"laoreet@email.com"
"358",358,"quisque@email.com"
"359",359,"dictum@email.com"
"360",360,"sed@email.com"
"361",361,"etiam@email.com"
"362",362,"velit@email.com"
"363",363,"rutrum@email.com"
"364",364,"euismod@email.com"
"365",365,"convallis@email.com"
"366",366,"a@email.com"
"367",367,"platea@email.com"
"368",368,"quam@email.com"
"369",369,"imperdiet@email.com"
"370",370,"faucibus@email.com"
"371",371,"varius@email.com"
"372",372,"potenti@email.com"
"373",373,"gravida@email.com"
"374",374,"inceptos@email.com"
"375",375,"venenatis@email.com"
"376",376,"sodales@email.com"
"377",377,"ultrices@email.com"
"378",378,"massa@email.com"
"379",379,"fringilla@email.com"
"380",380,"sodales@email.com"
"381",381,"risus@email.com"
"382",382,"curae@email.com"
"383",383,"viverra@email.com"
"384",384,"viverra@email.com"
"385",385,"accumsan@email.com"
"386",386,"morbi@email.com"
"387",387,"sociis@email.com"
"388",388,"rutrum@email.com"
"389",389,"vel@email.com"
"390",390,"magna@email.com"
"391",391,"faucibus@email.com"
"392",392,"neque@email.com"
"393",393,"torquent@email.com"
"394",394,"risus@email.com"
"395",395,"vel@email.com"
"396",396,"massa@email.com"
"397",397,"lectus@email.com"
"398",398,"nunc@email.com"
"399",399,"phasellus@email.com"
"400",400,"nostra@email.com"
"401",401,"felis@email.com"
"402",402,"fringilla@email.com"
"403",403,"curae@email.com"
"404",404,"litora@email.com"
"405",405,"nunc@email.com"
"406",406,"tincidunt@email.com"
"407",407,"blandit@email.com"
"408",408,"netus@email.com"
"409",409,"cras@email.com"
"410",410,"habitasse@email.com"
"411",411,"maecenas@email.com"
"412",412,"arcu@email.com"
"413",413,"scelerisque@email.com"
"414",414,"hac@email.com"
"415",415,"netus@email.com"
"416",416,"a@email.com"
"417",417,"at@email.com"
"418",418,"nullam@email.com"
"419",419,"curabitur@email.com"
"420",420,"lacus@email.com"
"421",421,"porttitor@email.com"
"422",422,"ligula@email.com"
"423",423,"lobortis@email.com"
"424",424,"odio@email.com"
"425",425,"ridiculus@email.com"
"426",426,"nec@email.com"
"427",427,"mi@email.com"
"428",428,"cum@email.com"
"429",429,"cubilia@email.com"
"430",430,"litora@email.com"
"431",431,"nulla@email.com"
"432",432,"class@email.com"
"433",433,"accumsan@email.com"
"434",434,"feugiat@email.com"
"435",435,"sollicitudin@email.com"
"436",436,"arcu@email.com"
"437",437,"magnis@email.com"
"438",438,"rhoncus@email.com"
"439",439,"sociosqu@email.com"
"440",440,"torquent@email.com"
"441",441,"est@email.com"
"442",442,"venenatis@email.com"
"443",443,"phasellus@email.com"
"444",444,"viverra@email.com"
"445",445,"taciti@email.com"
"446",446,"mollis@email.com"
"447",447,"tortor@email.com"
"448",448,"nostra@email.com"
"449",449,"vivamus@email.com"
"450",450,"enim@email.com"
"451",451,"nascetur@email.com"
"452",452,"vehicula@email.com"
"453",453,"fames@email.com"
"454",454,"faucibus@email.com"
"455",455,"vestibulum@email.com"
"456",456,"vestibulum@email.com"
"457",457,"curabitur@email.com"
"458",458,"nam@email.com"
"459",459,"per@email.com"
"460",460,"quisque@email.com"
"461",461,"fusce@email.com"
"462",462,"cras@email.com"
"463",463,"venenatis@email.com"
"464",464,"velit@email.com"
"465",465,"vivamus@email.com"
"466",466,"magnis@email.com"
"467",467,"dignissim@email.com"
"468",468,"sagittis@email.com"
"469",469,"nisi@email.com"
"470",470,"vivamus@email.com"
"471",471,"sed@email.com"
"472",472,"pulvinar@email.com"
"473",473,"est@email.com"
"474",474,"praesent@email.com"
"475",475,"donec@email.com"
"476",476,"tincidunt@email.com"
"477",477,"est@email.com"
"478",478,"semper@email.com"
"479",479,"vivamus@email.com"
"480",480,"ridiculus@email.com"
"481",481,"netus@email.com"
"482",482,"netus@email.com"
"483",483,"porta@email.com"
"484",484,"morbi@email.com"
"485",485,"ut@email.com"
"486",486,"arcu@email.com"
"487",487,"porttitor@email.com"
"488",488,"laoreet@email.com"
"489",489,"suspendisse@email.com"
"490",490,"ullamcorper@email.com"
"491",491,"blandit@email.com"
"492",492,"in@email.com"
"493",493,"habitant@email.com"
"494",494,"nibh@email.com"
"495",495,"rutrum@email.com"
"496",496,"natoque@email.com"
"497",497,"vivamus@email.com"
"498",498,"magna@email.com"
"499",499,"placerat@email.com"
"500",500,"vulputate@email.com"
"501",501,"euismod@email.com"
"502",502,"iaculis@email.com"
"503",503,"tellus@email.com"
"504",504,"lacus@email.com"
"505",505,"sociis@email.com"
"506",506,"porta@email.com"
"507",507,"euismod@email.com"
"508",508,"primis@email.com"
"509",509,"etiam@email.com"
"510",510,"cubilia@email.com"
"511",511,"interdum@email.com"
"512",512,"nec@email.com"
"513",513,"mauris@email.com"
"514",514,"ut@email.com"
"515",515,"nunc@email.com"
"516",516,"consequat@email.com"
"517",517,"tempor@email.com"
"518",518,"parturient@email.com"
"519",519,"odio@email.com"
"520",520,"purus@email.com"
"521",521,"elementum@email.com"
"522",522,"mauris@email.com"
"523",523,"curae@email.com"
"524",524,"urna@email.com"
"525",525,"nullam@email.com"
"526",526,"aenean@email.com"
"527",527,"ultrices@email.com"
"528",528,"molestie@email.com"
"529",529,"nisi@email.com"
"530",530,"accumsan@email.com"
"531",531,"fusce@email.com"
"532",532,"enim@email.com"
"533",533,"cubilia@email.com"
"534",534,"tortor@email.com"
"535",535,"erat@email.com"
"536",536,"sem@email.com"
"537",537,"suscipit@email.com"
"538",538,"fusce@email.com"
"539",539,"ridiculus@email.com"
"540",540,"dui@email.com"
"541",541,"in@email.com"
"542",542,"sociis@email.com"
"543",543,"nullam@email.com"
"544",544,"molestie@email.com"
"545",545,"ad@email.com"
"546",546,"natoque@email.com"
"547",547,"tempor@email.com"
"548",548,"parturient@email.com"
"549",549,"aliquam@email.com"
"550",550,"quisque@email.com"
"551",551,"pulvinar@email.com"
"552",552,"penatibus@email.com"
"553",553,"accumsan@email.com"
"554",554,"pharetra@email.com"
"555",555,"sollicitudin@email.com"
"556",556,"ac@email.com"
"557",557,"netus@email.com"
"558",558,"rutrum@email.com"
"559",559,"eleifend@email.com"
"560",560,"aenean@email.com"
"561",561,"dignissim@email.com"
"562",562,"nibh@email.com"
"563",563,"nullam@email.com"
"564",564,"lacinia@email.com"
"565",565,"torquent@email.com"
"566",566,"lectus@email.com"
"567",567,"aptent@email.com"
"568",568,"donec@email.com"
"569",569,"class@email.com"
"570",570,"neque@email.com"
"571",571,"inceptos@email.com"
"572",572,"pharetra@email.com"
"573",573,"pulvinar@email.com"
"574",574,"luctus@email.com"
"575",575,"taciti@email.com"
"576",576,"ornare@email.com"
"577",577,"sociis@email.com"
"578",578,"inceptos@email.com"
"579",579,"nunc@email.com"
"580",580,"nisi@email.com"
"581",581,"eleifend@email.com"
"582",582,"sollicitudin@email.com"
"583",583,"fringilla@email.com"
"584",584,"nec@email.com"
"585",585,"enim@email.com"
"586",586,"sociis@email.com"
"587",587,"mi@email.com"
"588",588,"augue@email.com"
"589",589,"felis@email.com"
"590",590,"maecenas@email.com"
"591",591,"dictumst@email.com"
"592",592,"habitant@email.com"
"593",593,"dapibus@email.com"
"594",594,"lobortis@email.com"
"595",595,"nulla@email.com"
"596",596,"platea@email.com"
"597",597,"magnis@email.com"
"598",598,"praesent@email.com"
"599",599,"vestibulum@email.com"
"600",600,"orci@email.com"
"601",601,"justo@email.com"
"602",602,"dapibus@email.com"
"603",603,"varius@email.com"
"604",604,"a@email.com"
"605",605,"scelerisque@email.com"
"606",606,"quis@email.com"
"607",607,"fermentum@email.com"
"608",608,"semper@email.com"
"609",609,"erat@email.com"
"610",610,"enim@email.com"
"611",611,"enim@email.com"
"612",612,"nam@email.com"
"613",613,"torquent@email.com"
"614",614,"cum@email.com"
"615",615,"pellentesque@email.com"
"616",616,"dictumst@email.com"
"617",617,"lobortis@email.com"
"618",618,"bibendum@email.com"
"619",619,"odio@email.com"
"620",620,"aliquam@email.com"
"621",621,"volutpat@email.com"
"622",622,"erat@email.com"
"623",623,"ut@email.com"
"624",624,"ornare@email.com"
"625",625,"ornare@email.com"
"626",626,"dictum@email.com"
"627",627,"ultrices@email.com"
"628",628,"montes@email.com"
"629",629,"aliquam@email.com"
"630",630,"egestas@email.com"
"631",631,"morbi@email.com"
"632",632,"aliquam@email.com"
"633",633,"magna@email.com"
"634",634,"blandit@email.com"
"635",635,"dis@email.com"
"636",636,"venenatis@email.com"
"637",637,"auctor@email.com"
"638",638,"primis@email.com"
"639",639,"tempor@email.com"
"640",640,"elementum@email.com"
"641",641,"id@email.com"
"642",642,"feugiat@email.com"
"643",643,"taciti@email.com"
"644",644,"nascetur@email.com"
"645",645,"cum@email.com"
"646",646,"molestie@email.com"
"647",647,"nostra@email.com"
"648",648,"habitasse@email.com"
"649",649,"bibendum@email.com"
"650",650,"ultrices@email.com"
"651",651,"posuere@email.com"
"652",652,"morbi@email.com"
"653",653,"dictumst@email.com"
"654",654,"tempus@email.com"
"655",655,"rutrum@email.com"
"656",656,"cursus@email.com"
"657",657,"pharetra@email.com"
"658",658,"duis@email.com"
"659",659,"rutrum@email.com"
"660",660,"ornare@email.com"
"661",661,"aenean@email.com"
"662",662,"donec@email.com"
"663",663,"libero@email.com"
"664",664,"bibendum@email.com"
"665",665,"tincidunt@email.com"
"666",666,"porta@email.com"
"667",667,"nam@email.com"
"668",668,"pretium@email.com"
"669",669,"dictum@email.com"
"670",670,"erat@email.com"
"671",671,"lobortis@email.com"
"672",672,"curae@email.com"
"673",673,"diam@email.com"
"674",674,"nec@email.com"
"675",675,"laoreet@email.com"
"676",676,"senectus@email.com"
"677",677,"hac@email.com"
"678",678,"augue@email.com"
"679",679,"praesent@email.com"
"680",680,"posuere@email.com"
"681",681,"hendrerit@email.com"
"682",682,"euismod@email.com"
"683",683,"habitasse@email.com"
"684",684,"penatibus@email.com"
"685",685,"a@email.com"
"686",686,"senectus@email.com"
"687",687,"ullamcorper@email.com"
"688",688,"cursus@email.com"
"689",689,"ac@email.com"
"690",690,"tristique@email.com"
"691",691,"ridiculus@email.com"
"692",692,"pretium@email.com"
"693",693,"accumsan@email.com"
"694",694,"augue@email.com"
"695",695,"auctor@email.com"
"696",696,"tortor@email.com"
"697",697,"facilisis@email.com"
"698",698,"morbi@email.com"
"699",699,"ut@email.com"
"700",700,"etiam@email.com"
"701",701,"feugiat@email.com"
"702",702,"semper@email.com"
"703",703,"arcu@email.com"
"704",704,"tellus@email.com"
"705",705,"accumsan@email.com"
"706",706,"luctus@email.com"
"707",707,"cursus@email.com"
"708",708,"mollis@email.com"
"709",709,"fringilla@email.com"
"710",710,"magna@email.com"
"711",711,"pharetra@email.com"
"712",712,"habitasse@email.com"
"713",713,"netus@email.com"
"714",714,"vestibulum@email.com"
"715",715,"suscipit@email.com"
"716",716,"tempor@email.com"
"717",717,"felis@email.com"
"718",718,"fermentum@email.com"
"719",719,"felis@email.com"
"720",720,"fusce@email.com"
"721",721,"vivamus@email.com"
"722",722,"ut@email.com"
"723",723,"erat@email.com"
"724",724,"magnis@email.com"
"725",725,"ultrices@email.com"
"726",726,"tellus@email.com"
"727",727,"netus@email.com"
"728",728,"sed@email.com"
"729",729,"euismod@email.com"
"730",730,"sagittis@email.com"
"731",731,"tincidunt@email.com"
"732",732,"condimentum@email.com"
"733",733,"fermentum@email.com"
"734",734,"venenatis@email.com"
"735",735,"dui@email.com"
"736",736,"sodales@email.com"
"737",737,"interdum@email.com"
"738",738,"ornare@email.com"
"739",739,"curae@email.com"
"740",740,"montes@email.com"
"741",741,"quis@email.com"
"742",742,"malesuada@email.com"
"743",743,"sodales@email.com"
"744",744,"parturient@email.com"
"745",745,"velit@email.com"
"746",746,"sagittis@email.com"
"747",747,"egestas@email.com"
"748",748,"non@email.com"
"749",749,"pretium@email.com"
"750",750,"suspendisse@email.com"
"751",751,"metus@email.com"
"752",752,"pellentesque@email.com"
"753",753,"nisl@email.com"
"754",754,"at@email.com"
"755",755,"sociosqu@email.com"
"756",756,"dui@email.com"
"757",757,"venenatis@email.com"
"758",758,"gravida@email.com"
"759",759,"ornare@email.com"
"760",760,"diam@email.com"
"761",761,"nulla@email.com"
"762",762,"sollicitudin@email.com"
"763",763,"etiam@email.com"
"764",764,"nisl@email.com"
"765",765,"mattis@email.com"
"766",766,"parturient@email.com"
"767",767,"rhoncus@email.com"
"768",768,"sed@email.com"
"769",769,"auctor@email.com"
"770",770,"facilisis@email.com"
"771",771,"arcu@email.com"
"772",772,"platea@email.com"
"773",773,"mauris@email.com"
"774",774,"duis@email.com"
"775",775,"ultricies@email.com"
"776",776,"ultrices@email.com"
"777",777,"curae@email.com"
"778",778,"et@email.com"
"779",779,"dictum@email.com"
"780",780,"mi@email.com"
"781",781,"nec@email.com"
"782",782,"placerat@email.com"
"783",783,"faucibus@email.com"
"784",784,"cubilia@email.com"
"785",785,"varius@email.com"
"786",786,"sodales@email.com"
"787",787,"porttitor@email.com"
"788",788,"molestie@email.com"
"789",789,"dignissim@email.com"
"790",790,"mollis@email.com"
"791",791,"dui@email.com"
"792",792,"est@email.com"
"793",793,"mus@email.com"
"794",794,"netus@email.com"
"795",795,"suscipit@email.com"
"796",796,"vitae@email.com"
"797",797,"rhoncus@email.com"
"798",798,"nulla@email.com"
"799",799,"aenean@email.com"
"800",800,"tristique@email.com"
"801",801,"turpis@email.com"
"802",802,"vehicula@email.com"
"803",803,"scelerisque@email.com"
"804",804,"porta@email.com"
"805",805,"diam@email.com"
"806",806,"felis@email.com"
"807",807,"ac@email.com"
"808",808,"cursus@email.com"
"809",809,"purus@email.com"
"810",810,"ullamcorper@email.com"
"811",811,"odio@email.com"
"812",812,"aptent@email.com"
"813",813,"felis@email.com"
"814",814,"rutrum@email.com"
"815",815,"pellentesque@email.com"
"816",816,"luctus@email.com"
"817",817,"tellus@email.com"
"818",818,"nulla@email.com"
"819",819,"lacinia@email.com"
"820",820,"sociosqu@email.com"
"821",821,"ligula@email.com"
"822",822,"et@email.com"
"823",823,"purus@email.com"
"824",824,"suscipit@email.com"
"825",825,"habitasse@email.com"
"826",826,"consequat@email.com"
"827",827,"venenatis@email.com"
"828",828,"nascetur@email.com"
"829",829,"commodo@email.com"
"830",830,"luctus@email.com"
"831",831,"viverra@email.com"
"832",832,"commodo@email.com"
"833",833,"montes@email.com"
"834",834,"lacus@email.com"
"835",835,"ut@email.com"
"836",836,"vivamus@email.com"
"837",837,"lacus@email.com"
"838",838,"eu@email.com"
"839",839,"ultrices@email.com"
"840",840,"in@email.com"
"841",841,"metus@email.com"
"842",842,"habitasse@email.com"
"843",843,"ullamcorper@email.com"
"844",844,"nunc@email.com"
"845",845,"penatibus@email.com"
"846",846,"nulla@email.com"
"847",847,"sociosqu@email.com"
"848",848,"integer@email.com"
"849",849,"mauris@email.com"
"850",850,"diam@email.com"
"851",851,"non@email.com"
"852",852,"nibh@email.com"
"853",853,"mauris@email.com"
"854",854,"ac@email.com"
"855",855,"varius@email.com"
"856",856,"risus@email.com"
"857",857,"laoreet@email.com"
"858",858,"quisque@email.com"
"859",859,"dictum@email.com"
"860",860,"sed@email.com"
"861",861,"etiam@email.com"
"862",862,"velit@email.com"
"863",863,"rutrum@email.com"
"864",864,"euismod@email.com"
"865",865,"convallis@email.com"
"866",866,"a@email.com"
"867",867,"platea@email.com"
"868",868,"quam@email.com"
"869",869,"imperdiet@email.com"
"870",870,"faucibus@email.com"
"871",871,"varius@email.com"
"872",872,"potenti@email.com"
"873",873,"gravida@email.com"
"874",874,"inceptos@email.com"
"875",875,"venenatis@email.com"
"876",876,"sodales@email.com"
"877",877,"ultrices@email.com"
"878",878,"massa@email.com"
"879",879,"fringilla@email.com"
"880",880,"sodales@email.com"
"881",881,"risus@email.com"
"882",882,"curae@email.com"
"883",883,"viverra@email.com"
"884",884,"viverra@email.com"
"885",885,"accumsan@email.com"
"886",886,"morbi@email.com"
"887",887,"sociis@email.com"
"888",888,"rutrum@email.com"
"889",889,"vel@email.com"
"890",890,"magna@email.com"
"891",891,"faucibus@email.com"
"892",892,"neque@email.com"
"893",893,"torquent@email.com"
"894",894,"risus@email.com"
"895",895,"vel@email.com"
"896",896,"massa@email.com"
"897",897,"lectus@email.com"
"898",898,"nunc@email.com"
"899",899,"phasellus@email.com"
"900",900,"nostra@email.com"
"901",901,"felis@email.com"
"902",902,"fringilla@email.com"
"903",903,"curae@email.com"
"904",904,"litora@email.com"
"905",905,"nunc@email.com"
"906",906,"tincidunt@email.com"
"907",907,"blandit@email.com"
"908",908,"netus@email.com"
"909",909,"cras@email.com"
"910",910,"habitasse@email.com"
"911",911,"maecenas@email.com"
"912",912,"arcu@email.com"
"913",913,"scelerisque@email.com"
"914",914,"hac@email.com"
"915",915,"netus@email.com"
"916",916,"a@email.com"
"917",917,"at@email.com"
"918",918,"nullam@email.com"
"919",919,"curabitur@email.com"
"920",920,"lacus@email.com"
"921",921,"porttitor@email.com"
"922",922,"ligula@email.com"
"923",923,"lobortis@email.com"
"924",924,"odio@email.com"
"925",925,"ridiculus@email.com"
"926",926,"nec@email.com"
"927",927,"mi@email.com"
"928",928,"cum@email.com"
"929",929,"cubilia@email.com"
"930",930,"litora@email.com"
"931",931,"nulla@email.com"
"932",932,"class@email.com"
"933",933,"accumsan@email.com"
"934",934,"feugiat@email.com"
"935",935,"sollicitudin@email.com"
"936",936,"arcu@email.com"
"937",937,"magnis@email.com"
"938",938,"rhoncus@email.com"
"939",939,"sociosqu@email.com"
"940",940,"torquent@email.com"
"941",941,"est@email.com"
"942",942,"venenatis@email.com"
"943",943,"phasellus@email.com"
"944",944,"viverra@email.com"
"945",945,"taciti@email.com"
"946",946,"mollis@email.com"
"947",947,"tortor@email.com"
"948",948,"nostra@email.com"
"949",949,"vivamus@email.com"
"950",950,"enim@email.com"
"951",951,"nascetur@email.com"
"952",952,"vehicula@email.com"
"953",953,"fames@email.com"
"954",954,"faucibus@email.com"
"955",955,"vestibulum@email.com"
"956",956,"vestibulum@email.com"
"957",957,"curabitur@email.com"
"958",958,"nam@email.com"
"959",959,"per@email.com"
"960",960,"quisque@email.com"
"961",961,"fusce@email.com"
"962",962,"cras@email.com"
"963",963,"venenatis@email.com"
"964",964,"velit@email.com"
"965",965,"vivamus@email.com"
"966",966,"magnis@email.com"
"967",967,"dignissim@email.com"
"968",968,"sagittis@email.com"
"969",969,"nisi@email.com"
"970",970,"vivamus@email.com"
"971",971,"sed@email.com"
"972",972,"pulvinar@email.com"
"973",973,"est@email.com"
"974",974,"praesent@email.com"
"975",975,"donec@email.com"
"976",976,"tincidunt@email.com"
"977",977,"est@email.com"
"978",978,"semper@email.com"
"979",979,"vivamus@email.com"
"980",980,"ridiculus@email.com"
"981",981,"netus@email.com"
"982",982,"netus@email.com"
"983",983,"porta@email.com"
"984",984,"morbi@email.com"
"985",985,"ut@email.com"
"986",986,"arcu@email.com"
"987",987,"porttitor@email.com"
"988",988,"laoreet@email.com"
"989",989,"suspendisse@email.com"
"990",990,"ullamcorper@email.com"
"991",991,"blandit@email.com"
"992",992,"in@email.com"
"993",993,"habitant@email.com"
"994",994,"nibh@email.com"
"995",995,"rutrum@email.com"
"996",996,"natoque@email.com"
"997",997,"vivamus@email.com"
"998",998,"magna@email.com"
"999",999,"placerat@email.com"
"1000",1000,"vulputate@email.com"
"1001",1001,"euismod@email.com"
"1002",1002,"iaculis@email.com"
"1003",1003,"tellus@email.com"
"1004",1004,"lacus@email.com"
"1005",1005,"sociis@email.com"
"1006",1006,"porta@email.com"
"1007",1007,"euismod@email.com"
"1008",1008,"primis@email.com"
"1009",1009,"etiam@email.com"
"1010",1010,"cubilia@email.com"
"1011",1011,"interdum@email.com"
"1012",1012,"nec@email.com"
"1013",1013,"mauris@email.com"
"1014",1014,"ut@email.com"
"1015",1015,"nunc@email.com"
"1016",1016,"consequat@email.com"
"1017",1017,"tempor@email.com"
"1018",1018,"parturient@email.com"
"1019",1019,"odio@email.com"
"1020",1020,"purus@email.com"
"1021",1021,"elementum@email.com"
"1022",1022,"mauris@email.com"
"1023",1023,"curae@email.com"
"1024",1024,"urna@email.com"
"1025",1025,"nullam@email.com"
"1026",1026,"aenean@email.com"
"1027",1027,"ultrices@email.com"
"1028",1028,"molestie@email.com"
"1029",1029,"nisi@email.com"
"1030",1030,"accumsan@email.com"
"1031",1031,"fusce@email.com"
"1032",1032,"enim@email.com"
"1033",1033,"cubilia@email.com"
"1034",1034,"tortor@email.com"
"1035",1035,"erat@email.com"
"1036",1036,"sem@email.com"
"1037",1037,"suscipit@email.com"
"1038",1038,"fusce@email.com"
"1039",1039,"ridiculus@email.com"
"1040",1040,"dui@email.com"
"1041",1041,"in@email.com"
"1042",1042,"sociis@email.com"
"1043",1043,"nullam@email.com"
"1044",1044,"molestie@email.com"
"1045",1045,"ad@email.com"
"1046",1046,"natoque@email.com"
"1047",1047,"tempor@email.com"
"1048",1048,"parturient@email.com"
"1049",1049,"aliquam@email.com"
"1050",1050,"quisque@email.com"
"1051",1051,"pulvinar@email.com"
"1052",1052,"penatibus@email.com"
"1053",1053,"accumsan@email.com"
"1054",1054,"pharetra@email.com"
"1055",1055,"sollicitudin@email.com"
"1056",1056,"ac@email.com"
"1057",1057,"netus@email.com"
"1058",1058,"rutrum@email.com"
"1059",1059,"eleifend@email.com"
"1060",1060,"aenean@email.com"
"1061",1061,"dignissim@email.com"
"1062",1062,"nibh@email.com"
"1063",1063,"nullam@email.com"
"1064",1064,"lacinia@email.com"
"1065",1065,"torquent@email.com"
"1066",1066,"lectus@email.com"
"1067",1067,"aptent@email.com"
"1068",1068,"donec@email.com"
"1069",1069,"class@email.com"
"1070",1070,"neque@email.com"
"1071",1071,"inceptos@email.com"
"1072",1072,"pharetra@email.com"
"1073",1073,"pulvinar@email.com"
"1074",1074,"luctus@email.com"
"1075",1075,"taciti@email.com"
"1076",1076,"ornare@email.com"
"1077",1077,"sociis@email.com"
"1078",1078,"inceptos@email.com"
"1079",1079,"nunc@email.com"
"1080",1080,"nisi@email.com"
"1081",1081,"eleifend@email.com"
"1082",1082,"sollicitudin@email.com"
"1083",1083,"fringilla@email.com"
"1084",1084,"nec@email.com"
"1085",1085,"enim@email.com"
"1086",1086,"sociis@email.com"
"1087",1087,"mi@email.com"
"1088",1088,"augue@email.com"
"1089",1089,"felis@email.com"
"1090",1090,"maecenas@email.com"
"1091",1091,"dictumst@email.com"
"1092",1092,"habitant@email.com"
"1093",1093,"dapibus@email.com"
"1094",1094,"lobortis@email.com"
"1095",1095,"nulla@email.com"
"1096",1096,"platea@email.com"
"1097",1097,"magnis@email.com"
"1098",1098,"praesent@email.com"
"1099",1099,"vestibulum@email.com"
"1100",1100,"orci@email.com"
"1101",1101,"justo@email.com"
"1102",1102,"dapibus@email.com"
"1103",1103,"varius@email.com"
"1104",1104,"a@email.com"
"1105",1105,"scelerisque@email.com"
"1106",1106,"quis@email.com"
"1107",1107,"fermentum@email.com"
"1108",1108,"semper@email.com"
"1109",1109,"erat@email.com"
"1110",1110,"enim@email.com"
"1111",1111,"enim@email.com"
"1112",1112,"nam@email.com"
"1113",1113,"torquent@email.com"
"1114",1114,"cum@email.com"
"1115",1115,"pellentesque@email.com"
"1116",1116,"dictumst@email.com"
"1117",1117,"lobortis@email.com"
"1118",1118,"bibendum@email.com"
"1119",1119,"odio@email.com"
"1120",1120,"aliquam@email.com"
"1121",1121,"volutpat@email.com"
"1122",1122,"erat@email.com"
"1123",1123,"ut@email.com"
"1124",1124,"ornare@email.com"
"1125",1125,"ornare@email.com"
"1126",1126,"dictum@email.com"
"1127",1127,"ultrices@email.com"
"1128",1128,"montes@email.com"
"1129",1129,"aliquam@email.com"
"1130",1130,"egestas@email.com"
"1131",1131,"morbi@email.com"
"1132",1132,"aliquam@email.com"
"1133",1133,"magna@email.com"
"1134",1134,"blandit@email.com"
"1135",1135,"dis@email.com"
"1136",1136,"venenatis@email.com"
"1137",1137,"auctor@email.com"
"1138",1138,"primis@email.com"
"1139",1139,"tempor@email.com"
"1140",1140,"elementum@email.com"
"1141",1141,"id@email.com"
"1142",1142,"feugiat@email.com"
"1143",1143,"taciti@email.com"
"1144",1144,"nascetur@email.com"
"1145",1145,"cum@email.com"
"1146",1146,"molestie@email.com"
"1147",1147,"nostra@email.com"
"1148",1148,"habitasse@email.com"
"1149",1149,"bibendum@email.com"
"1150",1150,"ultrices@email.com"
"1151",1151,"posuere@email.com"
"1152",1152,"morbi@email.com"
"1153",1153,"dictumst@email.com"
"1154",1154,"tempus@email.com"
"1155",1155,"rutrum@email.com"
"1156",1156,"cursus@email.com"
"1157",1157,"pharetra@email.com"
"1158",1158,"duis@email.com"
"1159",1159,"rutrum@email.com"
"1160",1160,"ornare@email.com"
"1161",1161,"aenean@email.com"
"1162",1162,"donec@email.com"
"1163",1163,"libero@email.com"
"1164",1164,"bibendum@email.com"
"1165",1165,"tincidunt@email.com"
"1166",1166,"porta@email.com"
"1167",1167,"nam@email.com"
"1168",1168,"pretium@email.com"
"1169",1169,"dictum@email.com"
"1170",1170,"erat@email.com"
"1171",1171,"lobortis@email.com"
"1172",1172,"curae@email.com"
"1173",1173,"diam@email.com"
"1174",1174,"nec@email.com"
"1175",1175,"laoreet@email.com"
"1176",1176,"senectus@email.com"
"1177",1177,"hac@email.com"
"1178",1178,"augue@email.com"
"1179",1179,"praesent@email.com"
"1180",1180,"posuere@email.com"
"1181",1181,"hendrerit@email.com"
"1182",1182,"euismod@email.com"
"1183",1183,"habitasse@email.com"
"1184",1184,"penatibus@email.com"
"1185",1185,"a@email.com"
"1186",1186,"senectus@email.com"
"1187",1187,"ullamcorper@email.com"
"1188",1188,"cursus@email.com"
"1189",1189,"ac@email.com"
"1190",1190,"tristique@email.com"
"1191",1191,"ridiculus@email.com"
"1192",1192,"pretium@email.com"
"1193",1193,"accumsan@email.com"
"1194",1194,"augue@email.com"
"1195",1195,"auctor@email.com"
"1196",1196,"tortor@email.com"
"1197",1197,"facilisis@email.com"
"1198",1198,"morbi@email.com"
"1199",1199,"ut@email.com"
"1200",1200,"etiam@email.com"
"1201",1201,"feugiat@email.com"
"1202",1202,"semper@email.com"
"1203",1203,"arcu@email.com"
"1204",1204,"tellus@email.com"
"1205",1205,"accumsan@email.com"
"1206",1206,"luctus@email.com"
"1207",1207,"cursus@email.com"
"1208",1208,"mollis@email.com"
"1209",1209,"fringilla@email.com"
"1210",1210,"magna@email.com"
"1211",1211,"pharetra@email.com"
"1212",1212,"habitasse@email.com"
"1213",1213,"netus@email.com"
"1214",1214,"vestibulum@email.com"
"1215",1215,"suscipit@email.com"
"1216",1216,"tempor@email.com"
"1217",1217,"felis@email.com"
"1218",1218,"fermentum@email.com"
"1219",1219,"felis@email.com"
"1220",1220,"fusce@email.com"
"1221",1221,"vivamus@email.com"
"1222",1222,"ut@email.com"
"1223",1223,"erat@email.com"
"1224",1224,"magnis@email.com"
"1225",1225,"ultrices@email.com"
"1226",1226,"tellus@email.com"
"1227",1227,"netus@email.com"
"1228",1228,"sed@email.com"
"1229",1229,"euismod@email.com"
"1230",1230,"sagittis@email.com"
"1231",1231,"tincidunt@email.com"
"1232",1232,"condimentum@email.com"
"1233",1233,"fermentum@email.com"
"1234",1234,"venenatis@email.com"
"1235",1235,"dui@email.com"
"1236",1236,"sodales@email.com"
"1237",1237,"interdum@email.com"
"1238",1238,"ornare@email.com"
"1239",1239,"curae@email.com"
"1240",1240,"montes@email.com"
"1241",1241,"quis@email.com"
"1242",1242,"malesuada@email.com"
"1243",1243,"sodales@email.com"
"1244",1244,"parturient@email.com"
"1245",1245,"velit@email.com"
"1246",1246,"sagittis@email.com"
"1247",1247,"egestas@email.com"
"1248",1248,"non@email.com"
"1249",1249,"pretium@email.com"
"1250",1250,"suspendisse@email.com"
"1251",1251,"metus@email.com"
"1252",1252,"pellentesque@email.com"
"1253",1253,"nisl@email.com"
"1254",1254,"at@email.com"
"1255",1255,"sociosqu@email.com"
"1256",1256,"dui@email.com"
"1257",1257,"venenatis@email.com"
"1258",1258,"gravida@email.com"
"1259",1259,"ornare@email.com"
"1260",1260,"diam@email.com"
"1261",1261,"nulla@email.com"
"1262",1262,"sollicitudin@email.com"
"1263",1263,"etiam@email.com"
"1264",1264,"nisl@email.com"
"1265",1265,"mattis@email.com"
"1266",1266,"parturient@email.com"
"1267",1267,"rhoncus@email.com"
"1268",1268,"sed@email.com"
"1269",1269,"auctor@email.com"
"1270",1270,"facilisis@email.com"
"1271",1271,"arcu@email.com"
"1272",1272,"platea@email.com"
"1273",1273,"mauris@email.com"
"1274",1274,"duis@email.com"
"1275",1275,"ultricies@email.com"
"1276",1276,"ultrices@email.com"
"1277",1277,"curae@email.com"
"1278",1278,"et@email.com"
"1279",1279,"dictum@email.com"
"1280",1280,"mi@email.com"
"1281",1281,"nec@email.com"
"1282",1282,"placerat@email.com"
"1283",1283,"faucibus@email.com"
"1284",1284,"cubilia@email.com"
"1285",1285,"varius@email.com"
"1286",1286,"sodales@email.com"
"1287",1287,"porttitor@email.com"
"1288",1288,"molestie@email.com"
"1289",1289,"dignissim@email.com"
"1290",1290,"mollis@email.com"
"1291",1291,"dui@email.com"
"1292",1292,"est@email.com"
"1293",1293,"mus@email.com"
"1294",1294,"netus@email.com"
"1295",1295,"suscipit@email.com"
"1296",1296,"vitae@email.com"
"1297",1297,"rhoncus@email.com"
"1298",1298,"nulla@email.com"
"1299",1299,"aenean@email.com"
"1300",1300,"tristique@email.com"
"1301",1301,"turpis@email.com"
"1302",1302,"vehicula@email.com"
"1303",1303,"scelerisque@email.com"
"1304",1304,"porta@email.com"
"1305",1305,"diam@email.com"
"1306",1306,"felis@email.com"
"1307",1307,"ac@email.com"
"1308",1308,"cursus@email.com"
"1309",1309,"purus@email.com"
"1310",1310,"ullamcorper@email.com"
"1311",1311,"odio@email.com"
"1312",1312,"aptent@email.com"
"1313",1313,"felis@email.com"
"1314",1314,"rutrum@email.com"
"1315",1315,"pellentesque@email.com"
"1316",1316,"luctus@email.com"
"1317",1317,"tellus@email.com"
"1318",1318,"nulla@email.com"
"1319",1319,"lacinia@email.com"
"1320",1320,"sociosqu@email.com"
"1321",1321,"ligula@email.com"
"1322",1322,"et@email.com"
"1323",1323,"purus@email.com"
"1324",1324,"suscipit@email.com"
"1325",1325,"habitasse@email.com"
"1326",1326,"consequat@email.com"
"1327",1327,"venenatis@email.com"
"1328",1328,"nascetur@email.com"
"1329",1329,"commodo@email.com"
"1330",1330,"luctus@email.com"
"1331",1331,"viverra@email.com"
"1332",1332,"commodo@email.com"
"1333",1333,"montes@email.com"
"1334",1334,"lacus@email.com"
"1335",1335,"ut@email.com"
"1336",1336,"vivamus@email.com"
"1337",1337,"lacus@email.com"
"1338",1338,"eu@email.com"
"1339",1339,"ultrices@email.com"
"1340",1340,"in@email.com"
"1341",1341,"metus@email.com"
"1342",1342,"habitasse@email.com"
"1343",1343,"ullamcorper@email.com"
"1344",1344,"nunc@email.com"
"1345",1345,"penatibus@email.com"
"1346",1346,"nulla@email.com"
"1347",1347,"sociosqu@email.com"
"1348",1348,"integer@email.com"
"1349",1349,"mauris@email.com"
"1350",1350,"diam@email.com"
"1351",1351,"non@email.com"
"1352",1352,"nibh@email.com"
"1353",1353,"mauris@email.com"
"1354",1354,"ac@email.com"
"1355",1355,"varius@email.com"
"1356",1356,"risus@email.com"
"1357",1357,"laoreet@email.com"
"1358",1358,"quisque@email.com"
"1359",1359,"dictum@email.com"
"1360",1360,"sed@email.com"
"1361",1361,"etiam@email.com"
"1362",1362,"velit@email.com"
"1363",1363,"rutrum@email.com"
"1364",1364,"euismod@email.com"
"1365",1365,"convallis@email.com"
"1366",1366,"a@email.com"
"1367",1367,"platea@email.com"
"1368",1368,"quam@email.com"
"1369",1369,"imperdiet@email.com"
"1370",1370,"faucibus@email.com"
"1371",1371,"varius@email.com"
"1372",1372,"potenti@email.com"
"1373",1373,"gravida@email.com"
"1374",1374,"inceptos@email.com"
"1375",1375,"venenatis@email.com"
"1376",1376,"sodales@email.com"
"1377",1377,"ultrices@email.com"
"1378",1378,"massa@email.com"
"1379",1379,"fringilla@email.com"
"1380",1380,"sodales@email.com"
"1381",1381,"risus@email.com"
"1382",1382,"curae@email.com"
"1383",1383,"viverra@email.com"
"1384",1384,"viverra@email.com"
"1385",1385,"accumsan@email.com"
"1386",1386,"morbi@email.com"
"1387",1387,"sociis@email.com"
"1388",1388,"rutrum@email.com"
"1389",1389,"vel@email.com"
"1390",1390,"magna@email.com"
"1391",1391,"faucibus@email.com"
"1392",1392,"neque@email.com"
"1393",1393,"torquent@email.com"
"1394",1394,"risus@email.com"
"1395",1395,"vel@email.com"
"1396",1396,"massa@email.com"
"1397",1397,"lectus@email.com"
"1398",1398,"nunc@email.com"
"1399",1399,"phasellus@email.com"
"1400",1400,"nostra@email.com"
"1401",1401,"felis@email.com"
"1402",1402,"fringilla@email.com"
"1403",1403,"curae@email.com"
"1404",1404,"litora@email.com"
"1405",1405,"nunc@email.com"
"1406",1406,"tincidunt@email.com"
"1407",1407,"blandit@email.com"
"1408",1408,"netus@email.com"
"1409",1409,"cras@email.com"
"1410",1410,"habitasse@email.com"
"1411",1411,"maecenas@email.com"
"1412",1412,"arcu@email.com"
"1413",1413,"scelerisque@email.com"
"1414",1414,"hac@email.com"
"1415",1415,"netus@email.com"
"1416",1416,"a@email.com"
"1417",1417,"at@email.com"
"1418",1418,"nullam@email.com"
"1419",1419,"curabitur@email.com"
"1420",1420,"lacus@email.com"
"1421",1421,"porttitor@email.com"
"1422",1422,"ligula@email.com"
"1423",1423,"lobortis@email.com"
"1424",1424,"odio@email.com"
"1425",1425,"ridiculus@email.com"
"1426",1426,"nec@email.com"
"1427",1427,"mi@email.com"
"1428",1428,"cum@email.com"
"1429",1429,"cubilia@email.com"
"1430",1430,"litora@email.com"
"1431",1431,"nulla@email.com"
"1432",1432,"class@email.com"
"1433",1433,"accumsan@email.com"
"1434",1434,"feugiat@email.com"
"1435",1435,"sollicitudin@email.com"
"1436",1436,"arcu@email.com"
"1437",1437,"magnis@email.com"
"1438",1438,"rhoncus@email.com"
"1439",1439,"sociosqu@email.com"
"1440",1440,"torquent@email.com"
"1441",1441,"est@email.com"
"1442",1442,"venenatis@email.com"
"1443",1443,"phasellus@email.com"
"1444",1444,"viverra@email.com"
"1445",1445,"taciti@email.com"
"1446",1446,"mollis@email.com"
"1447",1447,"tortor@email.com"
"1448",1448,"nostra@email.com"
"1449",1449,"vivamus@email.com"
"1450",1450,"enim@email.com"
"1451",1451,"nascetur@email.com"
"1452",1452,"vehicula@email.com"
"1453",1453,"fames@email.com"
"1454",1454,"faucibus@email.com"
"1455",1455,"vestibulum@email.com"
"1456",1456,"vestibulum@email.com"
"1457",1457,"curabitur@email.com"
"1458",1458,"nam@email.com"
"1459",1459,"per@email.com"
"1460",1460,"quisque@email.com"
"1461",1461,"fusce@email.com"
"1462",1462,"cras@email.com"
"1463",1463,"venenatis@email.com"
"1464",1464,"velit@email.com"
"1465",1465,"vivamus@email.com"
"1466",1466,"magnis@email.com"
"1467",1467,"dignissim@email.com"
"1468",1468,"sagittis@email.com"
"1469",1469,"nisi@email.com"
"1470",1470,"vivamus@email.com"
"1471",1471,"sed@email.com"
"1472",1472,"pulvinar@email.com"
"1473",1473,"est@email.com"
"1474",1474,"praesent@email.com"
"1475",1475,"donec@email.com"
"1476",1476,"tincidunt@email.com"
"1477",1477,"est@email.com"
"1478",1478,"semper@email.com"
"1479",1479,"vivamus@email.com"
"1480",1480,"ridiculus@email.com"
"1481",1481,"netus@email.com"
"1482",1482,"netus@email.com"
"1483",1483,"porta@email.com"
"1484",1484,"morbi@email.com"
"1485",1485,"ut@email.com"
"1486",1486,"arcu@email.com"
"1487",1487,"porttitor@email.com"
"1488",1488,"laoreet@email.com"
"1489",1489,"suspendisse@email.com"
"1490",1490,"ullamcorper@email.com"
"1491",1491,"blandit@email.com"
"1492",1492,"in@email.com"
"1493",1493,"habitant@email.com"
"1494",1494,"nibh@email.com"
"1495",1495,"rutrum@email.com"
"1496",1496,"natoque@email.com"
"1497",1497,"vivamus@email.com"
"1498",1498,"magna@email.com"
"1499",1499,"placerat@email.com"
"1500",1500,"vulputate@email.com"
