"","user_id","email"
"1",1,"inceptos@madeupemail.com"
"2",2,"pharetra@madeupemail.com"
"3",3,"pulvinar@madeupemail.com"
"4",4,"luctus@madeupemail.com"
"5",5,"taciti@madeupemail.com"
"6",6,"ornare@madeupemail.com"
"7",7,"sociis@madeupemail.com"
"8",8,"inceptos@madeupemail.com"
"9",9,"nunc@madeupemail.com"
"10",10,"nisi@madeupemail.com"
"11",11,"eleifend@madeupemail.com"
"12",12,"sollicitudin@madeupemail.com"
"13",13,"fringilla@madeupemail.com"
"14",14,"nec@madeupemail.com"
"15",15,"enim@madeupemail.com"
"16",16,"sociis@madeupemail.com"
"17",17,"mi@madeupemail.com"
"18",18,"augue@madeupemail.com"
"19",19,"felis@madeupemail.com"
"20",20,"maecenas@madeupemail.com"
"21",21,"dictumst@madeupemail.com"
"22",22,"habitant@madeupemail.com"
"23",23,"dapibus@madeupemail.com"
"24",24,"lobortis@madeupemail.com"
"25",25,"nulla@madeupemail.com"
"26",26,"platea@madeupemail.com"
"27",27,"magnis@madeupemail.com"
"28",28,"praesent@madeupemail.com"
"29",29,"vestibulum@madeupemail.com"
"30",30,"orci@madeupemail.com"
"31",31,"justo@madeupemail.com"
"32",32,"dapibus@madeupemail.com"
"33",33,"varius@madeupemail.com"
"34",34,"a@madeupemail.com"
"35",35,"scelerisque@madeupemail.com"
"36",36,"quis@madeupemail.com"
"37",37,"fermentum@madeupemail.com"
"38",38,"semper@madeupemail.com"
"39",39,"erat@madeupemail.com"
"40",40,"enim@madeupemail.com"
"41",41,"enim@madeupemail.com"
"42",42,"nam@madeupemail.com"
"43",43,"torquent@madeupemail.com"
"44",44,"cum@madeupemail.com"
"45",45,"pellentesque@madeupemail.com"
"46",46,"dictumst@madeupemail.com"
"47",47,"lobortis@madeupemail.com"
"48",48,"bibendum@madeupemail.com"
"49",49,"odio@madeupemail.com"
"50",50,"aliquam@madeupemail.com"
"51",51,"volutpat@madeupemail.com"
"52",52,"erat@madeupemail.com"
"53",53,"ut@madeupemail.com"
"54",54,"ornare@madeupemail.com"
"55",55,"ornare@madeupemail.com"
"56",56,"dictum@madeupemail.com"
"57",57,"ultrices@madeupemail.com"
"58",58,"montes@madeupemail.com"
"59",59,"aliquam@madeupemail.com"
"60",60,"egestas@madeupemail.com"
"61",61,"morbi@madeupemail.com"
"62",62,"aliquam@madeupemail.com"
"63",63,"magna@madeupemail.com"
"64",64,"blandit@madeupemail.com"
"65",65,"dis@madeupemail.com"
"66",66,"venenatis@madeupemail.com"
"67",67,"auctor@madeupemail.com"
"68",68,"primis@madeupemail.com"
"69",69,"tempor@madeupemail.com"
"70",70,"elementum@madeupemail.com"
"71",71,"id@madeupemail.com"
"72",72,"feugiat@madeupemail.com"
"73",73,"taciti@madeupemail.com"
"74",74,"nascetur@madeupemail.com"
"75",75,"cum@madeupemail.com"
"76",76,"molestie@madeupemail.com"
"77",77,"nostra@madeupemail.com"
"78",78,"habitasse@madeupemail.com"
"79",79,"bibendum@madeupemail.com"
"80",80,"ultrices@madeupemail.com"
"81",81,"posuere@madeupemail.com"
"82",82,"morbi@madeupemail.com"
"83",83,"dictumst@madeupemail.com"
"84",84,"tempus@madeupemail.com"
"85",85,"rutrum@madeupemail.com"
"86",86,"cursus@madeupemail.com"
"87",87,"pharetra@madeupemail.com"
"88",88,"duis@madeupemail.com"
"89",89,"rutrum@madeupemail.com"
"90",90,"ornare@madeupemail.com"
"91",91,"aenean@madeupemail.com"
"92",92,"donec@madeupemail.com"
"93",93,"libero@madeupemail.com"
"94",94,"bibendum@madeupemail.com"
"95",95,"tincidunt@madeupemail.com"
"96",96,"porta@madeupemail.com"
"97",97,"nam@madeupemail.com"
"98",98,"pretium@madeupemail.com"
"99",99,"dictum@madeupemail.com"
"100",100,"erat@madeupemail.com"
"101",101,"lobortis@madeupemail.com"
"102",102,"curae@madeupemail.com"
"103",103,"diam@madeupemail.com"
"104",104,"nec@madeupemail.com"
"105",105,"laoreet@madeupemail.com"
"106",106,"senectus@madeupemail.com"
"107",107,"hac@madeupemail.com"
"108",108,"augue@madeupemail.com"
"109",109,"praesent@madeupemail.com"
"110",110,"posuere@madeupemail.com"
"111",111,"hendrerit@madeupemail.com"
"112",112,"euismod@madeupemail.com"
"113",113,"habitasse@madeupemail.com"
"114",114,"penatibus@madeupemail.com"
"115",115,"a@madeupemail.com"
"116",116,"senectus@madeupemail.com"
"117",117,"ullamcorper@madeupemail.com"
"118",118,"cursus@madeupemail.com"
"119",119,"ac@madeupemail.com"
"120",120,"tristique@madeupemail.com"
"121",121,"ridiculus@madeupemail.com"
"122",122,"pretium@madeupemail.com"
"123",123,"accumsan@madeupemail.com"
"124",124,"augue@madeupemail.com"
"125",125,"auctor@madeupemail.com"
"126",126,"tortor@madeupemail.com"
"127",127,"facilisis@madeupemail.com"
"128",128,"morbi@madeupemail.com"
"129",129,"ut@madeupemail.com"
"130",130,"etiam@madeupemail.com"
"131",131,"feugiat@madeupemail.com"
"132",132,"semper@madeupemail.com"
"133",133,"arcu@madeupemail.com"
"134",134,"tellus@madeupemail.com"
"135",135,"accumsan@madeupemail.com"
"136",136,"luctus@madeupemail.com"
"137",137,"cursus@madeupemail.com"
"138",138,"mollis@madeupemail.com"
"139",139,"fringilla@madeupemail.com"
"140",140,"magna@madeupemail.com"
"141",141,"pharetra@madeupemail.com"
"142",142,"habitasse@madeupemail.com"
"143",143,"netus@madeupemail.com"
"144",144,"vestibulum@madeupemail.com"
"145",145,"suscipit@madeupemail.com"
"146",146,"tempor@madeupemail.com"
"147",147,"felis@madeupemail.com"
"148",148,"fermentum@madeupemail.com"
"149",149,"felis@madeupemail.com"
"150",150,"fusce@madeupemail.com"
"151",151,"vivamus@madeupemail.com"
"152",152,"ut@madeupemail.com"
"153",153,"erat@madeupemail.com"
"154",154,"magnis@madeupemail.com"
"155",155,"ultrices@madeupemail.com"
"156",156,"tellus@madeupemail.com"
"157",157,"netus@madeupemail.com"
"158",158,"sed@madeupemail.com"
"159",159,"euismod@madeupemail.com"
"160",160,"sagittis@madeupemail.com"
"161",161,"tincidunt@madeupemail.com"
"162",162,"condimentum@madeupemail.com"
"163",163,"fermentum@madeupemail.com"
"164",164,"venenatis@madeupemail.com"
"165",165,"dui@madeupemail.com"
"166",166,"sodales@madeupemail.com"
"167",167,"interdum@madeupemail.com"
"168",168,"ornare@madeupemail.com"
"169",169,"curae@madeupemail.com"
"170",170,"montes@madeupemail.com"
"171",171,"quis@madeupemail.com"
"172",172,"malesuada@madeupemail.com"
"173",173,"sodales@madeupemail.com"
"174",174,"parturient@madeupemail.com"
"175",175,"velit@madeupemail.com"
"176",176,"sagittis@madeupemail.com"
"177",177,"egestas@madeupemail.com"
"178",178,"non@madeupemail.com"
"179",179,"pretium@madeupemail.com"
"180",180,"suspendisse@madeupemail.com"
"181",181,"metus@madeupemail.com"
"182",182,"pellentesque@madeupemail.com"
"183",183,"nisl@madeupemail.com"
"184",184,"at@madeupemail.com"
"185",185,"sociosqu@madeupemail.com"
"186",186,"dui@madeupemail.com"
"187",187,"venenatis@madeupemail.com"
"188",188,"gravida@madeupemail.com"
"189",189,"ornare@madeupemail.com"
"190",190,"diam@madeupemail.com"
"191",191,"nulla@madeupemail.com"
"192",192,"sollicitudin@madeupemail.com"
"193",193,"etiam@madeupemail.com"
"194",194,"nisl@madeupemail.com"
"195",195,"mattis@madeupemail.com"
"196",196,"parturient@madeupemail.com"
"197",197,"rhoncus@madeupemail.com"
"198",198,"sed@madeupemail.com"
"199",199,"auctor@madeupemail.com"
"200",200,"facilisis@madeupemail.com"
"201",201,"arcu@madeupemail.com"
"202",202,"platea@madeupemail.com"
"203",203,"mauris@madeupemail.com"
"204",204,"duis@madeupemail.com"
"205",205,"ultricies@madeupemail.com"
"206",206,"ultrices@madeupemail.com"
"207",207,"curae@madeupemail.com"
"208",208,"et@madeupemail.com"
"209",209,"dictum@madeupemail.com"
"210",210,"mi@madeupemail.com"
"211",211,"nec@madeupemail.com"
"212",212,"placerat@madeupemail.com"
"213",213,"faucibus@madeupemail.com"
"214",214,"cubilia@madeupemail.com"
"215",215,"varius@madeupemail.com"
"216",216,"sodales@madeupemail.com"
"217",217,"porttitor@madeupemail.com"
"218",218,"molestie@madeupemail.com"
"219",219,"dignissim@madeupemail.com"
"220",220,"mollis@madeupemail.com"
"221",221,"dui@madeupemail.com"
"222",222,"est@madeupemail.com"
"223",223,"mus@madeupemail.com"
"224",224,"netus@madeupemail.com"
"225",225,"suscipit@madeupemail.com"
"226",226,"vitae@madeupemail.com"
"227",227,"rhoncus@madeupemail.com"
"228",228,"nulla@madeupemail.com"
"229",229,"aenean@madeupemail.com"
"230",230,"tristique@madeupemail.com"
"231",231,"turpis@madeupemail.com"
"232",232,"vehicula@madeupemail.com"
"233",233,"scelerisque@madeupemail.com"
"234",234,"porta@madeupemail.com"
"235",235,"diam@madeupemail.com"
"236",236,"felis@madeupemail.com"
"237",237,"ac@madeupemail.com"
"238",238,"cursus@madeupemail.com"
"239",239,"purus@madeupemail.com"
"240",240,"ullamcorper@madeupemail.com"
"241",241,"odio@madeupemail.com"
"242",242,"aptent@madeupemail.com"
"243",243,"felis@madeupemail.com"
"244",244,"rutrum@madeupemail.com"
"245",245,"pellentesque@madeupemail.com"
"246",246,"luctus@madeupemail.com"
"247",247,"tellus@madeupemail.com"
"248",248,"nulla@madeupemail.com"
"249",249,"lacinia@madeupemail.com"
"250",250,"sociosqu@madeupemail.com"
