"","ds_id","keywords"
"1","doi:10.7281/T10Z715B","urban heat island"
"2","doi:10.7281/T10Z715B","temperature"
"3","doi:10.7281/T10Z715B","Baltimore"
"4","doi:10.7281/T10Z715B","urban"
"5","doi:10.7281/T10Z715B","meteorology"
"6","doi:10.7281/T10Z715B","applied meteorology"
"7","doi:10.7281/T10Z715B","atmospheric science"
"8","doi:10.7281/T15Q4T12","symmetry"
"9","doi:10.7281/T15Q4T12","locomotion"
"10","doi:10.7281/T15Q4T12","rhythmic dynamics"
"11","doi:10.7281/T15Q4T12","cross-validation"
"12","doi:10.7281/T1J10120","Baltimore"
"13","doi:10.7281/T1J10120","police"
"14","doi:10.7281/T1J10120","crime"
"15","doi:10.7281/T1J10120","arrests"
"16","doi:10.7281/T1J10120","Ferguson effect"
"17","doi:10.7281/T1J10120","homicide"
"18","doi:10.7281/T1J10120","shootings"
"19","doi:10.7281/T19G5JRC","international health"
"20","doi:10.7281/T19G5JRC","public health"
"21","doi:10.7281/T19G5JRC","maternal and child health"
"22","doi:10.7281/T19G5JRC","nutrition"
"23","doi:10.7281/T19G5JRC","community health workers"
"24","doi:10.7281/T19G5JRC","under-five mortality rate"
"25","doi:10.7281/T1/WBR06U","polythiophenes"
"26","doi:10.7281/T1/WBR06U","nitrogen dioxide"
"27","doi:10.7281/T1/WBR06U","field effect transistor"
"28","doi:10.7281/T1/WBR06U","vapor sensor"
"29","doi:10.7281/T1/WBR06U","organic electronics"
"30","doi:10.7281/T1/SP6KO3","subduction seismicity"
"31","doi:10.7281/T1/SP6KO3","earthquakes"
"32","doi:10.7281/T1/SP6KO3","Franciscan"
"33","doi:10.7281/T1/SP6KO3","garnet zoning"
"34","doi:10.7281/T1/SP6KO3","blueschist eclogite"
"35","doi:10.7281/T1/CZZDLJ","N-doping"
"36","doi:10.7281/T1/CZZDLJ","conjugated polymer"
"37","doi:10.7281/T1/CZZDLJ","fluoride salt"
"38","doi:10.7281/T1/CZZDLJ","thermoelectrics"
"39","doi:10.7281/T1/CZZDLJ","electron transfer"
"40","doi:10.7281/T1/YXVVML","polythiophenes"
"41","doi:10.7281/T1/YXVVML","doping"
"42","doi:10.7281/T1/YXVVML","field effect transistor"
"43","doi:10.7281/T1/YXVVML","conductivity"
"44","doi:10.7281/T1/YXVVML","thermoelectrics"
"45","doi:10.7281/T1/YXVVML","organic electronics"
"46","doi:10.7281/T1/YXVVML","alternative energy"
"47","doi:10.7281/T1/YI383C","Pentacene"
"48","doi:10.7281/T1/YI383C","Guanine"
"49","doi:10.7281/T1/YI383C","field-effect transistor"
"50","doi:10.7281/T1/YI383C","mobility"
"51","doi:10.7281/T1/YI383C","on/off ratio"
"52","doi:10.7281/T1/YI383C","charge traps"
"53","doi:10.7281/T1/YI383C","organic electronics"
"54","doi:10.7281/T1/7VKY8K","conductivity"
"55","doi:10.7281/T1/7VKY8K","defects"
"56","doi:10.7281/T1/7VKY8K","electronic struture"
"57","doi:10.7281/T1/7VKY8K","semiconductors"
"58","doi:10.7281/T1/7VKY8K","conducting polymers"
"59","doi:10.7281/T1/7VKY8K","devices"
"60","doi:10.7281/T1/7VKY8K","multilayer thin films"
"61","doi:10.7281/T1/7VKY8K","topological materials"
"62","doi:10.7281/T1/TP9B4Y","mechanical test"
"63","doi:10.7281/T1/TP9B4Y","Titan"
"64","doi:10.7281/T1/TP9B4Y","tholin"
"65","doi:10.7281/T1/OSQSMY","Sex hormones"
"66","doi:10.7281/T1/OSQSMY","NT-proBNP"
"67","doi:10.7281/T1/OSQSMY","sex differences"
"68","doi:10.7281/T1/OSQSMY","biomarkers"
"69","doi:10.7281/T1/OSQSMY","women"
"70","doi:10.7281/T1/OSQSMY","risk factors"
"71","doi:10.7281/T1/6Y08LS","computing education"
"72","doi:10.7281/T1/6Y08LS","computer science education"
"73","doi:10.7281/T1/6Y08LS","pedagogy"
"74","doi:10.7281/T1/6Y08LS","curriculum"
"75","doi:10.7281/T1/6Y08LS","resource allocation"
"76","doi:10.7281/T1/6Y08LS","engineering education"
"77","doi:10.7281/T1/K3ONN5","polystyrene"
"78","doi:10.7281/T1/K3ONN5","pentacene"
"79","doi:10.7281/T1/K3ONN5","triarylamine"
"80","doi:10.7281/T1/K3ONN5","dielectric"
"81","doi:10.7281/T1/K3ONN5","nonvolatile transistor"
"82","doi:10.7281/T1/K3ONN5","neutron reflectivity"
"83","doi:10.7281/T1/EAFMCT","HIV"
"84","doi:10.7281/T1/EAFMCT","Africa"
"85","doi:10.7281/T1/EAFMCT","treatment continuum"
"86","doi:10.7281/T1/EAFMCT","linkage to care"
"87","doi:10.7281/T1/EAFMCT","service delivery"
"88","doi:10.7281/T1/EAFMCT","qualitative"
"89","doi:10.7281/T1/ONZHUS","HIV"
"90","doi:10.7281/T1/ONZHUS","Africa"
"91","doi:10.7281/T1/ONZHUS","HIV treatment continuum"
"92","doi:10.7281/T1/ONZHUS","gender norms"
"93","doi:10.7281/T1/ONZHUS","masculinity"
"94","doi:10.7281/T1/ONZHUS","qualitative"
"95","doi:10.7281/T1/V3Z6DD","interface properties"
"96","doi:10.7281/T1/V3Z6DD","molecular electronic properties"
"97","doi:10.7281/T1/V3Z6DD","organic semiconductors"
"98","doi:10.7281/T1/V3Z6DD","polymers"
"99","doi:10.7281/T1/V3Z6DD","dielectric materials"
"100","doi:10.7281/T1/V3Z6DD","electrical properties and parameter"
"101","doi:10.7281/T1/V3Z6DD","field effect transistor"
"102","doi:10.7281/T1/BIJWVL","thiophene polymers"
"103","doi:10.7281/T1/BIJWVL","thermoelectrics"
"104","doi:10.7281/T1/BIJWVL","blend"
"105","doi:10.7281/T1/BIJWVL","doping"
"106","doi:10.7281/T1/BIJWVL","transport"
"107","doi:10.7281/T1/BIJWVL","polymer science"
"108","doi:10.7281/T1/BIJWVL","organic electronics"
"109","doi:10.7281/T1/BIJWVL","energy conversion"
"110","doi:10.7281/T1/3XLWZX","thiophene polymers"
"111","doi:10.7281/T1/3XLWZX","tetracyanoquinodimethanes"
"112","doi:10.7281/T1/3XLWZX","doping"
"113","doi:10.7281/T1/3XLWZX","interfacial potential"
"114","doi:10.7281/T1/3XLWZX","diffusion"
"115","doi:10.7281/T1/3XLWZX","charge density"
"116","doi:10.7281/T1/3XLWZX","organic electronics"
"117","doi:10.7281/T1/3XLWZX","conductive polymers"
"118","doi:10.7281/T1/3XLWZX","electroanalytical chemistry"
"119","doi:10.7281/T1/BIJBI6","chlamydia"
"120","doi:10.7281/T1/BIJBI6","environmental contamination"
"121","doi:10.7281/T1/BIJBI6","households"
"122","doi:10.7281/T1/BIJBI6","Kongwa"
"123","doi:10.7281/T1/BIJBI6","Tanzania"
"124","doi:10.7281/T1/BIJBI6","trachoma"
"125","doi:10.7281/T1/6BHBC4","Quality assurance"
"126","doi:10.7281/T1/6BHBC4","medical simulation"
"127","doi:10.7281/T1/6BHBC4","study design"
"128","doi:10.7281/T1/AZE8LU","Irrigation"
"129","doi:10.7281/T1/AZE8LU","CONUS"
"130","doi:10.7281/T1/AZE8LU","Climate Sensitivities"
"131","doi:10.7281/T1/AZE8LU","Land Surface Model"
"132","doi:10.7281/T1/NH6EGH","cardiovascular disease"
"133","doi:10.7281/T1/7WS8AD","tuberculosis"
"134","doi:10.7281/T1/7WS8AD","body weight"
"135","doi:10.7281/T1/7WS8AD","underweight"
"136","doi:10.7281/T1/7WS8AD","diagnostic evaluation"
"137","doi:10.7281/T1/7WS8AD","prediction rule"
"138","doi:10.7281/T1/7WS8AD","empiric treatment"
"139","doi:10.7281/T1/7WS8AD","Uganda"
"140","doi:10.7281/T1/E70MXR","transgender health"
"141","doi:10.7281/T1/E70MXR","sex hormones"
"142","doi:10.7281/T1/E70MXR","gender affirmation"
"143","doi:10.7281/T1/E70MXR","hormone therapy"
"144","doi:10.7281/T1/E70MXR","mental health"
"145","doi:10.7281/T1/E70MXR","quality of life"
"146","doi:10.7281/T1/E70MXR","psychological outcomes"
"147","doi:10.7281/T1/E70MXR","systematic review"
"148","doi:10.7281/T1/ZOW11X","polythiophenes"
"149","doi:10.7281/T1/ZOW11X","pH sensitivity"
"150","doi:10.7281/T1/ZOW11X","molecular doping"
"151","doi:10.7281/T1/ZOW11X","electrochemical transistors"
"152","doi:10.7281/T1/ZOW11X","conducting polymers"
"153","doi:10.7281/T1/GH4EF2","dichlorinated dithienylethene"
"154","doi:10.7281/T1/GH4EF2","air stability"
"155","doi:10.7281/T1/GH4EF2","n-type"
"156","doi:10.7281/T1/GH4EF2","organic thermoelectricity"
"157","doi:10.7281/T1/GH4EF2","conducting polymers"
"158","doi:10.7281/T1/GH4EF2","thermoelectrics"
"159","doi:10.7281/T1/KCIPSB","polystyrenes"
"160","doi:10.7281/T1/KCIPSB","physical polymer chemistry"
"161","doi:10.7281/T1/KCIPSB","polythiophenes"
"162","doi:10.7281/T1/KCIPSB","polycarboxylic acids"
"163","doi:10.7281/T1/KCIPSB","electrochemical stability"
"164","doi:10.7281/T1/KCIPSB","remote gate transistors"
"165","doi:10.7281/T1/CCC69H","puberty"
"166","doi:10.7281/T1/CCC69H","menarche"
"167","doi:10.7281/T1/CCC69H","breast development"
"168","doi:10.7281/T1/CCC69H","pubic hair growth"
"169","doi:10.7281/T1/CCC69H","adolescent"
"170","doi:10.7281/T1/CCC69H","rural"
"171","doi:10.7281/T1/CCC69H","Bangladesh"
"172","doi:10.7281/T1/CCC69H","South Asia"
"173","doi:10.7281/T1/4WX5QC","sensors"
"174","doi:10.7281/T1/4WX5QC","oxidation"
"175","doi:10.7281/T1/4WX5QC","conjugated polymers"
"176","doi:10.7281/T1/4WX5QC","stability"
"177","doi:10.7281/T1/4WX5QC","polymers"
"178","doi:10.7281/T1/4WX5QC","Materials Science"
"179","doi:10.7281/T1/SWNGEP","family planning"
"180","doi:10.7281/T1/SWNGEP","local government"
"181","doi:10.7281/T1/SWNGEP","local ownership"
"182","doi:10.7281/T1/SWNGEP","health system strengthening"
"183","doi:10.7281/T1/SWNGEP","evidence-based interventions"
"184","doi:10.7281/T1/SWNGEP","scale-up"
"185","doi:10.7281/T1/EWN8ZN","π-conjugation"
"186","doi:10.7281/T1/EWN8ZN","peptide oligomer"
"187","doi:10.7281/T1/EWN8ZN","self-assembly"
"188","doi:10.7281/T1/EWN8ZN","mineralization"
"189","doi:10.7281/T1/EWN8ZN","conductive nanowires"
"190","doi:10.7281/T1/BXJT0B","Triton"
"191","doi:10.7281/T1/BXJT0B","atmospheres"
"192","doi:10.7281/T1/BXJT0B","planetary science"
"193","doi:10.7281/T1/BXJT0B","laboratory experiments"
"194","doi:10.7281/T1/BXJT0B","mass spectrometry"
"195","doi:10.7281/T1/BXJT0B","infrared spectroscopy"
"196","doi:10.7281/T1/ENWXRU","vapor sensing"
"197","doi:10.7281/T1/ENWXRU","polymer transistors"
"198","doi:10.7281/T1/ENWXRU","bias stress"
"199","doi:10.7281/T1/ENWXRU","sensor stability"
"200","doi:10.7281/T1/ENWXRU","nitrogen dioxide"
"201","doi:10.7281/T1/ENWXRU","ammonia"
"202","doi:10.7281/T1/8OFLMF","Wheland complexes"
"203","doi:10.7281/T1/8OFLMF","polymer adducts"
"204","doi:10.7281/T1/8OFLMF","direct doping"
"205","doi:10.7281/T1/8OFLMF","Lewis acid dopants"
"206","doi:10.7281/T1/8OFLMF","doping mechanism"
"207","doi:10.7281/T1/8OFLMF","remote gate sensing"
"208","doi:10.7281/T1/IM9BZI","Precambrian-Cambrian boundary"
"209","doi:10.7281/T1/IM9BZI","carbonate geochemistry"
"210","doi:10.7281/T1/IM9BZI","marine diagenesis"
"211","doi:10.7281/T1/IM9BZI","southern Great Basin"
"212","doi:10.7281/T1/IRMGH8","COVID-19"
"213","doi:10.7281/T1/IRMGH8","SARS-CoV-2"
"214","doi:10.7281/T1/IRMGH8","pregnancy"
"215","doi:10.7281/T1/IRMGH8","virus load"
"216","doi:10.7281/T1/IRMGH8","mucosal antibody"
"217","doi:10.7281/T14Q7RW8","Malaria"
"218","doi:10.7281/T14Q7RW8","net use"
"219","doi:10.7281/T14Q7RW8","ideation"
"220","doi:10.7281/T14Q7RW8","Liberia"
"221","doi:10.7281/T14Q7RW8","health communication"
"222","doi:10.7281/T1/FN9EH6","criticacare"
"223","doi:10.7281/T1/FN9EH6","surrogate decision maker"
"224","doi:10.7281/T1/FN9EH6","proxy"
"225","doi:10.7281/T1/FN9EH6","consent"
"226","doi:10.7281/T1/FN9EH6","family caregivers"
"227","doi:10.7281/T1SF2T31","AIDS"
"228","doi:10.7281/T1SF2T31","visual acuity"
"229","doi:10.7281/T1SF2T31","cohort study"
"230","doi:10.7281/T1SF2T31","HIV"
"231","doi:10.7281/T1SF2T31","visual fields"
"232","doi:10.7281/T1SF2T31","cytomegalovirus retinitis"
"233","doi:10.7281/T1SF2T31","contrast sensitivity"
"234","doi:10.7281/T1SF2T31","CMV"
"235","doi:10.7281/T1SF2T31","ocular"
"236","doi:10.7281/T1SF2T31","eye"
"237","doi:10.7281/T1/ZHG9BB","critical care"
"238","doi:10.7281/T1/ZHG9BB","surrogate decision maker"
"239","doi:10.7281/T1/ZHG9BB","proxy"
"240","doi:10.7281/T1/ZHG9BB","consent"
"241","doi:10.7281/T1/ZHG9BB","family caregivers"
"242","doi:10.7281/T1/4AJ8Y1","Critical Care"
"243","doi:10.7281/T1/4AJ8Y1","Surrogate Decision Maker"
"244","doi:10.7281/T1/4AJ8Y1","Proxy"
"245","doi:10.7281/T1/4AJ8Y1","Consent"
"246","doi:10.7281/T1/4AJ8Y1","Family Caregivers"
"247","doi:10.7281/T1/4AJ8Y1","Resuscitation"
"248","doi:10.7281/T1/SQ6FO9","land cover"
"249","doi:10.7281/T1/SQ6FO9","Ethiopia"
"250","doi:10.7281/T1/KV9KNX","thiophene polymers"
"251","doi:10.7281/T1/KV9KNX","bismuth telluride"
"252","doi:10.7281/T1/KV9KNX","dopants"
"253","doi:10.7281/T1/KV9KNX","P3HT"
"254","doi:10.7281/T1/KV9KNX","PQT12"
"255","doi:10.7281/T1/KV9KNX","thermoelectric"
"256","doi:10.7281/T1/KV9KNX","conductivity"
"257","doi:10.7281/T1/KV9KNX","Seebeck coefficient"
"258","doi:10.7281/T1/KV9KNX","power factor"
"259","doi:10.7281/T1/TNHLOJ","adipokines"
"260","doi:10.7281/T1/TNHLOJ","cytokine"
"261","doi:10.7281/T1/TNHLOJ","obesity"
"262","doi:10.7281/T1/TNHLOJ","bariatric surgery"
"263","doi:10.7281/T1/TNHLOJ","obesity and metabolism"
"264","doi:10.7281/T1/AWJUGZ","atmospheric transport"
"265","doi:10.7281/T1/AWJUGZ","Eulerian mean circulation"
"266","doi:10.7281/T1/AWJUGZ","Arctic atmospheric composition"
"267","doi:10.7281/T1/YOFR1E","overuse index"
"268","doi:10.7281/T1/YOFR1E","consumer attitudes towards healthcare"
"269","doi:10.7281/T1/YOFR1E","older adults"
"270","doi:10.7281/T1/EOPWE4","overuse index"
"271","doi:10.7281/T1/EOPWE4","consumer attitudes towards healthcare"
"272","doi:10.7281/T1/EOPWE4","older adults"
"273","doi:10.7281/T1/IJO1FU","Antarctic Circumpolar Current"
"274","doi:10.7281/T1/IJO1FU","oceanography"
"275","doi:10.7281/T1/IJO1FU","climate model"
"276","doi:10.7281/T1/IJO1FU","isopycnal mixing"
"277","doi:10.7281/T1/IJO1FU","parameterization"
"278","doi:10.7281/T1/VWQ4J3","communication"
"279","doi:10.7281/T1/VWQ4J3","intensive care"
"280","doi:10.7281/T1/VWQ4J3","critical care"
"281","doi:10.7281/T1/I3ILXO","chlorobenzene"
"282","doi:10.7281/T1/I3ILXO","bioremediation"
"283","doi:10.7281/T1/QGOMA0","Saturn"
"284","doi:10.7281/T1/QGOMA0","mass spectrometry"
"285","doi:10.7281/T1/QGOMA0","atmosphere"
"286","doi:10.7281/T1/QGOMA0","rings"
"287","doi:10.7281/T1/QGOMA0","Cassini"
"288","doi:10.7281/T1/MYJBMQ","Impurities"
"289","doi:10.7281/T1/MYJBMQ","plastics"
"290","doi:10.7281/T1/MYJBMQ","electrical conductivity"
"291","doi:10.7281/T1/MYJBMQ","doping"
"292","doi:10.7281/T1/MYJBMQ","polymers"
"293","doi:10.7281/T1/AWWAKP","response time"
"294","doi:10.7281/T1/AWWAKP","ocean age"
"295","doi:10.7281/T1/AWWAKP","subtropical gyres"
"296","doi:10.7281/T1/CRHEAH","static gate"
"297","doi:10.7281/T1/CRHEAH","Seebeck coefficient"
"298","doi:10.7281/T1/CRHEAH","organic semiconductor"
"299","doi:10.7281/T1/CRHEAH","conductivity"
"300","doi:10.7281/T1/CRHEAH","DNTT"
"301","doi:10.7281/T1/CRHEAH","organic field effect transistor"
"302","doi:10.7281/T1/CRHEAH","doping"
"303","doi:10.7281/T1/CRHEAH","activation energy"
"304","doi:10.7281/T1/W2AG3A","clinical risk score"
"305","doi:10.7281/T1/BNSVVD","global warming"
"306","doi:10.7281/T1/BNSVVD","ocean biogeochemistry"
"307","doi:10.7281/T1/BNSVVD","metal cycling"
"308","doi:10.7281/T1/BNSVVD","circulation model"
"309","doi:10.7281/T1/BT02SS","polymer blends"
"310","doi:10.7281/T1/BT02SS","threshold voltage shift"
"311","doi:10.7281/T1/BT02SS","field-effect transistors"
"312","doi:10.7281/T1/BT02SS","dielectric charge trapping"
"313","doi:10.7281/T1/I9NL60","memes"
"314","doi:10.7281/T1/I9NL60","hostility"
"315","doi:10.7281/T1/I9NL60","micro global politics"
"316","doi:10.7281/T1/VCPZIK","phenylenediamine side chain"
"317","doi:10.7281/T1/VCPZIK","highly branched phenylenediamine"
"318","doi:10.7281/T1/VCPZIK","organic transistor"
"319","doi:10.7281/T1/VCPZIK","gate dielectric"
"320","doi:10.7281/T1/VCPZIK","multilayer dielectric"
"321","doi:10.7281/T1/VCPZIK","static charge storage"
"322","doi:10.7281/T1/VCPZIK","threshold voltage shift"
"323","doi:10.7281/T1/PG105Y","conjugated polymers"
"324","doi:10.7281/T1/PG105Y","field-effect transistors"
"325","doi:10.7281/T1/PG105Y","polythiophenes"
"326","doi:10.7281/T1/PG105Y","vapor sensing"
"327","doi:10.7281/T1/PG105Y","oxygenated side chains"
"328","doi:10.7281/T1/PG105Y","linear discriminant analysis"
"329","doi:10.7281/T1/NT8FQN","N-DMBI"
"330","doi:10.7281/T1/NT8FQN","n-type conductive polymer"
"331","doi:10.7281/T1/NT8FQN","mixed dopant"
"332","doi:10.7281/T1/0JWMF0","complex dopant"
"333","doi:10.7281/T1/0JWMF0","n-type polymer thermoelectrics"
"334","doi:10.7281/T1/0JWMF0","high Seebeck coefficient"
"335","doi:10.7281/T1/0JWMF0","high power factor"
"336","doi:10.7281/T1/0JWMF0","Meisenheimer Complex"
"337","doi:10.7281/T1/D3EV75","n-type polymer dopant"
"338","doi:10.7281/T1/D3EV75","electrical conductivity"
"339","doi:10.7281/T1/D3EV75","Seebeck coefficient"
"340","doi:10.7281/T1/D3EV75","all-polymer thermoelectric"
"341","doi:10.7281/T1/D3EV75","electron mobility"
"342","doi:10.7281/T1/B660D2","internal cognitive state"
"343","doi:10.7281/T1/B660D2","state-space models"
"344","doi:10.7281/T1/B660D2","working memory"
"345","doi:10.7281/T1/B660D2","EEG"
"346","doi:10.7281/T1/B660D2","functional connectivity"
"347","doi:10.7281/T1/5UEIRG","conducting polymer"
"348","doi:10.7281/T1/5UEIRG","Seebeck coefficient"
"349","doi:10.7281/T1/5UEIRG","n-type"
"350","doi:10.7281/T1/5UEIRG","ambipolar"
"351","doi:10.7281/T1/5UEIRG","doping"
"352","doi:10.7281/T1/7IXSOP","decision making"
"353","doi:10.7281/T1/7IXSOP","attention"
"354","doi:10.7281/T1/7IXSOP","multi-attribute decision making"
"355","doi:10.7281/T1/7IXSOP","computational models"
"356","doi:10.7281/T1/7IXSOP","prospect theory"
"357","doi:10.7281/T1/7IXSOP","decision field theory"
"358","doi:10.7281/T1/7IXSOP","linear competing accumulators"
"359","doi:10.7281/T1/7IXSOP","decision by sampling"
"360","doi:10.7281/T1/7IXSOP","PROMETHEE"
"361","doi:10.7281/T1/7IXSOP","Attention and Memory-guided PROMETHEE (AMP)"
"362","doi:10.7281/T1/YUHUYN","conducting polymers"
"363","doi:10.7281/T1/YUHUYN","thermoelectrics"
"364","doi:10.7281/T1/YUHUYN","Seebeck coefficient"
"365","doi:10.7281/T1/YUHUYN","power factor"
"366","doi:10.7281/T1/YUHUYN","doping"
"367","doi:10.7281/T1/YUHUYN","borane"
"368","doi:10.7281/T1/YUHUYN","adduct"
"369","doi:10.7281/T1/1MQMFC","oligopeptides"
"370","doi:10.7281/T1/1MQMFC","conjugated cores"
"371","doi:10.7281/T1/1MQMFC","potassium chloride"
"372","doi:10.7281/T1/1MQMFC","mineralization"
"373","doi:10.7281/T1/1MQMFC","stacking"
"374","doi:10.7281/T1/1MQMFC","conductivity"
"375","doi:10.7281/T1/1MQMFC","morphology"
"376","doi:10.7281/T1/1MQMFC","ultraviolet-visible spectroscopy"
"377","doi:10.7281/T1/F1GCSB","Transplantation"
"378","doi:10.7281/T1/F1GCSB","CD8+ T cells"
"379","doi:10.7281/T1/F1GCSB","allograft rejection"
"380","doi:10.7281/T1/F1GCSB","immunology"
"381","doi:10.7281/T1/YC5BS6","vocalization"
"382","doi:10.7281/T1/YC5BS6","marmoset"
"383","doi:10.7281/T1/YC5BS6","call type"
"384","doi:10.7281/T1/YC5BS6","non-human primates"
"385","doi:10.7281/T1/AGLFQ2","heart failure with preserved ejection fraction"
"386","doi:10.7281/T1/AGLFQ2","animal models"
"387","doi:10.7281/T1/AGLFQ2","permeabilized"
"388","doi:10.7281/T1/AGLFQ2","cardiomyocyte"
"389","doi:10.7281/T1C8276W","visual cortex"
"390","doi:10.7281/T1C8276W","figure-ground"
"391","doi:10.7281/T1C8276W","natural scene"
"392","doi:10.7281/T1C8276W","electrophysiology"
"393","doi:10.7281/T1C8276W","Visual Area V2"
"394","doi:10.7281/T1C8276W","macaque"
"395","doi:10.7281/T1C8276W","visual perception"
"396","doi:10.7281/T1C8276W","single unit"
"397","doi:10.7281/T1/ZPGBJW","pregnancy health"
"398","doi:10.7281/T1/ZPGBJW","oral health"
"399","doi:10.7281/T1/ZPGBJW","periodontal health"
"400","doi:10.7281/T1/ZPGBJW","pregnancy outcomes"
"401","doi:10.7281/T1/ZPGBJW","preterm"
"402","doi:10.7281/T1/ZPGBJW","stillbirth"
"403","doi:10.7281/T1/ZPGBJW","Nepal"
"404","doi:10.7281/T1/ZPGBJW","global health"
"405","doi:10.7281/T1/ZPGBJW","community-based"
"406","doi:10.7281/T1/ZPGBJW","oral health"
"407","doi:10.7281/T1/CLTDND","overuse index"
"408","doi:10.7281/T1/CLTDND","consumer attitudes towards healthcare"
"409","doi:10.7281/T1/CLTDND","older adults"
"410","doi:10.7281/T1/LW2H2F","tuberculosis"
"411","doi:10.7281/T1/LW2H2F","retrospective cohort"
"412","doi:10.7281/T1/LW2H2F","routine data"
"413","doi:10.7281/T1/LW2H2F","health systems"
"414","doi:10.7281/T1/2K70CX","Nepal"
"415","doi:10.7281/T1/2K70CX","antenatal care"
"416","doi:10.7281/T1/2K70CX","neonatal health"
"417","doi:10.7281/T1/2K70CX","maternal health services"
"418","doi:10.7281/T1/2K70CX","quality of care"
"419","doi:10.7281/T1/QA0SFN","Reading"
"420","doi:10.7281/T1/QA0SFN","Literacy"
"421","doi:10.7281/T1/QA0SFN","Program Evaluation"
"422","doi:10.7281/T1/QA0SFN","Struggling Learners"
"423","doi:10.7281/T1/QA0SFN","Tutoring"
"424","doi:10.7281/T1/QA0SFN","Meta-Analysis"
"425","doi:10.7281/T1/QA0SFN","Systematic Review"
"426","doi:10.7281/T1/QA0SFN","Evidence-Based Education"
"427","doi:10.7281/T1/T3SA2Z","Heat stress"
"428","doi:10.7281/T1/T3SA2Z","Wet Bulb Global Temperature"
"429","doi:10.7281/T1/T3SA2Z","microclimate"
"430","doi:10.7281/T1/T3SA2Z","meteorology"
"431","doi:10.7281/T1/VZZOJB","clumped-isotope geothermometry"
"432","doi:10.7281/T1/VZZOJB","carbonate U–Pb geochronology"
"433","doi:10.7281/T1/VZZOJB","contact metamorphism"
"434","doi:10.7281/T1/VZZOJB","carbonate"
"435","doi:10.7281/T1/VZZOJB","kinetics"
"436","doi:10.7281/T1/LR1FMH","frailty"
"437","doi:10.7281/T1/LR1FMH","zipcode"
"438","doi:10.7281/T1/LR1FMH","county"
"439","doi:10.7281/T1/LR1FMH","map"
"440","doi:10.7281/T1/DTCK4M","health services"
"441","doi:10.7281/T1/DTCK4M","overuse"
"442","doi:10.7281/T1/DTCK4M","healthcare"
"443","doi:10.7281/T1/DTCK4M","low-value care"
"444","doi:10.7281/T1/PXEROL","Vitamin D supplements"
"445","doi:10.7281/T1/PXEROL","fall risk"
"446","doi:10.7281/T1/PXEROL","serum 25-hydroxyvitamin D"
"447","doi:10.7281/T1/2PGJQU","computer-assisted intervention"
"448","doi:10.7281/T1/2PGJQU","X-ray image analysis"
"449","doi:10.7281/T1/2PGJQU","machine learning"
"450","doi:10.7281/T1/2PGJQU","sim2real"
"451","doi:10.7281/T1/2PGJQU","landmark detection"
"452","doi:10.7281/T1/2PGJQU","domain randomization"
"453","doi:10.7281/T1/2PGJQU","domain generalization"
"454","doi:10.7281/T1/V5DLIW","conducting polymers"
"455","doi:10.7281/T1/V5DLIW","thermoelectrics"
"456","doi:10.7281/T1/V5DLIW","Seebeck coefficient"
"457","doi:10.7281/T1/V5DLIW","NO2"
"458","doi:10.7281/T1/V5DLIW","vapor sensing"
"459","doi:10.7281/T1/FFU0LR","cloud forensics"
"460","doi:10.7281/T1/FFU0LR","cloud computing"
"461","doi:10.7281/T1/FFU0LR","digital forensics"
"462","doi:10.7281/T1/FFU0LR","data forensics"
"463","doi:10.7281/T1/FFU0LR","anti-forensics techniques"
"464","doi:10.7281/T18G8HM0","WRTDS"
"465","doi:10.7281/T18G8HM0","chemostasis"
"466","doi:10.7281/T18G8HM0","mobilization"
"467","doi:10.7281/T18G8HM0","dilution"
"468","doi:10.7281/T18G8HM0","sediment"
"469","doi:10.7281/T18G8HM0","seasonality"
"470","doi:10.7281/T18G8HM0","stationarity"
"471","doi:10.7281/T1D798BQ","multisensory integration system"
"472","doi:10.7281/T1D798BQ","locomotion"
"473","doi:10.7281/T1D798BQ","weakly electric fish"
"474","doi:10.7281/T1D798BQ","sensory conflict"
"475","doi:10.7281/T1D798BQ","identification"
"476","doi:10.7281/T1D798BQ","feedback control"
"477","doi:10.7281/T1/L8UP2G","child health"
"478","doi:10.7281/T1/L8UP2G","fever"
"479","doi:10.7281/T1/L8UP2G","integrated community case management"
"480","doi:10.7281/T1/L8UP2G","Democratic Republic of Congo"
"481","doi:10.7281/T1/L8UP2G","global health"
"482","doi:10.7281/T1/L8UP2G","epidemiology"
"483","doi:10.7281/T1/L8UP2G","randomized control trials"
"484","doi:10.7281/T1/L8UP2G","non-inferiority trial"
"485","doi:10.7281/T1/L8UP2G","community based"
"486","doi:10.7281/T1/KOSYGQ","severe autism"
"487","doi:10.7281/T1/KOSYGQ","vocabulary"
"488","doi:10.7281/T1/KOSYGQ","eye-tracking"
"489","doi:10.7281/T1/KOSYGQ","pupillometry"
"490","doi:10.7281/T1/KOSYGQ","ERP"
"491","doi:10.7281/T1/KOSYGQ","cognitive neurology"
"492","doi:10.7281/T1/VAQP5N","Nepal"
"493","doi:10.7281/T1/VAQP5N","national surveys"
"494","doi:10.7281/T1/VAQP5N","agro-ecological zones"
"495","doi:10.7281/T1/VAQP5N","nutrition"
"496","doi:10.7281/T1/VAQP5N","agriculture"
"497","doi:10.7281/T1/VAQP5N","anthropometry"
"498","doi:10.7281/T1/VAQP5N","diet"
"499","doi:10.7281/T1/VAQP5N","global health"
"500","doi:10.7281/T1/VAQP5N","observational study"
"501","doi:10.7281/T1/LJZQPI","advance care planning"
"502","doi:10.7281/T1/LJZQPI","patient readmission"
"503","doi:10.7281/T1/LJZQPI","palliative care"
"504","doi:10.7281/T1/LJZQPI","CPR"
"505","doi:10.7281/T1/LJZQPI","cohort studies"
"506","doi:10.7281/T1/7WXPIN","ebullition"
"507","doi:10.7281/T1/7WXPIN","cyanobacteria"
"508","doi:10.7281/T1/7WXPIN","arsenic"
"509","doi:10.7281/T1/7WXPIN","lead"
"510","doi:10.7281/T1/7WXPIN","chromium"
"511","doi:10.7281/T1/7WXPIN","sediment"
"512","doi:10.7281/T1/7WXPIN","Limnology"
"513","doi:10.7281/T1/7WXPIN","Microbiology"
"514","doi:10.7281/T1/4F90KQ","catheter"
"515","doi:10.7281/T1/4F90KQ","endovascular sensing"
"516","doi:10.7281/T1/4F90KQ","navigation"
"517","doi:10.7281/T1/87PH8T","Motor learning"
"518","doi:10.7281/T1/87PH8T","adaptation"
"519","doi:10.7281/T1/87PH8T","de novo learning"
"520","doi:10.7281/T1/87PH8T","system identification"
"521","doi:10.7281/T1/N1X6I4","Tax law"
"522","doi:10.7281/T1/N1X6I4","NLP"
"523","doi:10.7281/T1/N1X6I4","semantics"
"524","doi:10.7281/T1/VDZAZY","Success for All"
"525","doi:10.7281/T1/VDZAZY","meta-analysis"
"526","doi:10.7281/T1/VDZAZY","literacy instruction"
"527","doi:10.7281/T1/VDZAZY","high-poverty schools"
"528","doi:10.7281/T1/VDZAZY","struggling readers"
"529","doi:10.7281/T1/EP0W7Y","object permanence"
"530","doi:10.7281/T1/EP0W7Y","trajectory prediction"
"531","doi:10.7281/T1/EP0W7Y","robot autonomy"
"532","doi:10.7281/T1/JYAHTN","hydrological forecast"
"533","doi:10.7281/T1/JYAHTN","drought"
"534","doi:10.7281/T1/JYAHTN","South Asia"
"535","doi:10.7281/T1/JYAHTN","soil moisture"
"536","doi:10.7281/T1/JYAHTN","land surface model"
"537","doi:10.7281/T1/QISGRU","astronomy data analysis"
"538","doi:10.7281/T1/QISGRU","stellar abundances"
"539","doi:10.7281/T1/QISGRU","fundamental parameters of stars"
"540","doi:10.7281/T1/QISGRU","stellar properties"
"541","doi:10.7281/T1/QISGRU","sky surveys"
"542","doi:10.7281/T1/QISGRU","solar and stellar astrophysics"
"543","doi:10.7281/T1/ZPJZJC","pathogen"
"544","doi:10.7281/T1/ZPJZJC","porous media"
"545","doi:10.7281/T1/ZPJZJC","stormwater biofilters"
"546","doi:10.7281/T1/ZPJZJC","biofilm"
"547","doi:10.7281/T1/ZPJZJC","community structure"
"548","doi:10.7281/T1/ZPJZJC","prediction"
"549","doi:10.7281/T1/ZPJZJC","bioaugmentation"
"550","doi:10.7281/T1/HVRF8B","plasticity"
"551","doi:10.7281/T1/HVRF8B","local yield stress"
"552","doi:10.7281/T1/HVRF8B","shear transformation zone"
"553","doi:10.7281/T1/HVRF8B","amorphous solids"
"554","doi:10.7281/T1/HVRF8B","molecular dynamics simulations"
"555","doi:10.7281/T1/VSW3JU","Tuberculosis"
"556","doi:10.7281/T1/VSW3JU","risk factors"
"557","doi:10.7281/T1/VSW3JU","mobility"
"558","doi:10.7281/T1/VSW3JU","migration"
"559","doi:10.7281/T1/VSW3JU","Uganda"
"560","doi:10.7281/T1/QXKY4B","spatial analysis"
"561","doi:10.7281/T1/QXKY4B","infertility"
"562","doi:10.7281/T1/QXKY4B","access to care"
"563","doi:10.7281/T1/QXKY4B","geography"
"564","doi:10.7281/T1/QXKY4B","ART"
"565","doi:10.7281/T1/QXKY4B","satellite clinics"
"566","doi:10.7281/T1/6I0KPP","exoplanets"
"567","doi:10.7281/T1/6I0KPP","exoplanet dynamics"
"568","doi:10.7281/T1/6I0KPP","exoplanet evolution"
"569","doi:10.7281/T1/6I0KPP","exoplanet systems"
"570","doi:10.7281/T1/6I0KPP","exoplanet tides"
"571","doi:10.7281/T1/6I0KPP","stellar ages"
"572","doi:10.7281/T1/6I0KPP","stellar kinematics"
"573","doi:10.7281/T1/6I0KPP","tidal interaction"
"574","doi:10.7281/T1/RTSGO0","RNA chaperone"
"575","doi:10.7281/T1/RTSGO0","small RNA"
"576","doi:10.7281/T1/RTSGO0","intrinsically disordered protein"
"577","doi:10.7281/T1/RTSGO0","ion mobility mass spectrometry"
"578","doi:10.7281/T1/RTSGO0","surface-induced ion dissociation"
"579","doi:10.7281/T1/AZ8G3G","medical licensing"
"580","doi:10.7281/T1/AZ8G3G","Portuguese India"
"581","doi:10.7281/T1/AZ8G3G","Estado da Índia"
"582","doi:10.7281/T1/AZ8G3G","Indian medicine"
"583","doi:10.7281/T1/AZ8G3G","ayurveda"
"584","doi:10.7281/T1/AZ8G3G","colonial medicine"
"585","doi:10.7281/T1/AZ8G3G","early modern medicine"
"586","doi:10.7281/T1/AZ8G3G","Portuguese Goa"
"587","doi:10.7281/T1/AZ8G3G","Portuguese empire"
"588","doi:10.7281/T1/LJ9FLW","Saturn"
"589","doi:10.7281/T1/LJ9FLW","rings"
"590","doi:10.7281/T1/LJ9FLW","Cassini"
"591","doi:10.7281/T1/LJ9FLW","mass spectrometry"
"592","doi:10.7281/T1/LJ9FLW","atmosphere"
"593","doi:10.7281/T1/EHSEV2","estuary"
"594","doi:10.7281/T1/EHSEV2","pyrite"
"595","doi:10.7281/T1/EHSEV2","Beggiatoa"
"596","doi:10.7281/T1/EHSEV2","cable bacteria"
"597","doi:10.7281/T1/EHSEV2","sulfur isotopes"
"598","doi:10.7281/T1/EHSEV2","hypoxia"
"599","doi:10.7281/T1/2DKJB2","biophysics"
"600","doi:10.7281/T1/2DKJB2","computational biology"
"601","doi:10.7281/T1/2DKJB2","sodium channel"
"602","doi:10.7281/T1/2DKJB2","selectivity"
"603","doi:10.7281/T1/2DKJB2","pKa values"
"604","doi:10.7281/T1/2DKJB2","molecular dynamics"
"605","doi:10.7281/T1/8BOXVM","Chagas disease"
"606","doi:10.7281/T1/8BOXVM","cardiomyopathy"
"607","doi:10.7281/T1/8BOXVM","cardiac"
"608","doi:10.7281/T1/8BOXVM","chronic chagas"
"609","doi:10.7281/T1/UJO8EZ","polyammonium salt"
"610","doi:10.7281/T1/UJO8EZ","Seebeck coefficient"
"611","doi:10.7281/T1/UJO8EZ","ionic conductivity"
"612","doi:10.7281/T1/UJO8EZ","ionomer"
"613","doi:10.7281/T1/UJO8EZ","thermoelectrics"
"614","doi:10.7281/T1/HW66X3","DNA crosslinkers"
"615","doi:10.7281/T1/HW66X3","platinum(II)"
"616","doi:10.7281/T1/HW66X3","cisplatin"
"617","doi:10.7281/T1/HW66X3","biosensors"
"618","doi:10.7281/T1/HW66X3","electron transfer"
"619","doi:10.7281/T1MW2F2Z","extracellular matrix"
"620","doi:10.7281/T1MW2F2Z","endothelial progenitor cells"
"621","doi:10.7281/T1MW2F2Z","angiogenesis"
"622","doi:10.7281/T1MW2F2Z","vascular endothelial grwoth factor"
"623","doi:10.7281/T1MW2F2Z","tubulogenesis"
"624","doi:10.7281/T1CC0XMT","micropatterning"
"625","doi:10.7281/T1CC0XMT","cell adhesion"
"626","doi:10.7281/T1VD6WC7","Chesapeake Bay"
"627","doi:10.7281/T1VD6WC7","long-term watershed monitoring"
"628","doi:10.7281/T1VD6WC7","nutrient and sediment loadings"
"629","doi:10.7281/T1VD6WC7","non-point-source pollution"
"630","doi:10.7281/T1VD6WC7","WRTDS"
"631","doi:10.7281/T1VD6WC7","seasonal trends"
"632","doi:10.7281/T1QN64NW","WRTDS"
"633","doi:10.7281/T1QN64NW","Susquehanna River Basin"
"634","doi:10.7281/T1QN64NW","Chesapeake Bay"
"635","doi:10.7281/T1QN64NW","nutrient and sediment loadings"
"636","doi:10.7281/T1QN64NW","long-term trends"
"637","doi:10.7281/T1QN64NW","mass balances"
"638","doi:10.7281/T1QN64NW","Conowingo Dam"
"639","doi:10.7281/T1/Y2PVKD","Earth system modeling"
"640","doi:10.7281/T1/6JMKIG","Ethiopia"
"641","doi:10.7281/T1/6JMKIG","meteorological station data"
"642","doi:10.7281/T1/6JMKIG","solar radiation"
"643","doi:10.7281/T1/6JMKIG","meteorology"
"644","doi:10.7281/T1/UMDMQK","Nepal"
"645","doi:10.7281/T1/UMDMQK","national surveys"
"646","doi:10.7281/T1/UMDMQK","agro-ecological zones"
"647","doi:10.7281/T1/UMDMQK","nutrition"
"648","doi:10.7281/T1/UMDMQK","anthropometry"
"649","doi:10.7281/T1/UMDMQK","diet"
"650","doi:10.7281/T1/UMDMQK","observational study"
"651","doi:10.7281/T1/EM61IB","Nepal"
"652","doi:10.7281/T1/EM61IB","national surveys"
"653","doi:10.7281/T1/EM61IB","agro-ecological zones"
"654","doi:10.7281/T1/EM61IB","nutrition"
"655","doi:10.7281/T1/EM61IB","agriculture"
"656","doi:10.7281/T1/EM61IB","anthropometry"
"657","doi:10.7281/T1/EM61IB","diet"
"658","doi:10.7281/T1/EM61IB","global health"
"659","doi:10.7281/T1/EM61IB","observational study"
"660","doi:10.7281/T1/FWDYPW","motor learning"
"661","doi:10.7281/T1/FWDYPW","habit"
"662","doi:10.7281/T1/FWDYPW","skill"
"663","doi:10.7281/T1/4ZCOC4","land surface model"
"664","doi:10.7281/T1/4ZCOC4","data assimilation"
"665","doi:10.7281/T1/4ZCOC4","irrigation"
"666","doi:10.7281/T1/4ZCOC4","high plains aquifer"
"667","doi:10.7281/T1/XNZRR8","conjugated polymers"
"668","doi:10.7281/T1/XNZRR8","electrochemical transistors"
"669","doi:10.7281/T1/XNZRR8","counterions"
"670","doi:10.7281/T1/XNZRR8","transconductance"
"671","doi:10.7281/T1/XNZRR8","polythiophenes"
"672","doi:10.7281/T1/NEACHP","photochemical hazes"
"673","doi:10.7281/T1/NEACHP","exoplanet atmospheres"
"674","doi:10.7281/T1/NEACHP","JWST spectra"
"675","doi:10.7281/T1/NEACHP","optical constants"
"676","doi:10.7281/T1/EAC3HJ","racial integration"
"677","doi:10.7281/T1/EAC3HJ","neighborhood satisfaction"
"678","doi:10.7281/T1/EAC3HJ","neighborhood change"
"679","doi:10.7281/T1/EAC3HJ","Washington, DC"
"680","doi:10.7281/T1/EAC3HJ","multiracial neighborhood"
"681","doi:10.7281/T1/B1QTXI","Mexico"
"682","doi:10.7281/T1/B1QTXI","agriculture"
"683","doi:10.7281/T1/B1QTXI","economic history"
"684","doi:10.7281/T1/B1QTXI","labor history"
"685","doi:10.7281/T1/B1QTXI","environmental history"
"686","doi:10.7281/T1/B1QTXI","Porfiriato"
"687","doi:10.7281/T1/EQKCFP","influenza B virus"
"688","doi:10.7281/T1/EQKCFP","human nasal epithelial cells"
"689","doi:10.7281/T1/EQKCFP","cell tropism"
"690","doi:10.7281/T1/EQKCFP","viral transcriptomics"
"691","doi:10.7281/T1/EQKCFP","protein immunoassay"
"692","doi:10.7281/T1/8DBUAP","circular dichroism"
"693","doi:10.7281/T1/8DBUAP","Hippo pathway"
"694","doi:10.7281/T1/8DBUAP","MST kinase"
"695","doi:10.7281/T1/8DBUAP","structure-function"
"696","doi:10.7281/T1/8DBUAP","protein kinases"
"697","doi:10.7281/T1/UP8RWD","glucagon suppression"
"698","doi:10.7281/T1/UP8RWD","glucagon secretion"
"699","doi:10.7281/T1/UP8RWD","incretin effect"
"700","doi:10.7281/T1/UP8RWD","insulin sensitivity"
"701","doi:10.7281/T1/UP8RWD","insulin secretion"
"702","doi:10.7281/T1/SMICE5","auditory cortex"
"703","doi:10.7281/T1/SMICE5","training"
"704","doi:10.7281/T1/SMICE5","response"
"705","doi:10.7281/T1/SMICE5","neuroplasticity"
"706","doi:10.7281/T1/SMICE5","cortical plasticity"
"707","doi:10.7281/T1KW5CX5","WRTDS"
"708","doi:10.7281/T1KW5CX5","Susquehanna River Basin"
"709","doi:10.7281/T1KW5CX5","Chesapeake Bay"
"710","doi:10.7281/T1KW5CX5","nutrient and sediment loadings"
"711","doi:10.7281/T1KW5CX5","long-term seasonal trends"
"712","doi:10.7281/T1KW5CX5","Conowingo Dam"
"713","doi:10.7281/T1/J8UWFU","automated training"
"714","doi:10.7281/T1/J8UWFU","chronic widefield imaging"
"715","doi:10.7281/T1/J8UWFU","higher-order auditory cortex"
"716","doi:10.7281/T1/J8UWFU","learning"
"717","doi:10.7281/T1/J8UWFU","neural representation"
"718","doi:10.7281/T1/J8UWFU","functional connectivity"
"719","doi:10.7281/T1/DG7RDP","Earth System Model"
"720","doi:10.7281/T1/DG7RDP","ocean color"
"721","doi:10.7281/T1/DG7RDP","climate"
"722","doi:10.7281/T1/DG7RDP","sea surface temperature"
"723","doi:10.7281/T1/DG7RDP","oceanography"
"724","doi:10.7281/T1/DG7RDP","climate science"
"725","doi:10.7281/T1/ZQZX80","atomic force microscopy"
"726","doi:10.7281/T1/ZQZX80","column breakthrough curves"
"727","doi:10.7281/T1/ZQZX80","microplastic remediation"
"728","doi:10.7281/T1/ZQZX80","stormwater management"
"729","doi:10.7281/T1/ZQZX80","colloidal filtration"
"730","doi:10.7281/T1/4RZTRN","IL10 (interleukin 10)"
"731","doi:10.7281/T1/4RZTRN","emphysema"
"732","doi:10.7281/T1/4RZTRN","macrophages"
"733","doi:10.7281/T1/4RZTRN","MMP12 (matrix metalloprotease 12)"
"734","doi:10.7281/T1/4RZTRN","alveolar epithelial cells"
"735","doi:10.7281/T1/4RZTRN","lymphoid aggregates"
"736","doi:10.7281/T1/T81CEP","Tuberculosis"
"737","doi:10.7281/T1/T81CEP","geographic information systems"
"738","doi:10.7281/T1/T81CEP","routine data"
"739","doi:10.7281/T1/T81CEP","health systems"
"740","doi:10.7281/T1/T81CEP","active case finding"
"741","doi:10.7281/T1/XZ0CGJ","spatial analysis"
"742","doi:10.7281/T1/XZ0CGJ","ART"
"743","doi:10.7281/T1/XZ0CGJ","IVF"
"744","doi:10.7281/T1/XZ0CGJ","IUI"
"745","doi:10.7281/T1/XZ0CGJ","infertility"
"746","doi:10.7281/T1/XZ0CGJ","fertility"
"747","doi:10.7281/T1/XZ0CGJ","clinic"
"748","doi:10.7281/T1/RECXQW","irrigation"
"749","doi:10.7281/T1/RECXQW","vegetation"
"750","doi:10.7281/T1/RECXQW","land surface model"
"751","doi:10.7281/T1/RECXQW","data assimilation"
"752","doi:10.7281/T1/QUDBC6","Maryland"
"753","doi:10.7281/T1/QUDBC6","food systems"
"754","doi:10.7281/T1/QUDBC6","maps"
"755","doi:10.7281/T1/QUDBC6","geographic information systems (GIS)"
"756","doi:10.7281/T1/KGCGBM","organic transistors"
"757","doi:10.7281/T1/KGCGBM","charge retention"
"758","doi:10.7281/T1/KGCGBM","charge trapping"
"759","doi:10.7281/T1/KGCGBM","dielectrics"
"760","doi:10.7281/T1/AVOEQR","acetylcholine"
"761","doi:10.7281/T1/AVOEQR","reinforcement signaling"
"762","doi:10.7281/T1/AVOEQR","amyloidosis"
"763","doi:10.7281/T1/AVOEQR","Alzheimer’s Disease"
"764","doi:10.7281/T1/AVOEQR","imaging"
"765","doi:10.7281/T1/AVOEQR","mouse model "
"766","doi:10.7281/T1/C8BCOW","polymer dielectrics"
"767","doi:10.7281/T1/C8BCOW","organic transistors"
"768","doi:10.7281/T1/C8BCOW","charge storage"
"769","doi:10.7281/T1/C8BCOW","threshold voltage"
"770","doi:10.7281/T1/VNFY91","pyrite"
"771","doi:10.7281/T1/VNFY91","sediment"
"772","doi:10.7281/T1/VNFY91","early Paleozoic"
"773","doi:10.7281/T1/VNFY91","oxygen"
"774","doi:10.7281/T1/VNFY91","bioturbation"
"775","doi:10.7281/T1/VNFY91","Chesapeake Bay"
"776","doi:10.7281/T17P8W98","micropatterning"
"777","doi:10.7281/T17P8W98","endothelial cells"
"778","doi:10.7281/T1H41PBJ","hyaluronic acid"
"779","doi:10.7281/T1H41PBJ","micropatterning"
"780","doi:10.7281/T1H41PBJ","cell adhesion"
"781","doi:10.7281/T1/C6MCOX","active sensing"
"782","doi:10.7281/T1/C6MCOX","weakly electric fish"
"783","doi:10.7281/T1/C6MCOX","electrosensation"
"784","doi:10.7281/T1/C6MCOX","sensory cue"
"785","doi:10.7281/T1/C6MCOX","sensorimotor system"
"786","doi:10.7281/T1/C6MCOX","smooth pursuit"
"787","doi:10.7281/T1/C6MCOX","behavioral neuroscience"
"788","doi:10.7281/T1F769G3","international health"
"789","doi:10.7281/T1F769G3","public health"
"790","doi:10.7281/T1F769G3","maternal and child health"
"791","doi:10.7281/T1F769G3","mortality monitoring"
"792","doi:10.7281/T1F769G3","community health workers"
"793","doi:10.7281/T1F769G3","under-five mortality rate"
"794","doi:10.7281/T1/IFSXNV","Landmark Detection"
"795","doi:10.7281/T1/IFSXNV","Semantic Segmentation"
"796","doi:10.7281/T1/IFSXNV","2D/3D Registration"
"797","doi:10.7281/T1/IFSXNV","X-ray Navigation"
"798","doi:10.7281/T1/IFSXNV","Orthopaedics"
"799","doi:10.7281/T1/IFSXNV","Hip Surgery"
"800","doi:10.7281/T1/IFSXNV","Fluoroscopy"
"801","doi:10.7281/T1/IFSXNV","Convolutional Neural Networks"
"802","doi:10.7281/T1/0EYOMQ","irrigation"
"803","doi:10.7281/T1/0EYOMQ","Noah-MP"
"804","doi:10.7281/T1/0EYOMQ","data assimilation"
"805","doi:10.7281/T1/0EYOMQ","vegetation"
"806","doi:10.7281/T1/0EYOMQ","soil moisture"
"807","doi:10.7281/T1/L4QB1Z","conjugated polymers"
"808","doi:10.7281/T1/L4QB1Z","biosensors"
"809","doi:10.7281/T1/L4QB1Z","human IgG"
"810","doi:10.7281/T1/L4QB1Z","open circuit potential"
"811","doi:10.7281/T1/L4QB1Z","electrochemical transistors"
"812","doi:10.7281/T1/OOMZS7","value-driven attention capture"
"813","doi:10.7281/T1/OOMZS7","working memory"
"814","doi:10.7281/T1/OOMZS7","EEG"
"815","doi:10.7281/T1/OOMZS7","reaction time"
"816","doi:10.7281/T1/LQMJJM","cancer"
"817","doi:10.7281/T1/LQMJJM","telomerase aging"
"818","doi:10.7281/T1/LQMJJM","T cell aging"
"819","doi:10.7281/T1/LQMJJM","genome instability"
"820","doi:10.7281/T1/LQMJJM","head and neck cancer"
"821","doi:10.7281/T1/LQMJJM","senescence"
"822","doi:10.7281/T1/LQMJJM","immune aging"
"823","doi:10.7281/T1/LQMJJM","pulmonary fibrosis"
"824","doi:10.7281/T1/0L0OA0","mouse"
"825","doi:10.7281/T1/0L0OA0","cerebral blood flow"
"826","doi:10.7281/T1/0L0OA0","anesthesia"
"827","doi:10.7281/T1/0L0OA0","isoflurane"
"828","doi:10.7281/T1/0L0OA0","calibration"
"829","doi:10.7281/T1/PIVKJ7","movement variability"
"830","doi:10.7281/T1/PIVKJ7","human brain"
"831","doi:10.7281/T1/PIVKJ7","SEEG"
"832","doi:10.7281/T1/PIVKJ7","large-scale brain networks"
"833","doi:10.7281/T1/PIVKJ7","encoding"
"834","doi:10.7281/T1/PIVKJ7","connectivity"
"835","doi:10.7281/T1/PIVKJ7","non-parametric cluster statistic"
"836","doi:10.7281/T1/PIVKJ7","internal states"
"837","doi:10.7281/T1/UIJLZO","particulate matter"
"838","doi:10.7281/T1/UIJLZO","organic field effect transistor"
"839","doi:10.7281/T1/UIJLZO","sensors"
"840","doi:10.7281/T1057CVH","electric field mediated colloidal self-assembly"
"841","doi:10.7281/T1057CVH","feedback control"
"842","doi:10.7281/T1057CVH","microfabrication"
"843","doi:10.7281/T1057CVH","electrokinetic transport"
"844","doi:10.7281/T1057CVH","electrophoresis"
"845","doi:10.7281/T1057CVH","electroosmosis"
"846","doi:10.7281/T1057CVH","dielectrophoresis"
"847","doi:10.7281/T1057CVH","dipole-field interactions"
"848","doi:10.7281/T1057CVH","dipole-dipole interactions"
"849","doi:10.7281/T1/DP2U9M","doubt"
"850","doi:10.7281/T1/DP2U9M","decision-making"
"851","doi:10.7281/T1/DP2U9M","obsessive-compulsive disorder (OCD)"
"852","doi:10.7281/T1/DP2U9M","assessment"
"853","doi:10.7281/T1/DP2U9M","neuropsychology"
"854","doi:10.7281/T1/DP2U9M","psychometrics"
"855","doi:10.7281/T1/DP2U9M","psychopathology"
"856","doi:10.7281/T1/UXPNT5","COVID-19"
"857","doi:10.7281/T1/UXPNT5","Côte d’Ivoire"
"858","doi:10.7281/T1/UXPNT5","qualitative"
"859","doi:10.7281/T1/UXPNT5","stigma"
"860","doi:10.7281/T1/UXPNT5","barrier measures"
"861","doi:10.7281/T1/UXPNT5","prevention"
"862","doi:10.7281/T1/X4MXHC","Morocco"
"863","doi:10.7281/T1/X4MXHC","drought"
"864","doi:10.7281/T1/X4MXHC","vegetation"
"865","doi:10.7281/T1/X4MXHC","land surface model"
"866","doi:10.7281/T1/X4MXHC","data assimilation"
"867","doi:10.7281/T1/QQ77OB","motor learning"
"868","doi:10.7281/T1/QQ77OB","de novo learning"
"869","doi:10.7281/T1/NU0VS7","anthropogenic impacts"
"870","doi:10.7281/T1/NU0VS7","sulfur cycling"
"871","doi:10.7281/T1/NU0VS7","transport processes"
"872","doi:10.7281/T1/NU0VS7","suburban watershed"
"873","doi:10.7281/T1/NU0VS7","forested watershed"
"874","doi:10.7281/T1/NU0VS7","stream discharge"
"875","doi:10.7281/T1/NU0VS7","water isotopes"
"876","doi:10.7281/T1/NU0VS7","sulfates sulfur isotopes"
"877","doi:10.7281/T1/NU0VS7","sulfate oxygen isotopes"
"878","doi:10.7281/T1/NU0VS7","suburban land use"
"879","doi:10.7281/T1/KTOG9W","breast cancer metastasis"
"880","doi:10.7281/T1/KTOG9W","iron oxide nanoparticles"
"881","doi:10.7281/T1/KTOG9W","T cell signaling"
"882","doi:10.7281/T1/KTOG9W","Toll/interleukin-1 receptor-domain-containing adaptor-inducing interferon-β (TRIF)"
"883","doi:10.7281/T1/KTOG9W","toll-like receptors"
"884","doi:10.7281/T1/VXGDYH","auditory cortex"
"885","doi:10.7281/T1/VXGDYH","signal-to-noise ratio"
"886","doi:10.7281/T1/VXGDYH","behavior"
"887","doi:10.7281/T1/VXGDYH","orbitofrontal cortex"
"888","doi:10.7281/T1/VXGDYH","top-down"
"889","doi:10.7281/T1154F09","hard sphere"
"890","doi:10.7281/T1154F09","molecular dynamics"
"891","doi:10.7281/T1154F09","perturbation theory"
"892","doi:10.7281/T1154F09","phase behavior"
"893","doi:10.7281/T1154F09","diffusion maps"
"894","doi:10.7281/T1154F09","model system"
"895","doi:10.7281/T1154F09","free energy"
"896","doi:10.7281/T1154F09","cluster"
"897","doi:10.7281/T1154F09","state"
"898","doi:10.7281/T1154F09","crystallization"
"899","doi:10.7281/T1/BCARLC","cerebellum"
"900","doi:10.7281/T1/BCARLC","ataxia"
"901","doi:10.7281/T1/BCARLC","control theory"
"902","doi:10.7281/T1/BCARLC","motor control"
"903","doi:10.7281/T1/BCARLC","reaching"
"904","doi:10.7281/T1/XGVRX0","conjugated polymers"
"905","doi:10.7281/T1/XGVRX0","biosensors"
"906","doi:10.7281/T1/XGVRX0","myelin basic protein"
"907","doi:10.7281/T1/XGVRX0","SARS-CoV-2"
"908","doi:10.7281/T1/XGVRX0","OECT"
"909","doi:10.7281/T1/XGVRX0","open circuit potential"
"910","doi:10.7281/T1/XGVRX0","zeta potential"
"911","doi:10.7281/T1/NLHSKE","thermodynamic modeling"
"912","doi:10.7281/T1/NLHSKE","deep fluids"
"913","doi:10.7281/T1/NLHSKE","DEW model"
"914","doi:10.7281/T1/NLHSKE","abiotic hydrocarbons"
"915","doi:10.7281/T1/NLHSKE","subduction zone"
"916","doi:10.7281/T1/K08BJZ","metagenomics"
"917","doi:10.7281/T1/K08BJZ","biogeochemical model"
"918","doi:10.7281/T1/K08BJZ","Chesapeake Bay"
"919","doi:10.7281/T1/K08BJZ","genes"
"920","doi:10.7281/T1/SWU4P8","Renal physiology"
"921","doi:10.7281/T1/SWU4P8","ADPKD"
"922","doi:10.7281/T1/SWU4P8","Polycystin-2"
"923","doi:10.7281/T1/SWU4P8","RNA sequencing"
"924","doi:10.7281/T1/SWU4P8","Transcriptomics"
"925","doi:10.7281/T1/SWU4P8","in vitro ADPKD model"
"926","doi:10.7281/T1/860JVB","organic electrochemical transistors"
"927","doi:10.7281/T1/860JVB","biosensors"
"928","doi:10.7281/T1/860JVB","gate functionalization"
"929","doi:10.7281/T1/860JVB","dual gate circuit"
"930","doi:10.7281/T1/860JVB","drift compensation"
"931","doi:10.7281/T1/WVDKQI","organic field-effect transistors"
"932","doi:10.7281/T1/WVDKQI","charge storage"
"933","doi:10.7281/T1/WVDKQI","capacitors"
"934","doi:10.7281/T1/WVDKQI","static charging"
"935","doi:10.7281/T1/WVDKQI","dielectrics"
"936","doi:10.7281/T1/YPUEQT","smFRET"
"937","doi:10.7281/T1/YPUEQT","sRNA regulation"
"938","doi:10.7281/T1/YPUEQT","Hfq"
"939","doi:10.7281/T1/YPUEQT","RNA chaperone"
"940","doi:10.7281/T1/YPUEQT","facilitated diffusion"
"941","doi:10.7281/T1/UDTJPD","Sensorimotor control"
"942","doi:10.7281/T1/UDTJPD","weakly electric fish"
"943","doi:10.7281/T1/UDTJPD","sensory feedback"
"944","doi:10.7281/T1/UDTJPD","variability"
"945","doi:10.7281/T1/UDTJPD","system identification"
"946","doi:10.7281/T1/UDTJPD","neuroscience"
"947","doi:10.7281/T1/5QMDY6","smFRET"
"948","doi:10.7281/T1/5QMDY6","RNA folding"
"949","doi:10.7281/T1/5QMDY6","transcription"
"950","doi:10.7281/T1/5QMDY6","riboswitch"
"951","doi:10.7281/T1/5QMDY6","ribozyme"
"952","doi:10.7281/T1WD3XHM","smooth muscle cells"
"953","doi:10.7281/T1WD3XHM","blood vessels"
"954","doi:10.7281/T1WD3XHM","differentiation"
"955","doi:10.7281/T1WD3XHM","human embryonic stem cells"
"956","doi:10.7281/T1WD3XHM","tissue engineering"
"957","doi:10.7281/T1W66HPZ","echolocation"
"958","doi:10.7281/T1W66HPZ","active sensing"
"959","doi:10.7281/T1W66HPZ","sonar adaptations"
"960","doi:10.7281/T1W66HPZ","3D spatial orientation"
"961","doi:10.7281/T1/NL3HTW","metagenomics"
"962","doi:10.7281/T1/NL3HTW","16S rRNA gene sequences"
"963","doi:10.7281/T1/NL3HTW","Chesapeake Bay"
"964","doi:10.7281/T1/NL3HTW","hypoxia"
"965","doi:10.7281/T1/FTCWPF","Hydrology"
"966","doi:10.7281/T1/QVAHMD","natural language processing"
"967","doi:10.7281/T1/QVAHMD","natural language processing and law"
"968","doi:10.7281/T1/QVAHMD","artificial intelligence and law"
"969","doi:10.7281/T1/QVAHMD","pointwise mutual information"
"970","doi:10.7281/T1/QVAHMD","event semantics"
"971","doi:10.7281/T1/UZIT7C","Titan"
"972","doi:10.7281/T1/UZIT7C","planetary science"
"973","doi:10.7281/T1/UZIT7C","planetary atmospheres"
"974","doi:10.7281/T1/UZIT7C","clouds"
"975","doi:10.7281/T1/2QCZXM","Mexico"
"976","doi:10.7281/T1/2QCZXM","administrative geography"
"977","doi:10.7281/T1/2QCZXM","municipality"
"978","doi:10.7281/T1/2QCZXM","GIS"
"979","doi:10.7281/T1/2QCZXM","1900"
"980","doi:10.7281/T1/2QCZXM","nineteenth century"
"981","doi:10.7281/T1/2QCZXM","historical GIS"
"982","doi:10.7281/T1/2QCZXM","historical geography"
"983","doi:10.7281/T1/AVEV7M","bacterial small RNA"
"984","doi:10.7281/T1/AVEV7M","co-transcriptional RNA folding"
"985","doi:10.7281/T1/AVEV7M","single-molecule fluorescence"
"986","doi:10.7281/T1/AVEV7M","RNA chaperone"
"987","doi:10.7281/T1/AVEV7M","Hfq"
"988","doi:10.7281/T1/AVEV7M","protein induced fluorescence enhancement"
"989","doi:10.7281/T1/BDLMJG","waste management"
"990","doi:10.7281/T1/BDLMJG","urban India"
"991","doi:10.7281/T1/BDLMJG","informal economy"
"992","doi:10.7281/T1/BDLMJG","infrastructure privatization"
"993","doi:10.7281/T1/H1ZPLI","influenza"
"994","doi:10.7281/T1/H1ZPLI","H1N1"
"995","doi:10.7281/T1/H1ZPLI","receptor binding"
"996","doi:10.7281/T1/H1ZPLI","viral fitness"
"997","doi:10.7281/T1/H1ZPLI","antigenic drift"
"998","doi:10.7281/T1/H1ZPLI","nasal epithelial cells"
"999","doi:10.7281/T1/I0H3GY","ITO"
"1000","doi:10.7281/T1/I0H3GY","nucleic acids"
"1001","doi:10.7281/T1/I0H3GY","electrochemical sensor"
"1002","doi:10.7281/T1/I0H3GY","alkylphosphonic acids"
"1003","doi:10.7281/T1/TLEBVW","wind energy"
"1004","doi:10.7281/T1/TLEBVW","large eddy simulation"
"1005","doi:10.7281/T1/TLEBVW","receding horizon control"
"1006","doi:10.7281/T1/TLEBVW","frequency regulation"
"1007","doi:10.7281/T1/AYTUVI","cerebellar ataxia"
"1008","doi:10.7281/T1/AYTUVI","humans"
"1009","doi:10.7281/T1/AYTUVI","physical therapy modalities"
"1010","doi:10.7281/T1/AYTUVI","robotics"
"1011","doi:10.7281/T1/IWOVKD","lateral mixing"
"1012","doi:10.7281/T1/IWOVKD","Earth System Model"
"1013","doi:10.7281/T1/IWOVKD","ocean deoxygenization"
"1014","doi:10.7281/T1/IWOVKD","CM2Mc"
"1015","doi:10.7281/T1/IWOVKD","ESM2Mc"
"1016","doi:10.7281/T1/IWOVKD","oceanography"
"1017","doi:10.7281/T1/IWOVKD","climate change"
"1018","doi:10.7281/T1/VZYIRV","nerve stimulation"
"1019","doi:10.7281/T1/VZYIRV","temporal interference"
"1020","doi:10.7281/T1/VZYIRV","sciatic nerve stimulation"
"1021","doi:10.7281/T1/VZYIRV","cuff electrode stimulation"
"1022","doi:10.7281/T1/MYBQC7","Mars"
"1023","doi:10.7281/T1/MYBQC7","polar"
"1024","doi:10.7281/T1/MYBQC7","planetary"
"1025","doi:10.7281/T1/XTSKOW","weakly electric fish"
"1026","doi:10.7281/T1/XTSKOW","pose estimation"
"1027","doi:10.7281/T1/XTSKOW","electrode tracking"
"1028","doi:10.7281/T1/XTSKOW","behavioral monitoring"
"1029","doi:10.7281/T1/XTSKOW","field data analysis"
"1030","doi:10.7281/T1/FIS2QT","Ocean convection"
"1031","doi:10.7281/T1/FIS2QT","coupled climate variability"
"1032","doi:10.7281/T1/FIS2QT","Southern Ocean"
"1033","doi:10.7281/T1/FIS2QT","Weddell Sea"
"1034","doi:10.7281/T1/FIS2QT","modeling"
"1035","doi:10.7281/T1PN93HH","migration"
"1036","doi:10.7281/T1PN93HH","immigration"
"1037","doi:10.7281/T1PN93HH","immigrant incorporation"
"1038","doi:10.7281/T1PN93HH","citizenship"
"1039","doi:10.7281/T1PN93HH","naturalization"
"1040","doi:10.7281/T1PN93HH","multiculturalism"
"1041","doi:10.7281/T1PN93HH","multicultural coexistence"
"1042","doi:10.7281/T1PN93HH","multicultural families"
"1043","doi:10.7281/T1PN93HH","discrimination"
"1044","doi:10.7281/T1PN93HH","identity"
"1045","doi:10.7281/T1PN93HH","political empowerment"
"1046","doi:10.7281/T1PN93HH","migrant workers"
"1047","doi:10.7281/T1PN93HH","foreign workers"
"1048","doi:10.7281/T1PN93HH","marriage migration"
"1049","doi:10.7281/T1PN93HH","marriage migrants"
"1050","doi:10.7281/T1PN93HH","foreign residents"
"1051","doi:10.7281/T1PN93HH","refugees"
"1052","doi:10.7281/T1PN93HH","diversity"
"1053","doi:10.7281/T1PN93HH","advocacy"
"1054","doi:10.7281/T1PN93HH","Japan"
"1055","doi:10.7281/T1PN93HH","Korea"
"1056","doi:10.7281/T1PN93HH","East Asia"
"1057","doi:10.7281/T1PN93HH","Filipinos in Japan"
"1058","doi:10.7281/T1PN93HH","Zainichi Koreans"
"1059","doi:10.7281/T1PN93HH","Nikkei Peruvians"
"1060","doi:10.7281/T1PN93HH","Nikkei Brazilians"
"1061","doi:10.7281/T1PN93HH","Chinese residents in Japan"
"1062","doi:10.7281/T1PN93HH","foreign residents"
"1063","doi:10.7281/T1PN93HH","Koreans in Japan"
"1064","doi:10.7281/T1PN93HH","Ethiopians in Japan"
"1065","doi:10.7281/T1PN93HH","Bangladesh residents in Japan"
"1066","doi:10.7281/T1/VWR4GR","Mars"
"1067","doi:10.7281/T1/VWR4GR","atmosphere"
"1068","doi:10.7281/T1/VWR4GR","fluid dynamics"
"1069","doi:10.7281/T1/8VU7A2","thermoelectrics"
"1070","doi:10.7281/T1/8VU7A2","Seebeck coefficient"
"1071","doi:10.7281/T1/8VU7A2","power factor"
"1072","doi:10.7281/T1/8VU7A2","doping"
"1073","doi:10.7281/T1/8VU7A2","electron transport"
"1074","doi:10.7281/T1/WVEABK","marmoset"
"1075","doi:10.7281/T1/WVEABK","primate"
"1076","doi:10.7281/T1/WVEABK","hearing"
"1077","doi:10.7281/T1/WVEABK","vocalization"
"1078","doi:10.7281/T1/WVEABK","perception"
"1079","doi:10.7281/T1/WVEABK","categorical"
"1080","doi:10.7281/T1/WVEABK","perceptual magnet"
"1081","doi:10.7281/T1/OM3OMQ","watershed modeling"
"1082","doi:10.7281/T1/OM3OMQ","transit time distributions"
"1083","doi:10.7281/T1/OM3OMQ","climate change"
"1084","doi:10.7281/T1/NTWJAR","mosquito"
"1085","doi:10.7281/T1/NTWJAR","olfaction"
"1086","doi:10.7281/T1/NTWJAR","calcium-imaging"
"1087","doi:10.7281/T1/NTWJAR","neuroanatomy"
"1088","doi:10.7281/T1/NTWJAR","Anopheles"
"1089","doi:10.7281/T1/ORP47N","neuroscience"
"1090","doi:10.7281/T1/ORP47N","biomedical engineering"
"1091","doi:10.7281/T1/HRK27V","mushroom body output neuron"
"1092","doi:10.7281/T1/HRK27V","dendritic signal processing"
"1093","doi:10.7281/T1/HRK27V","neuronal output tuning"
"1094","doi:10.7281/T1/HRK27V","decision making"
"1095","doi:10.7281/T1/HRK27V","long term memory formation"
"1096","doi:10.7281/T1/HRK27V","Drosophila"
"1097","doi:10.7281/T1/7ELIJW","imaging informatics"
"1098","doi:10.7281/T1/7ELIJW","computer vision"
"1099","doi:10.7281/T1/7ELIJW","radiology"
"1100","doi:10.7281/T1/7ELIJW","human anatomy"
"1101","doi:10.7281/T1/7ELIJW","annotation"
"1102","doi:10.7281/T1/7ELIJW","computed tomography"
"1103","doi:10.7281/T1/7ELIJW","organ segmentation"
"1104","doi:10.7281/T1/7ELIJW","active learning"
"1105","doi:10.7281/T1/7ELIJW","artificial intelligence"
"1106","doi:10.7281/T1/P69KYX","Business"
"1107","doi:10.7281/T1/AUBBJD","global warming"
"1108","doi:10.7281/T1/AUBBJD","ocean biogeochemistry"
"1109","doi:10.7281/T1/AUBBJD","lateral mixing"
"1110","doi:10.7281/T1/AUBBJD","earth system model"
"1111","doi:10.7281/T1/AUBBJD","CM2Mc"
"1112","doi:10.7281/T1/AUBBJD","ESM2Mc"
"1113","doi:10.7281/T1/AUBBJD","climate change"
"1114","doi:10.7281/T1/C304HZ","2D/3D registration"
"1115","doi:10.7281/T1/C304HZ","X-ray navigation"
"1116","doi:10.7281/T1/C304HZ","image-guided surgery"
"1117","doi:10.7281/T1/C304HZ","orthopaedics"
"1118","doi:10.7281/T1/C304HZ","hip surgery"
"1119","doi:10.7281/T1/C304HZ","periacetabular osteotomy"
"1120","doi:10.7281/T1/C304HZ","fluoroscopy"
"1121","doi:10.7281/T1/C304HZ","computed tomography"
"1122","doi:10.7281/T1/C304HZ","computer integrated surgery"
"1123","doi:10.7281/T1/C304HZ","medical image analysis"
"1124","doi:10.7281/T1/U5GUV3","N-Heterocyclic carbenes"
"1125","doi:10.7281/T1/U5GUV3","monolayer self-assembly"
"1126","doi:10.7281/T1/U5GUV3","monolayer stability"
"1127","doi:10.7281/T1/U5GUV3","thiols"
"1128","doi:10.7281/T1/U5GUV3","voltammetry"
"1129","doi:10.7281/T1/U5GUV3","electrochemical sensors"
"1130","doi:10.7281/T1/U5GUV3","monolayer reorganization"
"1131","doi:10.7281/T1/U5GUV3","carbene salts"
"1132","doi:10.7281/T1/YQDI0F","South America"
"1133","doi:10.7281/T1/YQDI0F","climate"
"1134","doi:10.7281/T1/YQDI0F","hydrology"
"1135","doi:10.7281/T1/YQDI0F","Amazon"
"1136","doi:10.7281/T1/IHPXXR","aptamer"
"1137","doi:10.7281/T1/IHPXXR","biosensor"
"1138","doi:10.7281/T1/IHPXXR","electrochemistry"
"1139","doi:10.7281/T1/IHPXXR","nucleic acid based sensor"
"1140","doi:10.7281/T1/IHPXXR","biofluids"
"1141","doi:10.7281/T1/KWDKME","conjugated polymer"
"1142","doi:10.7281/T1/KWDKME","doping"
"1143","doi:10.7281/T1/KWDKME","Seebeck coefficient"
"1144","doi:10.7281/T1/KWDKME","hole conductivity"
"1145","doi:10.7281/T1/KWDKME","thermoelectrics"
"1146","doi:10.7281/T1/DX9DL8","active sensing"
"1147","doi:10.7281/T1/DX9DL8","weakly electric fish"
"1148","doi:10.7281/T1/DX9DL8","reafferent feedback"
"1149","doi:10.7281/T1/DX9DL8","sensory slip"
"1150","doi:10.7281/T1/DX9DL8","closed-loop control"
"1151","doi:10.7281/T1/OY2X8T","neuropilins"
"1152","doi:10.7281/T1/OY2X8T","neuropilin 2"
"1153","doi:10.7281/T1/OY2X8T","palmitoylation"
"1154","doi:10.7281/T1/OY2X8T","acyl-biotin exchange"
"1155","doi:10.7281/T1/OY2X8T","palmitoyl acyltransferases"
"1156","doi:10.7281/T1/OY2X8T","subcellular localization"
"1157","doi:10.7281/T1/OY2X8T","cortical neurons"
"1158","doi:10.7281/T1/VNEEJB","Mars"
"1159","doi:10.7281/T1/VNEEJB","Curiosity"
"1160","doi:10.7281/T1/CZDPSX","Head CT"
"1161","doi:10.7281/T1/CZDPSX","Stroke"
"1162","doi:10.7281/T1/CZDPSX","Intracerebral Hemorrhage"
"1163","doi:10.7281/T1/CZDPSX","Brain Extraction"
"1164","doi:10.7281/T1/CZDPSX","Neuroimaging"
"1165","doi:10.7281/T1/CZDPSX","Brain"
"1166","doi:10.7281/T1JW8BSS","migration"
"1167","doi:10.7281/T1JW8BSS","immigration"
"1168","doi:10.7281/T1JW8BSS","immigrant incorporation"
"1169","doi:10.7281/T1JW8BSS","citizenship"
"1170","doi:10.7281/T1JW8BSS","naturalization"
"1171","doi:10.7281/T1JW8BSS","multiculturalism"
"1172","doi:10.7281/T1JW8BSS","multicultural coexistence"
"1173","doi:10.7281/T1JW8BSS","multicultural families"
"1174","doi:10.7281/T1JW8BSS","discrimination"
"1175","doi:10.7281/T1JW8BSS","identity"
"1176","doi:10.7281/T1JW8BSS","political empowerment"
"1177","doi:10.7281/T1JW8BSS","migrant workers"
"1178","doi:10.7281/T1JW8BSS","foreign workers"
"1179","doi:10.7281/T1JW8BSS","marriage migration"
"1180","doi:10.7281/T1JW8BSS","marriage migrants"
"1181","doi:10.7281/T1JW8BSS","foreign residents"
"1182","doi:10.7281/T1JW8BSS","refugees"
"1183","doi:10.7281/T1JW8BSS","diversity"
"1184","doi:10.7281/T1JW8BSS","advocacy"
"1185","doi:10.7281/T1JW8BSS","Korea"
"1186","doi:10.7281/T1JW8BSS","East Asia"
"1187","doi:10.7281/T1JW8BSS","Filipinos in Korea"
"1188","doi:10.7281/T1JW8BSS","Zainichi Koreans"
"1189","doi:10.7281/T1JW8BSS","Nikkei Peruvians"
"1190","doi:10.7281/T1JW8BSS","Chinese workers in Korea"
"1191","doi:10.7281/T1JW8BSS","Joseonjok"
"1192","doi:10.7281/T1JW8BSS","ethnic Koreans from China"
"1193","doi:10.7281/T1JW8BSS","Korean Chinese"
"1194","doi:10.7281/T1JW8BSS","Vietnamese workers in Korea"
"1195","doi:10.7281/T1JW8BSS","Hwagyo"
"1196","doi:10.7281/T1JW8BSS","Mongolians in Korea"
"1197","doi:10.7281/T1JW8BSS","Burmese in Korea"
"1198","doi:10.7281/T1/QS3QFT","explore-exploit tradeoff"
"1199","doi:10.7281/T1/QS3QFT","mode switching"
"1200","doi:10.7281/T1/QS3QFT","broad-shouldered distribution"
"1201","doi:10.7281/T1/QS3QFT","sensorimotor control"
"1202","doi:10.7281/T1/QS3QFT","weakly electric fish"
"1203","doi:10.7281/T1/QS3QFT","animal locomotion"
"1204","doi:10.7281/T1/QS3QFT","active sensing"
"1205","doi:10.7281/T1/C4RVLS","otolith-ocular reflex"
"1206","doi:10.7281/T1/C4RVLS","saccule"
"1207","doi:10.7281/T1/C4RVLS","utricle"
"1208","doi:10.7281/T1/C4RVLS","vestibular implant"
"1209","doi:10.7281/T1/C4RVLS","vestibular"
"1210","doi:10.7281/T1/C4RVLS","chinchilla"
"1211","doi:10.7281/T1/C4RVLS","ototoxic"
"1212","doi:10.7281/T1/C4RVLS","gentamicin"
"1213","doi:10.7281/T1/YZKNJ6","object parsing"
"1214","doi:10.7281/T1/YZKNJ6","object part segmentation"
"1215","doi:10.7281/T1/YZKNJ6","domain adaptation"
"1216","doi:10.7281/T1/YZKNJ6","learning from synthetic"
"1217","doi:10.7281/T1/IVVFCM","mosquito"
"1218","doi:10.7281/T1/IVVFCM","olfaction"
"1219","doi:10.7281/T1/IVVFCM","semi-field"
"1220","doi:10.7281/T1/IVVFCM","behavioral preference"
"1221","doi:10.7281/T1/IVVFCM","volatilomics"
"1222","doi:10.7281/T1/XTJ1YP","hydrology"
"1223","doi:10.7281/T1/XTJ1YP","climate"
"1224","doi:10.7281/T1/XTJ1YP","land surface model"
"1225","doi:10.7281/T1/XTJ1YP","Ethiopia"
"1226","doi:10.7281/T1/1ECVB0","Sahel"
"1227","doi:10.7281/T1/1ECVB0","North Africa"
"1228","doi:10.7281/T1/1ECVB0","atmospheric modeling"
"1229","doi:10.7281/T1/1ECVB0","dust"
"1230","doi:10.7281/T1/1ECVB0","climate feedbacks"
"1231","doi:10.7281/T1/BMATHH","spider"
"1232","doi:10.7281/T1/BMATHH","web"
"1233","doi:10.7281/T1/BMATHH","behavior"
"1234","doi:10.7281/T1/D06YVM","natural language processing"
"1235","doi:10.7281/T1/D06YVM","NLP"
"1236","doi:10.7281/T1/D06YVM","annotated Wikipedia"
"1237","doi:10.7281/T1/D06YVM","syntax"
"1238","doi:10.7281/T1/D06YVM","semantics"
"1239","doi:10.7281/T1/CUEL0W","Synthetic biology"
"1240","doi:10.7281/T1/CUEL0W","Cell surface engineering"
"1241","doi:10.7281/T1/CUEL0W","DNA nanotechnology"
"1242","doi:10.7281/T1/CUEL0W","DNA nanotubes"
"1243","doi:10.7281/T1/UBSZF1","DNA computing"
"1244","doi:10.7281/T1/UBSZF1","in vitro transcription"
"1245","doi:10.7281/T1/A9NKJ7","Chemical engineering"
"1246","doi:10.7281/T1/A9NKJ7","DNA nanotechnology"
"1247","doi:10.7281/T1/A9NKJ7","DNA computing"
"1248","doi:10.7281/T1/A9NKJ7","crystal growth"
"1249","doi:10.7281/T1/A9NKJ7","DNA nanotubes"
"1250","doi:10.7281/T1/HWU9TZ","subduction zone fluid"
"1251","doi:10.7281/T1/HWU9TZ","aqueous speciation"
"1252","doi:10.7281/T1/HWU9TZ","sulfur"
"1253","doi:10.7281/T1/HWU9TZ","oxidation state"
"1254","doi:10.7281/T1/CGBG4F","solar neighborhood"
"1255","doi:10.7281/T1/CGBG4F","stellar ages"
"1256","doi:10.7281/T1/SQJ7G0","seasonal forecast"
"1257","doi:10.7281/T1/SQJ7G0","South America"
"1258","doi:10.7281/T1/SQJ7G0","hydrology"
"1259","doi:10.7281/T1/SQJ7G0","land surface model"
"1260","doi:10.7281/T1/F5PD42","sensorimotor adaptation"
"1261","doi:10.7281/T1/F5PD42","motor learning"
"1262","doi:10.7281/T1/F5PD42","control theory"
"1263","doi:10.7281/T1/XFNORD","ophiolite"
"1264","doi:10.7281/T1/XFNORD","subduction"
"1265","doi:10.7281/T1/XFNORD","iapetus"
"1266","doi:10.7281/T1/XFNORD","Caledonides"
"1267","doi:10.7281/T1/XFNORD","Norway"
"1268","doi:10.7281/T1/XFNORD","geochemistry"
"1269","doi:10.7281/T1/XFNORD","geochronology"
"1270","doi:10.7281/T1/XFNORD","tectonics"
"1271","doi:10.7281/T1/AOTRD6","iron oxide nanoparticles"
"1272","doi:10.7281/T1/AOTRD6","bionized nanoferrite nanoparticles"
"1273","doi:10.7281/T1/AOTRD6","dendritic cell activation"
"1274","doi:10.7281/T1/0HWVS1","magnetic nanoparticles"
"1275","doi:10.7281/T1/0HWVS1","magnetic particle imaging"
"1276","doi:10.7281/T1/0HWVS1","magnetic hyperthermia"
"1277","doi:10.7281/T1/0HWVS1","image guidance"
"1278","doi:10.7281/T1/0HWVS1","finite element analysis"
"1279","doi:10.7281/T1/GTUUUG","Huntington’s Disease"
"1280","doi:10.7281/T1/GTUUUG","repeat expansion disease"
"1281","doi:10.7281/T1/GTUUUG","CAG repeats"
"1282","doi:10.7281/T1/GTUUUG","optical trap force spectroscopy"
"1283","doi:10.7281/T1/GTUUUG","single molecule RNA folding"
"1284","doi:10.7281/T1/IRL0IE","DNA nanotechnology"
"1285","doi:10.7281/T1/IRL0IE","RNA nanotechnology"
"1286","doi:10.7281/T1/IRL0IE","biosensor"
"1287","doi:10.7281/T1/IRL0IE","synthetic biology"
"1288","doi:10.7281/T1/IRL0IE","systems chemistry"
"1289","doi:10.7281/T1/JDHWJN","ribozyme"
"1290","doi:10.7281/T1/JDHWJN","RNA fitness landscape"
"1291","doi:10.7281/T1/JDHWJN","molecular dynamics simulations"
"1292","doi:10.7281/T1/JDHWJN","RNA folding"
"1293","doi:10.7281/T1/VEORXP","ribbon synapses"
"1294","doi:10.7281/T1/VEORXP","regeneration"
"1295","doi:10.7281/T1/VEORXP","synaptic currents"
"1296","doi:10.7281/T1/VEORXP","optogenetics"
"1297","doi:10.7281/T1/VEORXP","type-i spiral ganglion neurons"
"1298","doi:10.7281/T1/VEORXP","hair cells"
"1299","doi:10.7281/T1/IZMSNX","self-diffusion"
"1300","doi:10.7281/T1/IZMSNX","colloids"
"1301","doi:10.7281/T1/IZMSNX","Brownian dynamics"
"1302","doi:10.7281/T1/IZMSNX","curvature"
"1303","doi:10.7281/T1/IZMSNX","topological defects"
"1304","doi:10.7281/T1/WYN7FI","bioinspired materials"
"1305","doi:10.7281/T1/WYN7FI","digital materials"
"1306","doi:10.7281/T1/WYN7FI","DNA nanotechnology"
"1307","doi:10.7281/T1/WYN7FI","soft robotics"
"1308","doi:10.7281/T1/V4BATB","synthetic cellular networks"
"1309","doi:10.7281/T1/V4BATB","cellular broadcast range"
"1310","doi:10.7281/T1/V4BATB","range-limited communication"
"1311","doi:10.7281/T1/V4BATB","α-factor"
"1312","doi:10.7281/T1/V4BATB","bar1"
"1313","doi:10.7281/T1/V4BATB","multicellular circuits"
"1314","doi:10.7281/T1/FPN6MI","H3N2 influenza"
"1315","doi:10.7281/T1/FPN6MI","human surveillance"
"1316","doi:10.7281/T1/FPN6MI","virus reassortment"
"1317","doi:10.7281/T1/OTISGL","pollinators"
"1318","doi:10.7281/T1/OTISGL","survival analysis"
"1319","doi:10.7281/T1/OTISGL","time-to-event analysis"
"1320","doi:10.7281/T1/OTISGL","pollinator monitoring"
"1321","doi:10.7281/T1/OTISGL","insect camera trap"
"1322","doi:10.7281/T1/THLC8N","place cells"
"1323","doi:10.7281/T1/THLC8N","optic flow"
"1324","doi:10.7281/T1/THLC8N","path integration"
"1325","doi:10.7281/T1/THLC8N","hippocampus"
"1326","doi:10.7281/T1/THLC8N","closed-loop neural control"
"1327","doi:10.7281/T1/THLC8N","Long-Evans Rodent"
"1328","doi:10.7281/T1/XOL4BR","chatbots"
"1329","doi:10.7281/T1/XOL4BR","language learning"
"1330","doi:10.7281/T1/XOL4BR","meta-analysis"
"1331","doi:10.7281/T1/XOL4BR","artificial intelligence"
"1332","doi:10.7281/T1/XOL4BR","ChatGPT"
"1333","doi:10.7281/T1/KOTDPY","global water cycle"
"1334","doi:10.7281/T1/KOTDPY","nonstationarity"
"1335","doi:10.7281/T1/KOTDPY","anthropogenic impacts"
"1336","doi:10.7281/T1/KOTDPY","Earth system model"
"1337","doi:10.7281/T1/KOTDPY","data assimilation"
"1338","doi:10.7281/T1/RE5GOK","monolayer"
"1339","doi:10.7281/T1/RE5GOK","carbene"
"1340","doi:10.7281/T1/RE5GOK","voltammetry"
"1341","doi:10.7281/T1/RE5GOK","stability"
"1342","doi:10.7281/T1/RDLYMJ","COVID-19"
"1343","doi:10.7281/T1/RDLYMJ","SARS-CoV-2"
"1344","doi:10.7281/T1/RDLYMJ","human nasal epithelial cells"
"1345","doi:10.7281/T1/RDLYMJ","immunocompromised"
"1346","doi:10.7281/T1/RDLYMJ","persistent infection"
